Workbook
Name Excel_BuiltIn__FilterDatabase: Üldinfo!$A$1:$BB$153

Sheet Üldinfo
F1: Ülalõug | X1: Alalõug
A2: Täida | F2: Parem | O2: Vasak | X2: Parem | AF2: Vasak | AN2: Kontroll (automaatne) | AU2: Kas esineb: tühi=ei; 1=jah | BB2: 0 kuni 6 (autom.)
A3: Nr | B3: Sugu | C3: Vanus | D3: Vanuserühm | E3: Hambaid (1/0) | F3: M4 | G3: M3 | H3: M2 | I3: M1 | J3: PM2 | K3: PM1 | L3: C | M3: I2 | N3: I1 | O3: I1 | P3: I2 | Q3: C | R3: PM1 | S3: PM2 | T3: M1 | U3: M2 | V3: M3 | W3: M4 | X3: M3 | Y3: M2 | Z3: M1 | AA3: PM2 | AB3: PM1 | AC3: C | AD3: I2 | AE3: I1 | AF3: I1 | AG3: I2 | AH3: C | AI3: PM1 | AJ3: PM2 | AK3: M1 | AL3: M2 | AM3: M3 | AN3: Säilinud | AO3: AM | AP3: PM | AQ3: Lõikunud | AR3: Lõikumata | AS3: KOKKU | AT3: ? = NA | AU3: Kas? | AV3: DC | AW3: Kaaries | AX3: DEH | AY3: PA | AZ3: AM | BA3: RED | BB3: Mitu pat. esineb | BD3: Muu | BE3: PH | BF3: JH
A4: 1 | B4: Mees | C4: 40-50 a | D4: Maturus/Senilis | E4: 1 | X4: pm | Y4: 1 | AM4: pm | AN4: =COUNTIF(F4:AM4,"1") -> 1 | AO4: =COUNTIF(F4:AM4,"am") -> 0 | AP4: =COUNTIF(F4:AM4,"pm") -> 2 | AQ4: =SUM((COUNTIF(F4:AM4,"1"))+(COUNTIF(F4:AM4,"am"))+(COUNTIF(F4:AM4,"pm"))) -> 3 | AR4: =COUNTIF(F4:AM4,"x") -> 0 | AS4: =SUM(AQ4:AR4) -> 3 | AT4: =COUNTIF(F4:AM4,"NA") -> 0 | AU4: 1 | AW4: 1 | AY4: 1 | BB4: =SUM(AV4:BA4) -> 2 | BF4: 1 | BG4: =SUM(BE4:BF4) -> 1
A5: 2 | B5: Naine | C5: 35-45 a | D5: Maturus | E5: 1 | V5: 1 | X5: 1 | Y5: 1 | Z5: am | AA5: 1 | AB5: 1 | AC5: 1 | AD5: pm | AE5: pm | AF5: pm | AG5: pm | AH5: pm | AI5: pm | AJ5: pm | AK5: pm | AL5: 1 | AM5: 1 | AN5: =COUNTIF(F5:AM5,"1") -> 8 | AO5: =COUNTIF(F5:AM5,"am") -> 1 | AP5: =COUNTIF(F5:AM5,"pm") -> 8 | AQ5: =SUM((COUNTIF(F5:AM5,"1"))+(COUNTIF(F5:AM5,"am"))+(COUNTIF(F5:AM5,"pm"))) -> 17 | AR5: =COUNTIF(F5:AM5,"x") -> 0 | AS5: =SUM(AQ5:AR5) -> 17 | AT5: =COUNTIF(F5:AM5,"NA") -> 0 | AU5: 1 | AV5: 1 | AW5: 1 | AZ5: 1 | BA5: 1 | BB5: =SUM(AV5:BA5) -> 4 | BD5: Alalõualuu p PM2 on lõikunud viltu (gen eripära) | BF5: 8 | BG5: =SUM(BE5:BF5) -> 8
A6: 3 | B6: Mees | C6: Täisk | D6: Täisk | E6: 0 | AN6: =COUNTIF(F6:AM6,"1") -> 0 | AO6: =COUNTIF(F6:AM6,"am") -> 0 | AP6: =COUNTIF(F6:AM6,"pm") -> 0 | AQ6: =SUM((COUNTIF(F6:AM6,"1"))+(COUNTIF(F6:AM6,"am"))+(COUNTIF(F6:AM6,"pm"))) -> 0 | AR6: =COUNTIF(F6:AM6,"x") -> 0 | AS6: =SUM(AQ6:AR6) -> 0 | AT6: =COUNTIF(F6:AM6,"NA") -> 0 | BB6: =SUM(AV6:BA6) -> 0 | BG6: =SUM(BE6:BF6) -> 0
A7: 4 | B7: Naine | C7: 18-20 a | D7: Adultus | E7: 1 | F7: X | G7: X | H7: 1 | I7: 1 | J7: 1 | K7: 1 | L7: 1 | M7: 1 | N7: 1 | O7: 1 | P7: 1 | Q7: 1 | R7: 1 | S7: 1 | T7: 1 | U7: 1 | V7: X | W7: X | X7: 1 | Y7: 1 | Z7: 1 | AA7: 1 | AB7: 1 | AC7: 1 | AD7: 1 | AE7: 1 | AF7: 1 | AG7: 1 | AH7: 1 | AI7: 1 | AJ7: 1 | AK7: 1 | AL7: 1 | AM7: 1 | AN7: =COUNTIF(F7:AM7,"1") -> 30 | AO7: =COUNTIF(F7:AM7,"am") -> 0 | AP7: =COUNTIF(F7:AM7,"pm") -> 0 | AQ7: =SUM((COUNTIF(F7:AM7,"1"))+(COUNTIF(F7:AM7,"am"))+(COUNTIF(F7:AM7,"pm"))) -> 30 | AR7: =COUNTIF(F7:AM7,"x") -> 4 | AS7: =SUM(AQ7:AR7) -> 34 | AT7: =COUNTIF(F7:AM7,"NA") -> 0 | AU7: 1 | AV7: 1 | AX7: 1 | BB7: =SUM(AV7:BA7) -> 2 | BD7: alumine p M3 on lõikunud vastu M2-e; alumine v C on lõikunud viltu; alumise V PM5 krooni emailist dist-külje o-oAlaealinest tükk väljas; ülemised M4 ei ole lõikunud | BF7: 30 | BG7: =SUM(BE7:BF7) -> 30
A8: 5 | B8: Naine | C8: 45+ a | D8: Senilis | E8: 1 | G8: pm | H8: pm | I8: 1 | J8: 1 | K8: 1 | L8: 1 | M8: 1 | N8: 1 | O8: 1 | P8: 1 | Q8: 1 | R8: 1 | S8: 1 | T8: am | U8: 1 | V8: am | Y8: 1 | Z8: pm | AA8: am | AB8: 1 | AC8: 1 | AD8: 1 | AE8: 1 | AF8: pm | AG8: pm | AH8: 1 | AI8: 1 | AJ8: am | AK8: am | AL8: 1 | AN8: =COUNTIF(F8:AM8,"1") -> 20 | AO8: =COUNTIF(F8:AM8,"am") -> 5 | AP8: =COUNTIF(F8:AM8,"pm") -> 5 | AQ8: =SUM((COUNTIF(F8:AM8,"1"))+(COUNTIF(F8:AM8,"am"))+(COUNTIF(F8:AM8,"pm"))) -> 30 | AR8: =COUNTIF(F8:AM8,"x") -> 0 | AS8: =SUM(AQ8:AR8) -> 30 | AT8: =COUNTIF(F8:AM8,"NA") -> 0 | AU8: 1 | AV8: 1 | AW8: 1 | AX8: 1 | AY8: 1 | AZ8: 1 | BA8: 1 | BB8: =SUM(AV8:BA8) -> 6 | BD8: alumise parema I1 o-pinnalt tükk väljas | BF8: 20 | BG8: =SUM(BE8:BF8) -> 20
A9: 6 | B9: Naine | C9: 40-50 a | D9: Maturus/Senilis | E9: 1 | G9: 1 | H9: 1 | L9: 1 | M9: 1 | V9: 1 | Y9: 1 | Z9: 1 | AA9: 1 | AB9: 1 | AC9: 1 | AD9: 1 | AE9: pm | AF9: 1 | AG9: 1 | AH9: 1 | AI9: 1 | AJ9: 1 | AK9: 1 | AL9: 1 | AN9: =COUNTIF(F9:AM9,"1") -> 18 | AO9: =COUNTIF(F9:AM9,"am") -> 0 | AP9: =COUNTIF(F9:AM9,"pm") -> 1 | AQ9: =SUM((COUNTIF(F9:AM9,"1"))+(COUNTIF(F9:AM9,"am"))+(COUNTIF(F9:AM9,"pm"))) -> 19 | AR9: =COUNTIF(F9:AM9,"x") -> 0 | AS9: =SUM(AQ9:AR9) -> 19 | AT9: =COUNTIF(F9:AM9,"NA") -> 0 | AU9: 1 | AV9: 1 | AW9: 1 | AY9: 1 | BB9: =SUM(AV9:BA9) -> 3 | BD9: alumise parema C ja vaAlaealineku I1 emaili o-pinnast tükid väljas | BF9: 18 | BG9: =SUM(BE9:BF9) -> 18
A10: 7 | B10: Alaealine | C10: 12-16 a | D10: Juvenilis 1 | E10: 1 | G10: X | H10: 1 | I10: 1 | J10: 1 | K10: 1 | L10: 1 | M10: X | N10: 1 | O10: 1 | P10: X | Q10: 1 | R10: 1 | S10: 1 | T10: 1 | U10: 1 | V10: X | Y10: 1 | Z10: 1 | AA10: 1 | AB10: 1 | AC10: 1 | AD10: 1 | AE10: 1 | AF10: 1 | AG10: 1 | AH10: 1 | AI10: 1 | AJ10: 1 | AK10: 1 | AL10: 1 | AN10: =COUNTIF(F10:AM10,"1") -> 26 | AO10: =COUNTIF(F10:AM10,"am") -> 0 | AP10: =COUNTIF(F10:AM10,"pm") -> 0 | AQ10: =SUM((COUNTIF(F10:AM10,"1"))+(COUNTIF(F10:AM10,"am"))+(COUNTIF(F10:AM10,"pm"))) -> 26 | AR10: =COUNTIF(F10:AM10,"x") -> 4 | AS10: =SUM(AQ10:AR10) -> 30 | AT10: =COUNTIF(F10:AM10,"NA") -> 0 | AU10: 1 | AV10: 1 | AW10: 1 | AX10: 1 | BB10: =SUM(AV10:BA10) -> 3 | BD10: 2I ja I2 olemasolu ei ole kindel | BF10: 26 | BG10: =SUM(BE10:BF10) -> 26
A11: 8 | B11: Mees | C11: 35-45 a | D11: Maturus | E11: 1 | G11: 1 | H11: 1 | I11: am | J11: 1 | K11: 1 | L11: 1 | M11: 1 | N11: 1 | O11: 1 | P11: 1 | Q11: 1 | R11: 1 | S11: 1 | T11: 1 | U11: 1 | V11: 1 | X11: 1 | Y11: 1 | Z11: 1 | AA11: 1 | AB11: 1 | AC11: 1 | AD11: 1 | AE11: 1 | AF11: 1 | AG11: 1 | AH11: 1 | AI11: 1 | AJ11: 1 | AK11: 1 | AL11: 1 | AM11: 1 | AN11: =COUNTIF(F11:AM11,"1") -> 31 | AO11: =COUNTIF(F11:AM11,"am") -> 1 | AP11: =COUNTIF(F11:AM11,"pm") -> 0 | AQ11: =SUM((COUNTIF(F11:AM11,"1"))+(COUNTIF(F11:AM11,"am"))+(COUNTIF(F11:AM11,"pm"))) -> 32 | AR11: =COUNTIF(F11:AM11,"x") -> 0 | AS11: =SUM(AQ11:AR11) -> 32 | AT11: =COUNTIF(F11:AM11,"NA") -> 0 | AU11: 1 | AV11: 1 | AW11: 1 | AX11: 1 | AY11: 1 | AZ11: 1 | BA11: 1 | BB11: =SUM(AV11:BA11) -> 6 | BF11: 31 | BG11: =SUM(BE11:BF11) -> 31
A12: 9 | B12: Mees | C12: 40-50 a | D12: Maturus/Senilis | E12: 1 | K12: pm | L12: 1 | M12: 1 | N12: 1 | O12: 1 | P12: pm | Q12: 1 | R12: 1 | S12: 1 | T12: am | U12: 1 | V12: 1 | AN12: =COUNTIF(F12:AM12,"1") -> 9 | AO12: =COUNTIF(F12:AM12,"am") -> 1 | AP12: =COUNTIF(F12:AM12,"pm") -> 2 | AQ12: =SUM((COUNTIF(F12:AM12,"1"))+(COUNTIF(F12:AM12,"am"))+(COUNTIF(F12:AM12,"pm"))) -> 12 | AR12: =COUNTIF(F12:AM12,"x") -> 0 | AS12: =SUM(AQ12:AR12) -> 12 | AT12: =COUNTIF(F12:AM12,"NA") -> 0 | AU12: 1 | AV12: 1 | AW12: 1 | AY12: 1 | AZ12: 1 | BB12: =SUM(AV12:BA12) -> 4 | BD12: Kõik ülalõualuu hambad on tugevasti kulunud | BF12: 9 | BG12: =SUM(BE12:BF12) -> 9
A13: 10 | B13: Mees | C13: 45+ a | D13: Senilis | E13: 1 | G13: 1 | H13: 1 | I13: am | J13: 1 | K13: am | L13: 1 | M13: 1 | N13: pm | O13: 1 | P13: 1 | Q13: 1 | R13: 1 | S13: am | T13: 1 | U13: 1 | V13: 1 | X13: NA | Y13: am | Z13: am | AA13: 1 | AB13: 1 | AC13: 1 | AD13: 1 | AE13: am | AF13: 1 | AG13: 1 | AH13: pm | AI13: 1 | AJ13: 1 | AK13: 1 | AL13: 1 | AM13: NA | AN13: =COUNTIF(F13:AM13,"1") -> 22 | AO13: =COUNTIF(F13:AM13,"am") -> 6 | AP13: =COUNTIF(F13:AM13,"pm") -> 2 | AQ13: =SUM((COUNTIF(F13:AM13,"1"))+(COUNTIF(F13:AM13,"am"))+(COUNTIF(F13:AM13,"pm"))) -> 30 | AR13: =COUNTIF(F13:AM13,"x") -> 0 | AS13: =SUM(AQ13:AR13) -> 30 | AT13: =COUNTIF(F13:AM13,"NA") -> 2 | AU13: 1 | AV13: 1 | AW13: 1 | AY13: 1 | AZ13: 1 | BA13: 1 | BB13: =SUM(AV13:BA13) -> 5 | BD13: Lõike-, silma ja esimesed eespurihambad olid tugevasti kulunud | BF13: 22 | BG13: =SUM(BE13:BF13) -> 22
A14: 11 | B14: Naine | C14: 40+ a | D14: Maturus/Senilis | E14: 0 | AN14: =COUNTIF(F14:AM14,"1") -> 0 | AO14: =COUNTIF(F14:AM14,"am") -> 0 | AP14: =COUNTIF(F14:AM14,"pm") -> 0 | AQ14: =SUM((COUNTIF(F14:AM14,"1"))+(COUNTIF(F14:AM14,"am"))+(COUNTIF(F14:AM14,"pm"))) -> 0 | AR14: =COUNTIF(F14:AM14,"x") -> 0 | AS14: =SUM(AQ14:AR14) -> 0 | AT14: =COUNTIF(F14:AM14,"NA") -> 0 | BB14: =SUM(AV14:BA14) -> 0 | BG14: =SUM(BE14:BF14) -> 0
A15: 12 | B15: Mees | C15: 18-19 a | D15: Adultus | E15: 0 | AN15: =COUNTIF(F15:AM15,"1") -> 0 | AO15: =COUNTIF(F15:AM15,"am") -> 0 | AP15: =COUNTIF(F15:AM15,"pm") -> 0 | AQ15: =SUM((COUNTIF(F15:AM15,"1"))+(COUNTIF(F15:AM15,"am"))+(COUNTIF(F15:AM15,"pm"))) -> 0 | AR15: =COUNTIF(F15:AM15,"x") -> 0 | AS15: =SUM(AQ15:AR15) -> 0 | AT15: =COUNTIF(F15:AM15,"NA") -> 0 | BB15: =SUM(AV15:BA15) -> 0 | BG15: =SUM(BE15:BF15) -> 0
A16: 13 | B16: Mees | C16: 25-35 a | D16: Adultus/Maturus | E16: 1 | G16: 1 | H16: 1 | I16: am | J16: pm | K16: pm | L16: 1 | M16: 1 | N16: pm | O16: pm | P16: pm | Q16: 1 | R16: 1 | S16: pm | T16: am | U16: 1 | V16: 1 | Y16: pm | Z16: am | AA16: pm | AB16: pm | AC16: pm | AD16: pm | AE16: pm | AF16: pm | AG16: pm | AK16: pm | AL16: pm | AN16: =COUNTIF(F16:AM16,"1") -> 8 | AO16: =COUNTIF(F16:AM16,"am") -> 3 | AP16: =COUNTIF(F16:AM16,"pm") -> 16 | AQ16: =SUM((COUNTIF(F16:AM16,"1"))+(COUNTIF(F16:AM16,"am"))+(COUNTIF(F16:AM16,"pm"))) -> 27 | AR16: =COUNTIF(F16:AM16,"x") -> 0 | AS16: =SUM(AQ16:AR16) -> 27 | AT16: =COUNTIF(F16:AM16,"NA") -> 0 | AU16: 1 | AV16: 1 | AW16: 1 | AX16: 1 | AZ16: 1 | BA16: 1 | BB16: =SUM(AV16:BA16) -> 5 | BD16: p I2 emailist o-pinnast tükid väljas | BF16: 8 | BG16: =SUM(BE16:BF16) -> 8
A17: 14 | B17: Naine | C17: 50+ a | D17: Senilis | E17: 1 | G17: 1 | H17: 1 | I17: am | J17: 1 | K17: 1 | L17: 1 | M17: pm | N17: 1 | O17: 1 | P17: 1 | Q17: 1 | R17: 1 | S17: am | T17: 1 | U17: am | V17: 1 | X17: NA | Y17: am | Z17: am | AA17: 1 | AB17: 1 | AC17: 1 | AD17: 1 | AE17: pm | AF17: 1 | AG17: 1 | AH17: 1 | AI17: 1 | AJ17: pm | AK17: am | AL17: am | AM17: NA | AN17: =COUNTIF(F17:AM17,"1") -> 20 | AO17: =COUNTIF(F17:AM17,"am") -> 7 | AP17: =COUNTIF(F17:AM17,"pm") -> 3 | AQ17: =SUM((COUNTIF(F17:AM17,"1"))+(COUNTIF(F17:AM17,"am"))+(COUNTIF(F17:AM17,"pm"))) -> 30 | AR17: =COUNTIF(F17:AM17,"x") -> 0 | AS17: =SUM(AQ17:AR17) -> 30 | AT17: =COUNTIF(F17:AM17,"NA") -> 2 | AU17: 1 | AV17: 1 | AW17: 1 | AY17: 1 | AZ17: 1 | BA17: 1 | BB17: =SUM(AV17:BA17) -> 5 | BD17: Ülalõualuu lõike-, silma- ja I eespurihammaste hambakroonid on juurteni kulunud | BF17: 20 | BG17: =SUM(BE17:BF17) -> 20
A18: 15 | B18: Mees | C18: 39-44 a | D18: Maturus | E18: 1 | H18: 1 | I18: pm | J18: X | K18: 1 | L18: 1 | M18: pm | N18: pm | O18: pm | P18: am | Q18: pm | R18: 1 | S18: 1 | T18: 1 | U18: pm | X18: NA | Y18: am | Z18: pm | AA18: 1 | AB18: 1 | AC18: 1 | AD18: 1 | AE18: 1 | AF18: 1 | AG18: 1 | AH18: 1 | AI18: 1 | AJ18: 1 | AK18: am | AL18: am | AM18: NA | AN18: =COUNTIF(F18:AM18,"1") -> 16 | AO18: =COUNTIF(F18:AM18,"am") -> 4 | AP18: =COUNTIF(F18:AM18,"pm") -> 7 | AQ18: =SUM((COUNTIF(F18:AM18,"1"))+(COUNTIF(F18:AM18,"am"))+(COUNTIF(F18:AM18,"pm"))) -> 27 | AR18: =COUNTIF(F18:AM18,"x") -> 1 | AS18: =SUM(AQ18:AR18) -> 28 | AT18: =COUNTIF(F18:AM18,"NA") -> 2 | AU18: 1 | AV18: 1 | AX18: 1 | AY18: 1 | AZ18: 1 | BA18: 1 | BB18: =SUM(AV18:BA18) -> 5 | BD18: 1I ja 2I emaili o-pinnast tükid väljast | BF18: 16 | BG18: =SUM(BE18:BF18) -> 16
A19: 16 | B19: Naine | C19: 25-35 a | D19: Adultus/Maturus | E19: 1 | H19: 1 | I19: 1 | J19: 1 | K19: 1 | L19: 1 | M19: 1 | N19: 1 | O19: 1 | P19: 1 | Q19: 1 | R19: 1 | S19: 1 | T19: 1 | U19: 1 | X19: 1 | Y19: 1 | Z19: pm | AA19: am | AB19: 1 | AC19: 1 | AD19: 1 | AE19: 1 | AF19: 1 | AG19: 1 | AH19: 1 | AI19: 1 | AJ19: 1 | AK19: 1 | AL19: 1 | AM19: 1 | AN19: =COUNTIF(F19:AM19,"1") -> 28 | AO19: =COUNTIF(F19:AM19,"am") -> 1 | AP19: =COUNTIF(F19:AM19,"pm") -> 1 | AQ19: =SUM((COUNTIF(F19:AM19,"1"))+(COUNTIF(F19:AM19,"am"))+(COUNTIF(F19:AM19,"pm"))) -> 30 | AR19: =COUNTIF(F19:AM19,"x") -> 0 | AS19: =SUM(AQ19:AR19) -> 30 | AT19: =COUNTIF(F19:AM19,"NA") -> 0 | AU19: 1 | AV19: 1 | AW19: 1 | AX19: 1 | AY19: 1 | AZ19: 1 | BB19: =SUM(AV19:BA19) -> 5 | BF19: 28 | BG19: =SUM(BE19:BF19) -> 28
A20: 17 | B20: Mees | C20: 25-35 a | D20: Adultus/Maturus | E20: 1 | G20: 1 | H20: 1 | I20: 1 | J20: 1 | K20: 1 | L20: 1 | M20: 1 | N20: 1 | O20: 1 | P20: 1 | Q20: 1 | R20: 1 | S20: 1 | T20: 1 | U20: 1 | V20: 1 | X20: 1 | Y20: 1 | Z20: 1 | AA20: 1 | AB20: 1 | AC20: 1 | AD20: 1 | AE20: 1 | AF20: 1 | AG20: 1 | AH20: 1 | AI20: 1 | AJ20: 1 | AK20: 1 | AL20: 1 | AM20: 1 | AN20: =COUNTIF(F20:AM20,"1") -> 32 | AO20: =COUNTIF(F20:AM20,"am") -> 0 | AP20: =COUNTIF(F20:AM20,"pm") -> 0 | AQ20: =SUM((COUNTIF(F20:AM20,"1"))+(COUNTIF(F20:AM20,"am"))+(COUNTIF(F20:AM20,"pm"))) -> 32 | AR20: =COUNTIF(F20:AM20,"x") -> 0 | AS20: =SUM(AQ20:AR20) -> 32 | AT20: =COUNTIF(F20:AM20,"NA") -> 0 | AU20: 1 | AV20: 1 | AW20: 1 | AX20: 1 | AY20: 1 | BB20: =SUM(AV20:BA20) -> 4 | BD20: P ja v I1 hambakrooni ant-med oAlaealinest tükk väljas. Kerge hambakivi. P I1 o pinnast tükid väljas. V I1 emailist tükid väljas. | BF20: 32 | BG20: =SUM(BE20:BF20) -> 32
A21: 18 | B21: Mees | C21: 44-50 a | D21: Maturus/Senilis | E21: 1 | G21: 1 | H21: 1 | I21: 1 | P21: 1 | Q21: 1 | R21: 1 | S21: 1 | T21: 1 | U21: 1 | X21: 1 | Y21: 1 | Z21: 1 | AA21: 1 | AB21: 1 | AC21: 1 | AD21: 1 | AE21: 1 | AF21: 1 | AG21: 1 | AH21: 1 | AI21: 1 | AJ21: 1 | AK21: 1 | AL21: 1 | AM21: 1 | AN21: =COUNTIF(F21:AM21,"1") -> 25 | AO21: =COUNTIF(F21:AM21,"am") -> 0 | AP21: =COUNTIF(F21:AM21,"pm") -> 0 | AQ21: =SUM((COUNTIF(F21:AM21,"1"))+(COUNTIF(F21:AM21,"am"))+(COUNTIF(F21:AM21,"pm"))) -> 25 | AR21: =COUNTIF(F21:AM21,"x") -> 0 | AS21: =SUM(AQ21:AR21) -> 25 | AT21: =COUNTIF(F21:AM21,"NA") -> 0 | AU21: 1 | AV21: 1 | AX21: 1 | BB21: =SUM(AV21:BA21) -> 2 | BF21: 25 | BG21: =SUM(BE21:BF21) -> 25
A22: 19 | B22: Mees ? | C22: 39-44 a | D22: Maturus | E22: 1 | G22: 1 | H22: 1 | I22: 1 | J22: 1 | K22: 1 | O22: pm | P22: pm | Q22: 1 | R22: 1 | S22: 1 | T22: 1 | U22: 1 | V22: 1 | Y22: 1 | Z22: 1 | AB22: 1 | AC22: 1 | AD22: 1 | AE22: 1 | AF22: 1 | AG22: 1 | AH22: 1 | AI22: 1 | AJ22: am | AK22: 1 | AL22: 1 | AN22: =COUNTIF(F22:AM22,"1") -> 23 | AO22: =COUNTIF(F22:AM22,"am") -> 1 | AP22: =COUNTIF(F22:AM22,"pm") -> 2 | AQ22: =SUM((COUNTIF(F22:AM22,"1"))+(COUNTIF(F22:AM22,"am"))+(COUNTIF(F22:AM22,"pm"))) -> 26 | AR22: =COUNTIF(F22:AM22,"x") -> 0 | AS22: =SUM(AQ22:AR22) -> 26 | AT22: =COUNTIF(F22:AM22,"NA") -> 0 | AU22: 1 | AV22: 1 | AW22: 1 | AZ22: 1 | BB22: =SUM(AV22:BA22) -> 3 | BD22: p PM2 ei ole olemas; p PM1 on viltu lõikunud | BF22: 23 | BG22: =SUM(BE22:BF22) -> 23
A23: 20 | B23: Mees | C23: 22-24 a | D23: Adultus | E23: 0 | AN23: =COUNTIF(F23:AM23,"1") -> 0 | AO23: =COUNTIF(F23:AM23,"am") -> 0 | AP23: =COUNTIF(F23:AM23,"pm") -> 0 | AQ23: =SUM((COUNTIF(F23:AM23,"1"))+(COUNTIF(F23:AM23,"am"))+(COUNTIF(F23:AM23,"pm"))) -> 0 | AR23: =COUNTIF(F23:AM23,"x") -> 0 | AS23: =SUM(AQ23:AR23) -> 0 | AT23: =COUNTIF(F23:AM23,"NA") -> 0 | BB23: =SUM(AV23:BA23) -> 0 | BG23: =SUM(BE23:BF23) -> 0
A24: 21 | B24: Naine | C24: 40+ a | D24: Maturus/Senilis | E24: 1 | G24: 1 | H24: 1 | I24: 1 | J24: 1 | K24: 1 | L24: 1 | M24: 1 | N24: 1 | O24: 1 | P24: 1 | Q24: 1 | R24: 1 | S24: 1 | T24: am | U24: 1 | V24: 1 | Y24: 1 | Z24: 1 | AA24: 1 | AB24: 1 | AC24: 1 | AD24: 1 | AE24: 1 | AF24: 1 | AG24: 1 | AH24: 1 | AI24: 1 | AJ24: 1 | AK24: 1 | AL24: 1 | AN24: =COUNTIF(F24:AM24,"1") -> 29 | AO24: =COUNTIF(F24:AM24,"am") -> 1 | AP24: =COUNTIF(F24:AM24,"pm") -> 0 | AQ24: =SUM((COUNTIF(F24:AM24,"1"))+(COUNTIF(F24:AM24,"am"))+(COUNTIF(F24:AM24,"pm"))) -> 30 | AR24: =COUNTIF(F24:AM24,"x") -> 0 | AS24: =SUM(AQ24:AR24) -> 30 | AT24: =COUNTIF(F24:AM24,"NA") -> 0 | AU24: 1 | AV24: 1 | AW24: 1 | AY24: 1 | AZ24: 1 | BA24: 1 | BB24: =SUM(AV24:BA24) -> 5 | BF24: 29 | BG24: =SUM(BE24:BF24) -> 29
A25: 22 | B25: Mees ? | C25: 25-35 a | D25: Adultus/Maturus | E25: 1 | G25: 1 | H25: 1 | I25: 1 | J25: 1 | K25: 1 | L25: 1 | M25: 1 | N25: 1 | O25: 1 | P25: 1 | Q25: 1 | R25: 1 | S25: 1 | T25: 1 | U25: 1 | V25: 1 | Y25: 1 | Z25: 1 | AA25: 1 | AB25: 1 | AC25: 1 | AD25: 1 | AE25: 1 | AF25: 1 | AG25: 1 | AH25: 1 | AI25: 1 | AJ25: 1 | AK25: 1 | AL25: 1 | AM25: 1 | AN25: =COUNTIF(F25:AM25,"1") -> 31 | AO25: =COUNTIF(F25:AM25,"am") -> 0 | AP25: =COUNTIF(F25:AM25,"pm") -> 0 | AQ25: =SUM((COUNTIF(F25:AM25,"1"))+(COUNTIF(F25:AM25,"am"))+(COUNTIF(F25:AM25,"pm"))) -> 31 | AR25: =COUNTIF(F25:AM25,"x") -> 0 | AS25: =SUM(AQ25:AR25) -> 31 | AT25: =COUNTIF(F25:AM25,"NA") -> 0 | AU25: 1 | AV25: 1 | AW25: 1 | AY25: 1 | BB25: =SUM(AV25:BA25) -> 3 | BD25: P I1, v I2 emailist o-pinnast tükid väljas | BF25: 31 | BG25: =SUM(BE25:BF25) -> 31
A26: 23 | B26: Mees | C26: 50+ a | D26: Senilis | E26: 1 | G26: 1 | H26: 1 | I26: 1 | J26: 1 | K26: 1 | L26: 1 | M26: 1 | N26: 1 | O26: 1 | P26: 1 | Q26: 1 | R26: 1 | S26: 1 | T26: 1 | U26: 1 | V26: pm | X26: 1 | Y26: 1 | Z26: 1 | AA26: 1 | AB26: 1 | AC26: 1 | AD26: 1 | AE26: 1 | AF26: 1 | AG26: 1 | AH26: 1 | AI26: 1 | AJ26: 1 | AK26: 1 | AL26: 1 | AN26: =COUNTIF(F26:AM26,"1") -> 30 | AO26: =COUNTIF(F26:AM26,"am") -> 0 | AP26: =COUNTIF(F26:AM26,"pm") -> 1 | AQ26: =SUM((COUNTIF(F26:AM26,"1"))+(COUNTIF(F26:AM26,"am"))+(COUNTIF(F26:AM26,"pm"))) -> 31 | AR26: =COUNTIF(F26:AM26,"x") -> 0 | AS26: =SUM(AQ26:AR26) -> 31 | AT26: =COUNTIF(F26:AM26,"NA") -> 0 | AU26: 1 | AV26: 1 | AW26: 1 | AX26: 1 | AY26: 1 | BA26: 1 | BB26: =SUM(AV26:BA26) -> 5 | BD26: P I2, C1, V I1, I2, C1 emaili o-pinnast tükid väljas | BF26: 30 | BG26: =SUM(BE26:BF26) -> 30
A27: 25 | B27: Naine ? | C27: Täisk | D27: Täisk | E27: 0 | AN27: =COUNTIF(F27:AM27,"1") -> 0 | AO27: =COUNTIF(F27:AM27,"am") -> 0 | AP27: =COUNTIF(F27:AM27,"pm") -> 0 | AQ27: =SUM((COUNTIF(F27:AM27,"1"))+(COUNTIF(F27:AM27,"am"))+(COUNTIF(F27:AM27,"pm"))) -> 0 | AR27: =COUNTIF(F27:AM27,"x") -> 0 | AS27: =SUM(AQ27:AR27) -> 0 | AT27: =COUNTIF(F27:AM27,"NA") -> 0 | BB27: =SUM(AV27:BA27) -> 0 | BG27: =SUM(BE27:BF27) -> 0
A28: 26 | B28: Alaealine | C28: 5-9 a | D28: Infans | E28: 0 | AN28: =COUNTIF(F28:AM28,"1") -> 0 | AO28: =COUNTIF(F28:AM28,"am") -> 0 | AP28: =COUNTIF(F28:AM28,"pm") -> 0 | AQ28: =SUM((COUNTIF(F28:AM28,"1"))+(COUNTIF(F28:AM28,"am"))+(COUNTIF(F28:AM28,"pm"))) -> 0 | AR28: =COUNTIF(F28:AM28,"x") -> 0 | AS28: =SUM(AQ28:AR28) -> 0 | AT28: =COUNTIF(F28:AM28,"NA") -> 0 | BB28: =SUM(AV28:BA28) -> 0 | BG28: =SUM(BE28:BF28) -> 0
A29: 27 | B29: Naine ? | C29: Täisk | D29: Täisk | E29: 0 | AN29: =COUNTIF(F29:AM29,"1") -> 0 | AO29: =COUNTIF(F29:AM29,"am") -> 0 | AP29: =COUNTIF(F29:AM29,"pm") -> 0 | AQ29: =SUM((COUNTIF(F29:AM29,"1"))+(COUNTIF(F29:AM29,"am"))+(COUNTIF(F29:AM29,"pm"))) -> 0 | AR29: =COUNTIF(F29:AM29,"x") -> 0 | AS29: =SUM(AQ29:AR29) -> 0 | AT29: =COUNTIF(F29:AM29,"NA") -> 0 | BB29: =SUM(AV29:BA29) -> 0 | BG29: =SUM(BE29:BF29) -> 0
A30: 28 | B30: Mees | C30: 18-19 a | D30: Adultus | E30: 1 | G30: 1 | H30: 1 | I30: 1 | J30: 1 | K30: 1 | L30: 1 | M30: 1 | N30: 1 | O30: 1 | P30: 1 | Q30: 1 | R30: 1 | S30: 1 | T30: 1 | U30: 1 | V30: 1 | X30: 1 | Y30: 1 | Z30: 1 | AA30: 1 | AB30: 1 | AC30: 1 | AD30: 1 | AE30: 1 | AF30: 1 | AG30: 1 | AH30: 1 | AI30: 1 | AJ30: 1 | AK30: 1 | AL30: 1 | AM30: 1 | AN30: =COUNTIF(F30:AM30,"1") -> 32 | AO30: =COUNTIF(F30:AM30,"am") -> 0 | AP30: =COUNTIF(F30:AM30,"pm") -> 0 | AQ30: =SUM((COUNTIF(F30:AM30,"1"))+(COUNTIF(F30:AM30,"am"))+(COUNTIF(F30:AM30,"pm"))) -> 32 | AR30: =COUNTIF(F30:AM30,"x") -> 0 | AS30: =SUM(AQ30:AR30) -> 32 | AT30: =COUNTIF(F30:AM30,"NA") -> 0 | AU30: 1 | AV30: 1 | AW30: 1 | AX30: 1 | AY30: 1 | BB30: =SUM(AV30:BA30) -> 4 | BF30: 32 | BG30: =SUM(BE30:BF30) -> 32
A31: 29 | B31: Naine ? | C31: Täisk | D31: Täisk | E31: 0 | AN31: =COUNTIF(F31:AM31,"1") -> 0 | AO31: =COUNTIF(F31:AM31,"am") -> 0 | AP31: =COUNTIF(F31:AM31,"pm") -> 0 | AQ31: =SUM((COUNTIF(F31:AM31,"1"))+(COUNTIF(F31:AM31,"am"))+(COUNTIF(F31:AM31,"pm"))) -> 0 | AR31: =COUNTIF(F31:AM31,"x") -> 0 | AS31: =SUM(AQ31:AR31) -> 0 | AT31: =COUNTIF(F31:AM31,"NA") -> 0 | BB31: =SUM(AV31:BA31) -> 0 | BG31: =SUM(BE31:BF31) -> 0
A32: 30 | B32: Mees | C32: 19-34 a | D32: Adultus | E32: 1 | G32: 1 | H32: 1 | I32: 1 | J32: 1 | K32: 1 | L32: 1 | M32: 1 | N32: 1 | O32: 1 | P32: 1 | Q32: 1 | R32: 1 | S32: 1 | T32: 1 | U32: 1 | V32: 1 | X32: 1 | Y32: 1 | Z32: 1 | AA32: 1 | AB32: 1 | AC32: 1 | AD32: 1 | AE32: 1 | AF32: pm | AG32: 1 | AH32: 1 | AI32: 1 | AJ32: 1 | AK32: 1 | AL32: 1 | AM32: 1 | AN32: =COUNTIF(F32:AM32,"1") -> 31 | AO32: =COUNTIF(F32:AM32,"am") -> 0 | AP32: =COUNTIF(F32:AM32,"pm") -> 1 | AQ32: =SUM((COUNTIF(F32:AM32,"1"))+(COUNTIF(F32:AM32,"am"))+(COUNTIF(F32:AM32,"pm"))) -> 32 | AR32: =COUNTIF(F32:AM32,"x") -> 0 | AS32: =SUM(AQ32:AR32) -> 32 | AT32: =COUNTIF(F32:AM32,"NA") -> 0 | AU32: 1 | AV32: 1 | AW32: 1 | AX32: 1 | AY32: 1 | BB32: =SUM(AV32:BA32) -> 4 | BD32: p I1, I2, v I1, I2 emailist o-pinnast tükk väljas; p M1, M2 emailist b-pinnal tükk väljas | BF32: 31 | BG32: =SUM(BE32:BF32) -> 31
A33: 31 | B33: Mees | C33: 39-44 a | D33: Maturus | E33: 1 | G33: 1 | H33: 1 | I33: 1 | J33: 1 | K33: 1 | L33: 1 | M33: 1 | N33: 1 | O33: 1 | P33: 1 | Q33: 1 | R33: 1 | S33: 1 | T33: 1 | U33: 1 | V33: 1 | X33: 1 | Y33: 1 | Z33: 1 | AA33: 1 | AB33: 1 | AC33: 1 | AD33: 1 | AE33: 1 | AF33: 1 | AG33: 1 | AH33: 1 | AI33: 1 | AJ33: 1 | AK33: 1 | AL33: 1 | AN33: =COUNTIF(F33:AM33,"1") -> 31 | AO33: =COUNTIF(F33:AM33,"am") -> 0 | AP33: =COUNTIF(F33:AM33,"pm") -> 0 | AQ33: =SUM((COUNTIF(F33:AM33,"1"))+(COUNTIF(F33:AM33,"am"))+(COUNTIF(F33:AM33,"pm"))) -> 31 | AR33: =COUNTIF(F33:AM33,"x") -> 0 | AS33: =SUM(AQ33:AR33) -> 31 | AT33: =COUNTIF(F33:AM33,"NA") -> 0 | AU33: 1 | AV33: 1 | AW33: 1 | AX33: 1 | AY33: 1 | BA33: 1 | BB33: =SUM(AV33:BA33) -> 5 | BD33: P PM2 asub C1 kohal, C1 asub PM1 kohal, PM1 asub PM2 kohal; p ja v C1 emailist o-pinnal tükid väljas | BF33: 31 | BG33: =SUM(BE33:BF33) -> 31
A34: 32 | B34: Alaealine | C34: 15-18 a | D34: Juvenilis 2 | E34: 0 | AN34: =COUNTIF(F34:AM34,"1") -> 0 | AO34: =COUNTIF(F34:AM34,"am") -> 0 | AP34: =COUNTIF(F34:AM34,"pm") -> 0 | AQ34: =SUM((COUNTIF(F34:AM34,"1"))+(COUNTIF(F34:AM34,"am"))+(COUNTIF(F34:AM34,"pm"))) -> 0 | AR34: =COUNTIF(F34:AM34,"x") -> 0 | AS34: =SUM(AQ34:AR34) -> 0 | AT34: =COUNTIF(F34:AM34,"NA") -> 0 | BB34: =SUM(AV34:BA34) -> 0 | BG34: =SUM(BE34:BF34) -> 0
A35: 33 | B35: Mees | C35: 40+ a | D35: Maturus/Senilis | E35: 0 | AN35: =COUNTIF(F35:AM35,"1") -> 0 | AO35: =COUNTIF(F35:AM35,"am") -> 0 | AP35: =COUNTIF(F35:AM35,"pm") -> 0 | AQ35: =SUM((COUNTIF(F35:AM35,"1"))+(COUNTIF(F35:AM35,"am"))+(COUNTIF(F35:AM35,"pm"))) -> 0 | AR35: =COUNTIF(F35:AM35,"x") -> 0 | AS35: =SUM(AQ35:AR35) -> 0 | AT35: =COUNTIF(F35:AM35,"NA") -> 0 | BB35: =SUM(AV35:BA35) -> 0 | BG35: =SUM(BE35:BF35) -> 0
A36: 34 | B36: Mees | C36: 39-44 a | D36: Maturus | E36: 0 | AN36: =COUNTIF(F36:AM36,"1") -> 0 | AO36: =COUNTIF(F36:AM36,"am") -> 0 | AP36: =COUNTIF(F36:AM36,"pm") -> 0 | AQ36: =SUM((COUNTIF(F36:AM36,"1"))+(COUNTIF(F36:AM36,"am"))+(COUNTIF(F36:AM36,"pm"))) -> 0 | AR36: =COUNTIF(F36:AM36,"x") -> 0 | AS36: =SUM(AQ36:AR36) -> 0 | AT36: =COUNTIF(F36:AM36,"NA") -> 0 | BB36: =SUM(AV36:BA36) -> 0 | BG36: =SUM(BE36:BF36) -> 0
A37: 35 | B37: Alaealine | C37: 5 a ± 16 k | D37: Infans | E37: 1 | H37: X | I37: 1 | J37: 1 | K37: 1 | L37: 1 | M37: 1 | N37: pm | O37: pm | P37: pm | Q37: pm | R37: 1 | S37: 1 | T37: 1 | U37: X | Y37: X | Z37: 1 | AA37: 1 | AB37: 1 | AC37: 1 | AD37: 1 | AE37: pm | AF37: pm | AG37: 1 | AH37: pm | AI37: 1 | AJ37: 1 | AK37: 1 | AL37: X | AN37: =COUNTIF(F37:AM37,"1") -> 17 | AO37: =COUNTIF(F37:AM37,"am") -> 0 | AP37: =COUNTIF(F37:AM37,"pm") -> 7 | AQ37: =SUM((COUNTIF(F37:AM37,"1"))+(COUNTIF(F37:AM37,"am"))+(COUNTIF(F37:AM37,"pm"))) -> 24 | AR37: =COUNTIF(F37:AM37,"x") -> 4 | AS37: =SUM(AQ37:AR37) -> 28 | AT37: =COUNTIF(F37:AM37,"NA") -> 0 | AU37: 1 | AV37: 1 | BB37: =SUM(AV37:BA37) -> 1 | BE37: 13 | BF37: 4 | BG37: =SUM(BE37:BF37) -> 17
A38: 36 | B38: Mees | C38: 44-50 a | D38: Maturus/Senilis | E38: 0 | AN38: =COUNTIF(F38:AM38,"1") -> 0 | AO38: =COUNTIF(F38:AM38,"am") -> 0 | AP38: =COUNTIF(F38:AM38,"pm") -> 0 | AQ38: =SUM((COUNTIF(F38:AM38,"1"))+(COUNTIF(F38:AM38,"am"))+(COUNTIF(F38:AM38,"pm"))) -> 0 | AR38: =COUNTIF(F38:AM38,"x") -> 0 | AS38: =SUM(AQ38:AR38) -> 0 | AT38: =COUNTIF(F38:AM38,"NA") -> 0 | BB38: =SUM(AV38:BA38) -> 0 | BG38: =SUM(BE38:BF38) -> 0
A39: 37 | B39: Naine | C39: 39-44 a | D39: Maturus | E39: 0 | AN39: =COUNTIF(F39:AM39,"1") -> 0 | AO39: =COUNTIF(F39:AM39,"am") -> 0 | AP39: =COUNTIF(F39:AM39,"pm") -> 0 | AQ39: =SUM((COUNTIF(F39:AM39,"1"))+(COUNTIF(F39:AM39,"am"))+(COUNTIF(F39:AM39,"pm"))) -> 0 | AR39: =COUNTIF(F39:AM39,"x") -> 0 | AS39: =SUM(AQ39:AR39) -> 0 | AT39: =COUNTIF(F39:AM39,"NA") -> 0 | BB39: =SUM(AV39:BA39) -> 0 | BG39: =SUM(BE39:BF39) -> 0
A40: 38 | B40: Naine | C40: 25-40 a | D40: Adultus/Maturus | E40: 0 | AN40: =COUNTIF(F40:AM40,"1") -> 0 | AO40: =COUNTIF(F40:AM40,"am") -> 0 | AP40: =COUNTIF(F40:AM40,"pm") -> 0 | AQ40: =SUM((COUNTIF(F40:AM40,"1"))+(COUNTIF(F40:AM40,"am"))+(COUNTIF(F40:AM40,"pm"))) -> 0 | AR40: =COUNTIF(F40:AM40,"x") -> 0 | AS40: =SUM(AQ40:AR40) -> 0 | AT40: =COUNTIF(F40:AM40,"NA") -> 0 | BB40: =SUM(AV40:BA40) -> 0 | BG40: =SUM(BE40:BF40) -> 0
A41: 39 | B41: Mees ? | C41: 44-50 a | D41: Maturus/Senilis | E41: 0 | AN41: =COUNTIF(F41:AM41,"1") -> 0 | AO41: =COUNTIF(F41:AM41,"am") -> 0 | AP41: =COUNTIF(F41:AM41,"pm") -> 0 | AQ41: =SUM((COUNTIF(F41:AM41,"1"))+(COUNTIF(F41:AM41,"am"))+(COUNTIF(F41:AM41,"pm"))) -> 0 | AR41: =COUNTIF(F41:AM41,"x") -> 0 | AS41: =SUM(AQ41:AR41) -> 0 | AT41: =COUNTIF(F41:AM41,"NA") -> 0 | BB41: =SUM(AV41:BA41) -> 0 | BG41: =SUM(BE41:BF41) -> 0
A42: 40 | B42: Naine | C42: 40+ a | D42: Maturus/Senilis | E42: 0 | AN42: =COUNTIF(F42:AM42,"1") -> 0 | AO42: =COUNTIF(F42:AM42,"am") -> 0 | AP42: =COUNTIF(F42:AM42,"pm") -> 0 | AQ42: =SUM((COUNTIF(F42:AM42,"1"))+(COUNTIF(F42:AM42,"am"))+(COUNTIF(F42:AM42,"pm"))) -> 0 | AR42: =COUNTIF(F42:AM42,"x") -> 0 | AS42: =SUM(AQ42:AR42) -> 0 | AT42: =COUNTIF(F42:AM42,"NA") -> 0 | BB42: =SUM(AV42:BA42) -> 0 | BG42: =SUM(BE42:BF42) -> 0
A43: 42 | B43: Mees | C43: 25-35 a | D43: Adultus/Maturus | E43: 1 | H43: 1 | I43: 1 | J43: 1 | K43: 1 | L43: 1 | M43: 1 | N43: 1 | O43: 1 | P43: 1 | Q43: 1 | R43: 1 | S43: 1 | T43: 1 | U43: 1 | Y43: 1 | Z43: 1 | AA43: 1 | AB43: 1 | AC43: 1 | AD43: 1 | AE43: 1 | AF43: 1 | AG43: 1 | AH43: 1 | AI43: 1 | AJ43: 1 | AK43: 1 | AL43: 1 | AN43: =COUNTIF(F43:AM43,"1") -> 28 | AO43: =COUNTIF(F43:AM43,"am") -> 0 | AP43: =COUNTIF(F43:AM43,"pm") -> 0 | AQ43: =SUM((COUNTIF(F43:AM43,"1"))+(COUNTIF(F43:AM43,"am"))+(COUNTIF(F43:AM43,"pm"))) -> 28 | AR43: =COUNTIF(F43:AM43,"x") -> 0 | AS43: =SUM(AQ43:AR43) -> 28 | AT43: =COUNTIF(F43:AM43,"NA") -> 0 | AU43: 1 | AV43: 1 | AX43: 1 | BA43: 1 | BB43: =SUM(AV43:BA43) -> 3 | BD43: P I1, v I2 emailist o-pinnast tükk väljas | BF43: 28 | BG43: =SUM(BE43:BF43) -> 28
A44: 42a | B44: Alaealine | C44: ? | D44: Alaealine | E44: 0 | AN44: =COUNTIF(F44:AM44,"1") -> 0 | AO44: =COUNTIF(F44:AM44,"am") -> 0 | AP44: =COUNTIF(F44:AM44,"pm") -> 0 | AQ44: =SUM((COUNTIF(F44:AM44,"1"))+(COUNTIF(F44:AM44,"am"))+(COUNTIF(F44:AM44,"pm"))) -> 0 | AR44: =COUNTIF(F44:AM44,"x") -> 0 | AS44: =SUM(AQ44:AR44) -> 0 | AT44: =COUNTIF(F44:AM44,"NA") -> 0 | BB44: =SUM(AV44:BA44) -> 0 | BG44: =SUM(BE44:BF44) -> 0
A45: 43 | B45: Mees | C45: 18-19 a | D45: Adultus | E45: 1 | G45: X | H45: 1 | I45: 1 | J45: 1 | K45: 1 | L45: 1 | M45: 1 | N45: 1 | O45: 1 | P45: 1 | Q45: 1 | R45: 1 | S45: 1 | T45: 1 | U45: 1 | V45: X | X45: X | Y45: 1 | Z45: 1 | AA45: 1 | AB45: 1 | AC45: 1 | AD45: 1 | AE45: 1 | AF45: 1 | AG45: 1 | AH45: 1 | AI45: 1 | AJ45: 1 | AK45: 1 | AL45: 1 | AN45: =COUNTIF(F45:AM45,"1") -> 28 | AO45: =COUNTIF(F45:AM45,"am") -> 0 | AP45: =COUNTIF(F45:AM45,"pm") -> 0 | AQ45: =SUM((COUNTIF(F45:AM45,"1"))+(COUNTIF(F45:AM45,"am"))+(COUNTIF(F45:AM45,"pm"))) -> 28 | AR45: =COUNTIF(F45:AM45,"x") -> 3 | AS45: =SUM(AQ45:AR45) -> 31 | AT45: =COUNTIF(F45:AM45,"NA") -> 0 | AU45: 1 | AV45: 1 | AX45: 1 | BB45: =SUM(AV45:BA45) -> 2 | BF45: 28 | BG45: =SUM(BE45:BF45) -> 28
A46: 44 | B46: Alaealine | C46: 4-8 a | D46: Infans | E46: 0 | AN46: =COUNTIF(F46:AM46,"1") -> 0 | AO46: =COUNTIF(F46:AM46,"am") -> 0 | AP46: =COUNTIF(F46:AM46,"pm") -> 0 | AQ46: =SUM((COUNTIF(F46:AM46,"1"))+(COUNTIF(F46:AM46,"am"))+(COUNTIF(F46:AM46,"pm"))) -> 0 | AR46: =COUNTIF(F46:AM46,"x") -> 0 | AS46: =SUM(AQ46:AR46) -> 0 | AT46: =COUNTIF(F46:AM46,"NA") -> 0 | BB46: =SUM(AV46:BA46) -> 0 | BG46: =SUM(BE46:BF46) -> 0
A47: 45 | B47: Alaealine | C47: 3-9 k | D47: Neonate | E47: 0 | AN47: =COUNTIF(F47:AM47,"1") -> 0 | AO47: =COUNTIF(F47:AM47,"am") -> 0 | AP47: =COUNTIF(F47:AM47,"pm") -> 0 | AQ47: =SUM((COUNTIF(F47:AM47,"1"))+(COUNTIF(F47:AM47,"am"))+(COUNTIF(F47:AM47,"pm"))) -> 0 | AR47: =COUNTIF(F47:AM47,"x") -> 0 | AS47: =SUM(AQ47:AR47) -> 0 | AT47: =COUNTIF(F47:AM47,"NA") -> 0 | BB47: =SUM(AV47:BA47) -> 0 | BG47: =SUM(BE47:BF47) -> 0
A48: 46 | B48: Mees | C48: 25-26 a | D48: Adultus | E48: 0 | AN48: =COUNTIF(F48:AM48,"1") -> 0 | AO48: =COUNTIF(F48:AM48,"am") -> 0 | AP48: =COUNTIF(F48:AM48,"pm") -> 0 | AQ48: =SUM((COUNTIF(F48:AM48,"1"))+(COUNTIF(F48:AM48,"am"))+(COUNTIF(F48:AM48,"pm"))) -> 0 | AR48: =COUNTIF(F48:AM48,"x") -> 0 | AS48: =SUM(AQ48:AR48) -> 0 | AT48: =COUNTIF(F48:AM48,"NA") -> 0 | BB48: =SUM(AV48:BA48) -> 0 | BG48: =SUM(BE48:BF48) -> 0
A49: 47 | B49: Mees | C49: 18-20 a | D49: Adultus | E49: 1 | G49: X | H49: 1 | I49: 1 | J49: 1 | K49: 1 | L49: 1 | M49: 1 | N49: 1 | O49: pm | P49: 1 | Q49: 1 | R49: 1 | S49: 1 | T49: 1 | U49: 1 | V49: X | X49: 1 | Y49: 1 | Z49: 1 | AA49: 1 | AB49: 1 | AC49: 1 | AD49: 1 | AE49: 1 | AF49: 1 | AG49: 1 | AH49: 1 | AI49: 1 | AJ49: 1 | AK49: 1 | AL49: 1 | AM49: 1 | AN49: =COUNTIF(F49:AM49,"1") -> 29 | AO49: =COUNTIF(F49:AM49,"am") -> 0 | AP49: =COUNTIF(F49:AM49,"pm") -> 1 | AQ49: =SUM((COUNTIF(F49:AM49,"1"))+(COUNTIF(F49:AM49,"am"))+(COUNTIF(F49:AM49,"pm"))) -> 30 | AR49: =COUNTIF(F49:AM49,"x") -> 2 | AS49: =SUM(AQ49:AR49) -> 32 | AT49: =COUNTIF(F49:AM49,"NA") -> 0 | AU49: 1 | AV49: 1 | AX49: 1 | BB49: =SUM(AV49:BA49) -> 2 | BD49: P I1 emailist tükid väljas | BF49: 29 | BG49: =SUM(BE49:BF49) -> 29
A50: 48 | B50: Mees | C50: 25-35 a | D50: Adultus/Maturus | E50: 1 | G50: 1 | H50: 1 | I50: 1 | J50: 1 | K50: 1 | L50: 1 | M50: 1 | N50: 1 | O50: am | P50: 1 | Q50: 1 | R50: 1 | S50: 1 | T50: 1 | U50: 1 | V50: 1 | X50: 1 | Y50: 1 | Z50: 1 | AA50: 1 | AB50: 1 | AC50: 1 | AD50: 1 | AE50: 1 | AF50: 1 | AG50: 1 | AH50: 1 | AI50: 1 | AJ50: 1 | AK50: 1 | AL50: 1 | AM50: 1 | AN50: =COUNTIF(F50:AM50,"1") -> 31 | AO50: =COUNTIF(F50:AM50,"am") -> 1 | AP50: =COUNTIF(F50:AM50,"pm") -> 0 | AQ50: =SUM((COUNTIF(F50:AM50,"1"))+(COUNTIF(F50:AM50,"am"))+(COUNTIF(F50:AM50,"pm"))) -> 32 | AR50: =COUNTIF(F50:AM50,"x") -> 0 | AS50: =SUM(AQ50:AR50) -> 32 | AT50: =COUNTIF(F50:AM50,"NA") -> 0 | AU50: 1 | AV50: 1 | AZ50: 1 | BB50: =SUM(AV50:BA50) -> 2 | BD50: P I1, I2, C1, PM1 ja v I2 la ja o küljel tükid kroonist väljas. V M2 ja M3 emailist tükid väljas | BF50: 31 | BG50: =SUM(BE50:BF50) -> 31
A51: 49 | B51: Mees | C51: 18-20 a | D51: Adultus | E51: 1 | AK51: 1 | AL51: 1 | AN51: =COUNTIF(F51:AM51,"1") -> 2 | AO51: =COUNTIF(F51:AM51,"am") -> 0 | AP51: =COUNTIF(F51:AM51,"pm") -> 0 | AQ51: =SUM((COUNTIF(F51:AM51,"1"))+(COUNTIF(F51:AM51,"am"))+(COUNTIF(F51:AM51,"pm"))) -> 2 | AR51: =COUNTIF(F51:AM51,"x") -> 0 | AS51: =SUM(AQ51:AR51) -> 2 | AT51: =COUNTIF(F51:AM51,"NA") -> 0 | AU51: 1 | AW51: 1 | BB51: =SUM(AV51:BA51) -> 1 | BF51: 2 | BG51: =SUM(BE51:BF51) -> 2
A52: 50 | B52: Mees | C52: 18-19 a | D52: Adultus | E52: 1 | H52: 1 | I52: 1 | J52: 1 | K52: 1 | L52: 1 | M52: 1 | N52: 1 | O52: 1 | P52: 1 | Q52: 1 | R52: 1 | S52: 1 | T52: 1 | U52: 1 | V52: X | Y52: 1 | Z52: 1 | AA52: am | AB52: 1 | AC52: 1 | AD52: 1 | AE52: 1 | AF52: 1 | AG52: 1 | AH52: 1 | AI52: 1 | AJ52: 1 | AK52: 1 | AL52: 1 | AN52: =COUNTIF(F52:AM52,"1") -> 27 | AO52: =COUNTIF(F52:AM52,"am") -> 1 | AP52: =COUNTIF(F52:AM52,"pm") -> 0 | AQ52: =SUM((COUNTIF(F52:AM52,"1"))+(COUNTIF(F52:AM52,"am"))+(COUNTIF(F52:AM52,"pm"))) -> 28 | AR52: =COUNTIF(F52:AM52,"x") -> 1 | AS52: =SUM(AQ52:AR52) -> 29 | AT52: =COUNTIF(F52:AM52,"NA") -> 0 | AU52: 1 | AV52: 1 | AW52: 1 | AX52: 1 | AZ52: 1 | BB52: =SUM(AV52:BA52) -> 4 | BF52: 27 | BG52: =SUM(BE52:BF52) -> 27
A53: 51 | B53: Naine | C53: 25-40 a | D53: Adultus/Maturus | E53: 0 | AN53: =COUNTIF(F53:AM53,"1") -> 0 | AO53: =COUNTIF(F53:AM53,"am") -> 0 | AP53: =COUNTIF(F53:AM53,"pm") -> 0 | AQ53: =SUM((COUNTIF(F53:AM53,"1"))+(COUNTIF(F53:AM53,"am"))+(COUNTIF(F53:AM53,"pm"))) -> 0 | AR53: =COUNTIF(F53:AM53,"x") -> 0 | AS53: =SUM(AQ53:AR53) -> 0 | AT53: =COUNTIF(F53:AM53,"NA") -> 0 | BB53: =SUM(AV53:BA53) -> 0 | BG53: =SUM(BE53:BF53) -> 0
A54: 52 | B54: Alaealine | C54: 10-16 a | D54: Juvenilis 1 | E54: 0 | AN54: =COUNTIF(F54:AM54,"1") -> 0 | AO54: =COUNTIF(F54:AM54,"am") -> 0 | AP54: =COUNTIF(F54:AM54,"pm") -> 0 | AQ54: =SUM((COUNTIF(F54:AM54,"1"))+(COUNTIF(F54:AM54,"am"))+(COUNTIF(F54:AM54,"pm"))) -> 0 | AR54: =COUNTIF(F54:AM54,"x") -> 0 | AS54: =SUM(AQ54:AR54) -> 0 | AT54: =COUNTIF(F54:AM54,"NA") -> 0 | BB54: =SUM(AV54:BA54) -> 0 | BG54: =SUM(BE54:BF54) -> 0
A55: 53 | B55: Naine ? | C55: Täisk | D55: Täisk | E55: 0 | AN55: =COUNTIF(F55:AM55,"1") -> 0 | AO55: =COUNTIF(F55:AM55,"am") -> 0 | AP55: =COUNTIF(F55:AM55,"pm") -> 0 | AQ55: =SUM((COUNTIF(F55:AM55,"1"))+(COUNTIF(F55:AM55,"am"))+(COUNTIF(F55:AM55,"pm"))) -> 0 | AR55: =COUNTIF(F55:AM55,"x") -> 0 | AS55: =SUM(AQ55:AR55) -> 0 | AT55: =COUNTIF(F55:AM55,"NA") -> 0 | BB55: =SUM(AV55:BA55) -> 0 | BG55: =SUM(BE55:BF55) -> 0
A56: 54 | B56: Naine | C56: 44-50 a | D56: Maturus/Senilis | E56: 1 | H56: am | I56: am | J56: pm | K56: pm | L56: 1 | M56: 1 | N56: 1 | O56: 1 | P56: pm | Q56: 1 | R56: 1 | S56: 1 | T56: 1 | U56: 1 | Y56: am | Z56: am | AA56: 1 | AB56: 1 | AC56: 1 | AD56: pm | AE56: pm | AF56: 1 | AG56: 1 | AI56: 1 | AJ56: 1 | AK56: 1 | AL56: am | AN56: =COUNTIF(F56:AM56,"1") -> 17 | AO56: =COUNTIF(F56:AM56,"am") -> 5 | AP56: =COUNTIF(F56:AM56,"pm") -> 5 | AQ56: =SUM((COUNTIF(F56:AM56,"1"))+(COUNTIF(F56:AM56,"am"))+(COUNTIF(F56:AM56,"pm"))) -> 27 | AR56: =COUNTIF(F56:AM56,"x") -> 0 | AS56: =SUM(AQ56:AR56) -> 27 | AT56: =COUNTIF(F56:AM56,"NA") -> 0 | AU56: 1 | AV56: 1 | AW56: 1 | AX56: 1 | AY56: 1 | AZ56: 1 | BA56: 1 | BB56: =SUM(AV56:BA56) -> 6 | BD56: P I1 emailist o-pinnalt tükid väljas | BF56: 17 | BG56: =SUM(BE56:BF56) -> 17
A57: 55 | B57: Mees | C57: 25-35 a | D57: Adultus/Maturus | E57: 1 | H57: 1 | I57: 1 | J57: 1 | K57: 1 | L57: 1 | M57: 1 | N57: 1 | O57: 1 | P57: 1 | Q57: 1 | R57: 1 | S57: 1 | T57: 1 | U57: 1 | X57: 1 | Y57: 1 | Z57: 1 | AA57: 1 | AB57: 1 | AC57: 1 | AD57: 1 | AE57: 1 | AF57: 1 | AG57: 1 | AH57: 1 | AI57: 1 | AJ57: pm | AK57: pm | AL57: 1 | AM57: 1 | AN57: =COUNTIF(F57:AM57,"1") -> 28 | AO57: =COUNTIF(F57:AM57,"am") -> 0 | AP57: =COUNTIF(F57:AM57,"pm") -> 2 | AQ57: =SUM((COUNTIF(F57:AM57,"1"))+(COUNTIF(F57:AM57,"am"))+(COUNTIF(F57:AM57,"pm"))) -> 30 | AR57: =COUNTIF(F57:AM57,"x") -> 0 | AS57: =SUM(AQ57:AR57) -> 30 | AT57: =COUNTIF(F57:AM57,"NA") -> 0 | AU57: 1 | AV57: 1 | BA57: 1 | BB57: =SUM(AV57:BA57) -> 2 | BD57: P I1, v I1, P PM2 emaili o-pinnast tükk väljas | BF57: 28 | BG57: =SUM(BE57:BF57) -> 28
A58: 56 | B58: Mees | C58: 50+ a | D58: Senilis | E58: 1 | G58: 1 | H58: 1 | I58: 1 | J58: 1 | K58: 1 | L58: 1 | M58: 1 | N58: 1 | O58: 1 | P58: 1 | Q58: 1 | R58: 1 | S58: pm | T58: 1 | U58: 1 | V58: am | X58: 1 | Y58: 1 | Z58: 1 | AA58: 1 | AB58: 1 | AC58: 1 | AD58: 1 | AE58: 1 | AF58: 1 | AG58: pm | AH58: 1 | AI58: 1 | AJ58: 1 | AK58: 1 | AL58: 1 | AM58: 1 | AN58: =COUNTIF(F58:AM58,"1") -> 29 | AO58: =COUNTIF(F58:AM58,"am") -> 1 | AP58: =COUNTIF(F58:AM58,"pm") -> 2 | AQ58: =SUM((COUNTIF(F58:AM58,"1"))+(COUNTIF(F58:AM58,"am"))+(COUNTIF(F58:AM58,"pm"))) -> 32 | AR58: =COUNTIF(F58:AM58,"x") -> 0 | AS58: =SUM(AQ58:AR58) -> 32 | AT58: =COUNTIF(F58:AM58,"NA") -> 0 | AU58: 1 | AV58: 1 | AW58: 1 | AY58: 1 | AZ58: 1 | BA58: 1 | BB58: =SUM(AV58:BA58) -> 5 | BF58: 29 | BG58: =SUM(BE58:BF58) -> 29
A59: 57 | B59: Naine | C59: 25-35 a | D59: Adultus/Maturus | E59: 1 | H59: 1 | I59: 1 | J59: 1 | K59: 1 | L59: 1 | M59: 1 | N59: 1 | O59: 1 | P59: 1 | Q59: X | R59: 1 | S59: 1 | T59: 1 | U59: 1 | Y59: 1 | Z59: 1 | AA59: 1 | AB59: 1 | AC59: 1 | AD59: 1 | AE59: 1 | AF59: 1 | AG59: 1 | AH59: 1 | AI59: 1 | AJ59: 1 | AK59: 1 | AL59: 1 | AN59: =COUNTIF(F59:AM59,"1") -> 27 | AO59: =COUNTIF(F59:AM59,"am") -> 0 | AP59: =COUNTIF(F59:AM59,"pm") -> 0 | AQ59: =SUM((COUNTIF(F59:AM59,"1"))+(COUNTIF(F59:AM59,"am"))+(COUNTIF(F59:AM59,"pm"))) -> 27 | AR59: =COUNTIF(F59:AM59,"x") -> 1 | AS59: =SUM(AQ59:AR59) -> 28 | AT59: =COUNTIF(F59:AM59,"NA") -> 0 | AU59: 1 | AV59: 1 | AW59: 1 | AX59: 1 | BA59: 1 | BB59: =SUM(AV59:BA59) -> 4 | BD59: V I1, p I1, p C1, v I1, v I2 emailist o küljel tükid väljas | BF59: 27 | BG59: =SUM(BE59:BF59) -> 27
A60: 58 | B60: Alaealine | C60: 4-8 a | D60: Infans | E60: 0 | AN60: =COUNTIF(F60:AM60,"1") -> 0 | AO60: =COUNTIF(F60:AM60,"am") -> 0 | AP60: =COUNTIF(F60:AM60,"pm") -> 0 | AQ60: =SUM((COUNTIF(F60:AM60,"1"))+(COUNTIF(F60:AM60,"am"))+(COUNTIF(F60:AM60,"pm"))) -> 0 | AR60: =COUNTIF(F60:AM60,"x") -> 0 | AS60: =SUM(AQ60:AR60) -> 0 | AT60: =COUNTIF(F60:AM60,"NA") -> 0 | BB60: =SUM(AV60:BA60) -> 0 | BG60: =SUM(BE60:BF60) -> 0
A61: 59 | B61: Mees | C61: 40+ a | D61: Maturus/Senilis | E61: 0 | AN61: =COUNTIF(F61:AM61,"1") -> 0 | AO61: =COUNTIF(F61:AM61,"am") -> 0 | AP61: =COUNTIF(F61:AM61,"pm") -> 0 | AQ61: =SUM((COUNTIF(F61:AM61,"1"))+(COUNTIF(F61:AM61,"am"))+(COUNTIF(F61:AM61,"pm"))) -> 0 | AR61: =COUNTIF(F61:AM61,"x") -> 0 | AS61: =SUM(AQ61:AR61) -> 0 | AT61: =COUNTIF(F61:AM61,"NA") -> 0 | BB61: =SUM(AV61:BA61) -> 0 | BG61: =SUM(BE61:BF61) -> 0
A62: 60 | B62: Alaealine | C62: 0 ± 2 k | D62: Neonate | E62: 0 | O62: X | P62: X | Q62: X | R62: X | S62: X | AF62: X | AG62: X | AH62: X | AI62: X | AJ62: X | AN62: =COUNTIF(F62:AM62,"1") -> 0 | AO62: =COUNTIF(F62:AM62,"am") -> 0 | AP62: =COUNTIF(F62:AM62,"pm") -> 0 | AQ62: =SUM((COUNTIF(F62:AM62,"1"))+(COUNTIF(F62:AM62,"am"))+(COUNTIF(F62:AM62,"pm"))) -> 0 | AR62: =COUNTIF(F62:AM62,"x") -> 10 | AS62: =SUM(AQ62:AR62) -> 10 | AT62: =COUNTIF(F62:AM62,"NA") -> 0 | BB62: =SUM(AV62:BA62) -> 0 | BE62: 0 | BF62: 0 | BG62: =SUM(BE62:BF62) -> 0
A63: 61 | B63: Alaealine | C63: 12-16 a | D63: Juvenilis 1 | E63: 1 | G63: X | H63: 1 | I63: 1 | J63: 1 | O63: pm | P63: 1 | Q63: 1 | R63: 1 | S63: 1 | T63: pm | U63: pm | V63: X | Y63: 1 | Z63: 1 | AA63: 1 | AB63: 1 | AC63: 1 | AD63: 1 | AE63: 1 | AF63: 1 | AG63: 1 | AH63: 1 | AI63: 1 | AJ63: 1 | AK63: 1 | AL63: 1 | AN63: =COUNTIF(F63:AM63,"1") -> 21 | AO63: =COUNTIF(F63:AM63,"am") -> 0 | AP63: =COUNTIF(F63:AM63,"pm") -> 3 | AQ63: =SUM((COUNTIF(F63:AM63,"1"))+(COUNTIF(F63:AM63,"am"))+(COUNTIF(F63:AM63,"pm"))) -> 24 | AR63: =COUNTIF(F63:AM63,"x") -> 2 | AS63: =SUM(AQ63:AR63) -> 26 | AT63: =COUNTIF(F63:AM63,"NA") -> 0 | AU63: 1 | AV63: 1 | AW63: 1 | AX63: 1 | AY63: 1 | BB63: =SUM(AV63:BA63) -> 4 | BD63: Alumise p PM2 asemel on m2. P I1, I2, v I1, I2 emailist o küljelt tükid väljas | BE63: 1 | BF63: 20 | BG63: =SUM(BE63:BF63) -> 21
A64: 62 | B64: Alaealine | C64: 2 a ± 8 k | D64: Infans | E64: 1 | I64: X | J64: pm | K64: pm | L64: pm | M64: 1 | N64: pm | O64: 1 | P64: 1 | Q64: 1 | R64: 1 | S64: 1 | T64: X | Z64: X | AA64: pm | AB64: pm | AC64: pm | AD64: pm | AE64: 1 | AF64: pm | AG64: 1 | AH64: 1 | AI64: 1 | AJ64: 1 | AK64: X | AN64: =COUNTIF(F64:AM64,"1") -> 11 | AO64: =COUNTIF(F64:AM64,"am") -> 0 | AP64: =COUNTIF(F64:AM64,"pm") -> 9 | AQ64: =SUM((COUNTIF(F64:AM64,"1"))+(COUNTIF(F64:AM64,"am"))+(COUNTIF(F64:AM64,"pm"))) -> 20 | AR64: =COUNTIF(F64:AM64,"x") -> 4 | AS64: =SUM(AQ64:AR64) -> 24 | AT64: =COUNTIF(F64:AM64,"NA") -> 0 | BB64: =SUM(AV64:BA64) -> 0 | BE64: 11 | BG64: =SUM(BE64:BF64) -> 11
A65: 63 | B65: Alaealine | C65: 4-8 a | D65: Infans | E65: 0 | AN65: =COUNTIF(F65:AM65,"1") -> 0 | AO65: =COUNTIF(F65:AM65,"am") -> 0 | AP65: =COUNTIF(F65:AM65,"pm") -> 0 | AQ65: =SUM((COUNTIF(F65:AM65,"1"))+(COUNTIF(F65:AM65,"am"))+(COUNTIF(F65:AM65,"pm"))) -> 0 | AR65: =COUNTIF(F65:AM65,"x") -> 0 | AS65: =SUM(AQ65:AR65) -> 0 | AT65: =COUNTIF(F65:AM65,"NA") -> 0 | BB65: =SUM(AV65:BA65) -> 0 | BG65: =SUM(BE65:BF65) -> 0
A66: 64 | B66: Mees | C66: 20-25 a | D66: Adultus | E66: 1 | O66: pm | P66: 1 | Q66: 1 | R66: 1 | S66: 1 | T66: 1 | U66: 1 | V66: 1 | X66: 1 | Y66: 1 | Z66: 1 | AA66: 1 | AB66: 1 | AC66: 1 | AD66: 1 | AE66: 1 | AF66: 1 | AG66: 1 | AH66: 1 | AI66: 1 | AJ66: 1 | AK66: 1 | AL66: 1 | AM66: 1 | AN66: =COUNTIF(F66:AM66,"1") -> 23 | AO66: =COUNTIF(F66:AM66,"am") -> 0 | AP66: =COUNTIF(F66:AM66,"pm") -> 1 | AQ66: =SUM((COUNTIF(F66:AM66,"1"))+(COUNTIF(F66:AM66,"am"))+(COUNTIF(F66:AM66,"pm"))) -> 24 | AR66: =COUNTIF(F66:AM66,"x") -> 0 | AS66: =SUM(AQ66:AR66) -> 24 | AT66: =COUNTIF(F66:AM66,"NA") -> 0 | AU66: 1 | AV66: 1 | AW66: 1 | AX66: 1 | BB66: =SUM(AV66:BA66) -> 3 | BD66: V C1, p I1, I2, v I1, I2, C1, PM1 emaili o-pinnast tükid väljas | BF66: 23 | BG66: =SUM(BE66:BF66) -> 23
A67: 65 | B67: Mees | C67: 35-45 a | D67: Maturus | E67: 1 | X67: am | Y67: 1 | Z67: am | AA67: 1 | AB67: 1 | AC67: 1 | AD67: 1 | AE67: 1 | AF67: 1 | AG67: 1 | AH67: 1 | AI67: 1 | AJ67: pm | AK67: 1 | AL67: pm | AN67: =COUNTIF(F67:AM67,"1") -> 11 | AO67: =COUNTIF(F67:AM67,"am") -> 2 | AP67: =COUNTIF(F67:AM67,"pm") -> 2 | AQ67: =SUM((COUNTIF(F67:AM67,"1"))+(COUNTIF(F67:AM67,"am"))+(COUNTIF(F67:AM67,"pm"))) -> 15 | AR67: =COUNTIF(F67:AM67,"x") -> 0 | AS67: =SUM(AQ67:AR67) -> 15 | AT67: =COUNTIF(F67:AM67,"NA") -> 0 | AU67: 1 | AV67: 1 | AY67: 1 | AZ67: 1 | BA67: 1 | BB67: =SUM(AV67:BA67) -> 4 | BF67: 11 | BG67: =SUM(BE67:BF67) -> 11
A68: 66 | B68: Alaealine | C68: 11-16 a | D68: Juvenilis 1 | E68: 1 | N68: 1 | AN68: =COUNTIF(F68:AM68,"1") -> 1 | AO68: =COUNTIF(F68:AM68,"am") -> 0 | AP68: =COUNTIF(F68:AM68,"pm") -> 0 | AQ68: =SUM((COUNTIF(F68:AM68,"1"))+(COUNTIF(F68:AM68,"am"))+(COUNTIF(F68:AM68,"pm"))) -> 1 | AR68: =COUNTIF(F68:AM68,"x") -> 0 | AS68: =SUM(AQ68:AR68) -> 1 | AT68: =COUNTIF(F68:AM68,"NA") -> 0 | AU68: 1 | AX68: 1 | BB68: =SUM(AV68:BA68) -> 1 | BF68: 1 | BG68: =SUM(BE68:BF68) -> 1
A69: 67 | B69: Mees | C69: 22-24 a | D69: Adultus | E69: 1 | G69: 1 | H69: 1 | I69: 1 | J69: 1 | K69: 1 | L69: 1 | M69: 1 | N69: 1 | O69: pm | P69: 1 | Q69: 1 | R69: 1 | S69: 1 | T69: 1 | U69: 1 | V69: 1 | X69: 1 | Y69: 1 | Z69: 1 | AA69: 1 | AB69: 1 | AC69: 1 | AD69: 1 | AE69: 1 | AF69: 1 | AG69: 1 | AH69: 1 | AI69: 1 | AJ69: 1 | AK69: 1 | AL69: 1 | AM69: 1 | AN69: =COUNTIF(F69:AM69,"1") -> 31 | AO69: =COUNTIF(F69:AM69,"am") -> 0 | AP69: =COUNTIF(F69:AM69,"pm") -> 1 | AQ69: =SUM((COUNTIF(F69:AM69,"1"))+(COUNTIF(F69:AM69,"am"))+(COUNTIF(F69:AM69,"pm"))) -> 32 | AR69: =COUNTIF(F69:AM69,"x") -> 0 | AS69: =SUM(AQ69:AR69) -> 32 | AT69: =COUNTIF(F69:AM69,"NA") -> 0 | AU69: 1 | AV69: 1 | AX69: 1 | BB69: =SUM(AV69:BA69) -> 2 | BD69: P I1, I2, v I2, p I1, I2, v I1, I2 emaili o-pinnast tükid väljas | BF69: 31 | BG69: =SUM(BE69:BF69) -> 31
A70: 68 | B70: Alaealine | C70: 3-9 k | D70: Neonate | E70: 0 | AN70: =COUNTIF(F70:AM70,"1") -> 0 | AO70: =COUNTIF(F70:AM70,"am") -> 0 | AP70: =COUNTIF(F70:AM70,"pm") -> 0 | AQ70: =SUM((COUNTIF(F70:AM70,"1"))+(COUNTIF(F70:AM70,"am"))+(COUNTIF(F70:AM70,"pm"))) -> 0 | AR70: =COUNTIF(F70:AM70,"x") -> 0 | AS70: =SUM(AQ70:AR70) -> 0 | AT70: =COUNTIF(F70:AM70,"NA") -> 0 | BB70: =SUM(AV70:BA70) -> 0 | BG70: =SUM(BE70:BF70) -> 0
A71: 69 | B71: Mees | C71: 39-44 a | D71: Maturus | E71: 1 | G71: 1 | H71: 1 | I71: 1 | J71: 1 | K71: 1 | L71: 1 | M71: 1 | N71: 1 | O71: 1 | P71: 1 | Q71: 1 | R71: 1 | S71: 1 | T71: 1 | U71: 1 | V71: 1 | X71: 1 | Y71: 1 | Z71: 1 | AA71: 1 | AB71: 1 | AC71: 1 | AD71: 1 | AE71: 1 | AF71: 1 | AG71: 1 | AH71: 1 | AI71: 1 | AJ71: 1 | AK71: 1 | AL71: 1 | AM71: 1 | AN71: =COUNTIF(F71:AM71,"1") -> 32 | AO71: =COUNTIF(F71:AM71,"am") -> 0 | AP71: =COUNTIF(F71:AM71,"pm") -> 0 | AQ71: =SUM((COUNTIF(F71:AM71,"1"))+(COUNTIF(F71:AM71,"am"))+(COUNTIF(F71:AM71,"pm"))) -> 32 | AR71: =COUNTIF(F71:AM71,"x") -> 0 | AS71: =SUM(AQ71:AR71) -> 32 | AT71: =COUNTIF(F71:AM71,"NA") -> 0 | AU71: 1 | AV71: 1 | AX71: 1 | BA71: 1 | BB71: =SUM(AV71:BA71) -> 3 | BD71: p I1, v I1 emaili o-pinnast tükid väljas | BF71: 32 | BG71: =SUM(BE71:BF71) -> 32
A72: 70 | B72: Mees | C72: 25-35 a | D72: Adultus/Maturus | E72: 1 | H72: 1 | I72: 1 | J72: 1 | K72: 1 | L72: 1 | M72: 1 | N72: 1 | O72: 1 | P72: 1 | Q72: X | R72: 1 | S72: 1 | T72: 1 | U72: 1 | Y72: pm | Z72: 1 | AA72: 1 | AB72: 1 | AC72: 1 | AD72: 1 | AE72: 1 | AF72: pm | AG72: pm | AH72: 1 | AI72: 1 | AJ72: 1 | AK72: 1 | AL72: 1 | AN72: =COUNTIF(F72:AM72,"1") -> 24 | AO72: =COUNTIF(F72:AM72,"am") -> 0 | AP72: =COUNTIF(F72:AM72,"pm") -> 3 | AQ72: =SUM((COUNTIF(F72:AM72,"1"))+(COUNTIF(F72:AM72,"am"))+(COUNTIF(F72:AM72,"pm"))) -> 27 | AR72: =COUNTIF(F72:AM72,"x") -> 1 | AS72: =SUM(AQ72:AR72) -> 28 | AT72: =COUNTIF(F72:AM72,"NA") -> 0 | AU72: 1 | AV72: 1 | AY72: 1 | BA72: 1 | BB72: =SUM(AV72:BA72) -> 3 | BD72: p C1 asemel on c1;v I1 emaili o-pinnast tükid väljas | BE72: 1 | BF72: 23 | BG72: =SUM(BE72:BF72) -> 24
A73: 71 | B73: Mees | C73: 17-20 a | D73: Adultus | E73: 1 | H73: 1 | I73: 1 | J73: 1 | K73: 1 | L73: 1 | M73: 1 | N73: 1 | O73: pm | P73: 1 | Q73: 1 | R73: 1 | S73: 1 | T73: 1 | U73: 1 | V73: 1 | Y73: 1 | Z73: 1 | AA73: 1 | AB73: 1 | AC73: 1 | AD73: 1 | AE73: 1 | AF73: 1 | AG73: 1 | AH73: 1 | AI73: 1 | AJ73: 1 | AK73: 1 | AL73: 1 | AN73: =COUNTIF(F73:AM73,"1") -> 28 | AO73: =COUNTIF(F73:AM73,"am") -> 0 | AP73: =COUNTIF(F73:AM73,"pm") -> 1 | AQ73: =SUM((COUNTIF(F73:AM73,"1"))+(COUNTIF(F73:AM73,"am"))+(COUNTIF(F73:AM73,"pm"))) -> 29 | AR73: =COUNTIF(F73:AM73,"x") -> 0 | AS73: =SUM(AQ73:AR73) -> 29 | AT73: =COUNTIF(F73:AM73,"NA") -> 0 | AU73: 1 | AV73: 1 | AX73: 1 | BB73: =SUM(AV73:BA73) -> 2 | BD73: v ja p I1 tugevasti kulunud la-küljelt | BF73: 28 | BG73: =SUM(BE73:BF73) -> 28
A74: 72 | B74: Mees | C74: 39-44 a | D74: Maturus | E74: 1 | G74: 1 | H74: am | I74: 1 | J74: 1 | K74: 1 | L74: 1 | M74: 1 | N74: 1 | O74: 1 | P74: 1 | Q74: 1 | R74: 1 | S74: 1 | T74: am | U74: am | V74: 1 | X74: 1 | Y74: am | Z74: am | AA74: 1 | AB74: 1 | AC74: 1 | AD74: 1 | AE74: 1 | AF74: 1 | AG74: 1 | AH74: 1 | AI74: 1 | AJ74: am | AK74: am | AL74: 1 | AM74: 1 | AN74: =COUNTIF(F74:AM74,"1") -> 25 | AO74: =COUNTIF(F74:AM74,"am") -> 7 | AP74: =COUNTIF(F74:AM74,"pm") -> 0 | AQ74: =SUM((COUNTIF(F74:AM74,"1"))+(COUNTIF(F74:AM74,"am"))+(COUNTIF(F74:AM74,"pm"))) -> 32 | AR74: =COUNTIF(F74:AM74,"x") -> 0 | AS74: =SUM(AQ74:AR74) -> 32 | AT74: =COUNTIF(F74:AM74,"NA") -> 0 | AU74: 1 | AV74: 1 | AW74: 1 | AY74: 1 | AZ74: 1 | BA74: 1 | BB74: =SUM(AV74:BA74) -> 5 | BD74: v PM1 emaili o-pinnast tükk väljas | BF74: 25 | BG74: =SUM(BE74:BF74) -> 25
A75: 73 | B75: Alaealine | C75: 11-16 a | D75: Juvenilis 1 | E75: 1 | G75: X | H75: 1 | I75: 1 | J75: 1 | K75: 1 | L75: 1 | M75: X | N75: 1 | O75: 1 | P75: 1 | Q75: 1 | R75: 1 | S75: 1 | T75: 1 | U75: 1 | V75: X | X75: X | Y75: 1 | Z75: 1 | AA75: 1 | AB75: 1 | AC75: 1 | AD75: 1 | AE75: 1 | AF75: 1 | AG75: 1 | AH75: 1 | AI75: 1 | AJ75: 1 | AK75: 1 | AL75: 1 | AM75: X | AN75: =COUNTIF(F75:AM75,"1") -> 27 | AO75: =COUNTIF(F75:AM75,"am") -> 0 | AP75: =COUNTIF(F75:AM75,"pm") -> 0 | AQ75: =SUM((COUNTIF(F75:AM75,"1"))+(COUNTIF(F75:AM75,"am"))+(COUNTIF(F75:AM75,"pm"))) -> 27 | AR75: =COUNTIF(F75:AM75,"x") -> 5 | AS75: =SUM(AQ75:AR75) -> 32 | AT75: =COUNTIF(F75:AM75,"NA") -> 0 | AU75: 1 | AV75: 1 | AW75: 1 | AX75: 1 | BB75: =SUM(AV75:BA75) -> 3 | BF75: 27 | BG75: =SUM(BE75:BF75) -> 27
A76: 74 | B76: Naine | C76: 39-44 a | D76: Maturus | E76: 1 | G76: 1 | H76: 1 | I76: 1 | J76: 1 | K76: 1 | L76: 1 | M76: 1 | N76: 1 | O76: 1 | P76: 1 | Q76: 1 | R76: 1 | S76: 1 | T76: 1 | U76: 1 | V76: 1 | Y76: 1 | Z76: 1 | AA76: 1 | AB76: 1 | AC76: 1 | AD76: 1 | AE76: 1 | AF76: 1 | AG76: 1 | AH76: 1 | AI76: 1 | AJ76: 1 | AK76: 1 | AL76: 1 | AN76: =COUNTIF(F76:AM76,"1") -> 30 | AO76: =COUNTIF(F76:AM76,"am") -> 0 | AP76: =COUNTIF(F76:AM76,"pm") -> 0 | AQ76: =SUM((COUNTIF(F76:AM76,"1"))+(COUNTIF(F76:AM76,"am"))+(COUNTIF(F76:AM76,"pm"))) -> 30 | AR76: =COUNTIF(F76:AM76,"x") -> 0 | AS76: =SUM(AQ76:AR76) -> 30 | AT76: =COUNTIF(F76:AM76,"NA") -> 0 | AU76: 1 | AV76: 1 | AX76: 1 | BB76: =SUM(AV76:BA76) -> 2 | BD76: p I1 emaili o-pinnast tükid väljas; p ja v PM2 asemel on m2 | BE76: 2 | BF76: 28 | BG76: =SUM(BE76:BF76) -> 30
A77: 75 | B77: Mees | C77: Täisk | D77: Täisk | E77: 0 | AN77: =COUNTIF(F77:AM77,"1") -> 0 | AO77: =COUNTIF(F77:AM77,"am") -> 0 | AP77: =COUNTIF(F77:AM77,"pm") -> 0 | AQ77: =SUM((COUNTIF(F77:AM77,"1"))+(COUNTIF(F77:AM77,"am"))+(COUNTIF(F77:AM77,"pm"))) -> 0 | AR77: =COUNTIF(F77:AM77,"x") -> 0 | AS77: =SUM(AQ77:AR77) -> 0 | AT77: =COUNTIF(F77:AM77,"NA") -> 0 | BB77: =SUM(AV77:BA77) -> 0 | BG77: =SUM(BE77:BF77) -> 0
A78: 76 | B78: Naine | C78: 44-50 a | D78: Maturus/Senilis | E78: 1 | H78: 1 | I78: 1 | J78: 1 | K78: am | L78: 1 | M78: 1 | N78: 1 | O78: 1 | P78: 1 | Q78: 1 | R78: 1 | S78: am | T78: am | U78: 1 | X78: 1 | Y78: 1 | Z78: am | AA78: pm | AB78: 1 | AC78: 1 | AD78: pm | AE78: pm | AF78: pm | AG78: 1 | AH78: 1 | AI78: 1 | AJ78: 1 | AK78: am | AL78: am | AM78: 1 | AN78: =COUNTIF(F78:AM78,"1") -> 20 | AO78: =COUNTIF(F78:AM78,"am") -> 6 | AP78: =COUNTIF(F78:AM78,"pm") -> 4 | AQ78: =SUM((COUNTIF(F78:AM78,"1"))+(COUNTIF(F78:AM78,"am"))+(COUNTIF(F78:AM78,"pm"))) -> 30 | AR78: =COUNTIF(F78:AM78,"x") -> 0 | AS78: =SUM(AQ78:AR78) -> 30 | AT78: =COUNTIF(F78:AM78,"NA") -> 0 | AU78: 1 | AV78: 1 | AW78: 1 | AY78: 1 | AZ78: 1 | BA78: 1 | BB78: =SUM(AV78:BA78) -> 5 | BF78: 20 | BG78: =SUM(BE78:BF78) -> 20
A79: 77 | B79: Alaealine | C79: 15-16 a | D79: Juvenilis 2 | E79: 1 | G79: X | H79: 1 | I79: 1 | J79: 1 | K79: 1 | L79: 1 | M79: 1 | N79: 1 | O79: 1 | P79: 1 | Q79: 1 | R79: 1 | S79: 1 | T79: 1 | U79: 1 | V79: X | X79: X | Y79: 1 | Z79: 1 | AA79: 1 | AB79: 1 | AC79: 1 | AD79: 1 | AE79: 1 | AF79: 1 | AG79: 1 | AH79: 1 | AI79: 1 | AJ79: 1 | AK79: am | AL79: 1 | AN79: =COUNTIF(F79:AM79,"1") -> 27 | AO79: =COUNTIF(F79:AM79,"am") -> 1 | AP79: =COUNTIF(F79:AM79,"pm") -> 0 | AQ79: =SUM((COUNTIF(F79:AM79,"1"))+(COUNTIF(F79:AM79,"am"))+(COUNTIF(F79:AM79,"pm"))) -> 28 | AR79: =COUNTIF(F79:AM79,"x") -> 3 | AS79: =SUM(AQ79:AR79) -> 31 | AT79: =COUNTIF(F79:AM79,"NA") -> 0 | AU79: 1 | AV79: 1 | AX79: 1 | AZ79: 1 | BB79: =SUM(AV79:BA79) -> 3 | BF79: 27 | BG79: =SUM(BE79:BF79) -> 27
A80: 78 | B80: Mees | C80: 39-44 a | D80: Maturus | E80: 1 | G80: pm | H80: 1 | I80: 1 | J80: 1 | K80: 1 | L80: 1 | M80: 1 | N80: 1 | O80: 1 | P80: 1 | Q80: 1 | R80: 1 | S80: 1 | T80: 1 | U80: 1 | V80: 1 | X80: 1 | Y80: 1 | Z80: 1 | AA80: 1 | AB80: 1 | AC80: 1 | AD80: 1 | AE80: 1 | AF80: 1 | AG80: 1 | AH80: 1 | AI80: 1 | AJ80: 1 | AK80: 1 | AL80: 1 | AM80: 1 | AN80: =COUNTIF(F80:AM80,"1") -> 31 | AO80: =COUNTIF(F80:AM80,"am") -> 0 | AP80: =COUNTIF(F80:AM80,"pm") -> 1 | AQ80: =SUM((COUNTIF(F80:AM80,"1"))+(COUNTIF(F80:AM80,"am"))+(COUNTIF(F80:AM80,"pm"))) -> 32 | AR80: =COUNTIF(F80:AM80,"x") -> 0 | AS80: =SUM(AQ80:AR80) -> 32 | AT80: =COUNTIF(F80:AM80,"NA") -> 0 | AU80: 1 | AV80: 1 | AX80: 1 | BA80: 1 | BB80: =SUM(AV80:BA80) -> 3 | BD80: v C1, I2, C1 emaili o-pinnas tükk väljas | BF80: 31 | BG80: =SUM(BE80:BF80) -> 31
A81: 79 | B81: Naine | C81: 44-50 a | D81: Maturus/Senilis | E81: 1 | H81: 1 | I81: pm | J81: 1 | K81: 1 | L81: pm | M81: 1 | N81: pm | X81: pm | Y81: 1 | Z81: 1 | AA81: 1 | AB81: pm | AC81: 1 | AD81: 1 | AE81: 1 | AF81: 1 | AG81: 1 | AH81: 1 | AI81: 1 | AJ81: 1 | AK81: 1 | AL81: pm | AN81: =COUNTIF(F81:AM81,"1") -> 16 | AO81: =COUNTIF(F81:AM81,"am") -> 0 | AP81: =COUNTIF(F81:AM81,"pm") -> 6 | AQ81: =SUM((COUNTIF(F81:AM81,"1"))+(COUNTIF(F81:AM81,"am"))+(COUNTIF(F81:AM81,"pm"))) -> 22 | AR81: =COUNTIF(F81:AM81,"x") -> 0 | AS81: =SUM(AQ81:AR81) -> 22 | AT81: =COUNTIF(F81:AM81,"NA") -> 0 | AU81: 1 | AV81: 1 | AW81: 1 | AY81: 1 | BA81: 1 | BB81: =SUM(AV81:BA81) -> 4 | BF81: 16 | BG81: =SUM(BE81:BF81) -> 16
A82: 80 | B82: Mees | C82: Täisk | D82: Täisk | E82: 0 | AN82: =COUNTIF(F82:AM82,"1") -> 0 | AO82: =COUNTIF(F82:AM82,"am") -> 0 | AP82: =COUNTIF(F82:AM82,"pm") -> 0 | AQ82: =SUM((COUNTIF(F82:AM82,"1"))+(COUNTIF(F82:AM82,"am"))+(COUNTIF(F82:AM82,"pm"))) -> 0 | AR82: =COUNTIF(F82:AM82,"x") -> 0 | AS82: =SUM(AQ82:AR82) -> 0 | AT82: =COUNTIF(F82:AM82,"NA") -> 0 | BB82: =SUM(AV82:BA82) -> 0 | BG82: =SUM(BE82:BF82) -> 0
A83: 81 | B83: Mees | C83: 39-44 a | D83: Maturus | E83: 0 | AN83: =COUNTIF(F83:AM83,"1") -> 0 | AO83: =COUNTIF(F83:AM83,"am") -> 0 | AP83: =COUNTIF(F83:AM83,"pm") -> 0 | AQ83: =SUM((COUNTIF(F83:AM83,"1"))+(COUNTIF(F83:AM83,"am"))+(COUNTIF(F83:AM83,"pm"))) -> 0 | AR83: =COUNTIF(F83:AM83,"x") -> 0 | AS83: =SUM(AQ83:AR83) -> 0 | AT83: =COUNTIF(F83:AM83,"NA") -> 0 | BB83: =SUM(AV83:BA83) -> 0 | BG83: =SUM(BE83:BF83) -> 0
A84: 82 | B84: Alaealine | C84: 4-8 a | D84: Infans | E84: 1 | H84: X | I84: X | J84: 1 | K84: 1 | L84: 1 | M84: 1 | N84: pm | O84: pm | P84: pm | Q84: 1 | R84: 1 | S84: 1 | T84: X | U84: X | Y84: X | Z84: X | AA84: 1 | AB84: 1 | AC84: pm | AD84: pm | AE84: 1 | AF84: pm | AG84: pm | AH84: pm | AI84: 1 | AJ84: 1 | AK84: X | AL84: X | AN84: =COUNTIF(F84:AM84,"1") -> 12 | AO84: =COUNTIF(F84:AM84,"am") -> 0 | AP84: =COUNTIF(F84:AM84,"pm") -> 8 | AQ84: =SUM((COUNTIF(F84:AM84,"1"))+(COUNTIF(F84:AM84,"am"))+(COUNTIF(F84:AM84,"pm"))) -> 20 | AR84: =COUNTIF(F84:AM84,"x") -> 8 | AS84: =SUM(AQ84:AR84) -> 28 | AT84: =COUNTIF(F84:AM84,"NA") -> 0 | AU84: 1 | AV84: 1 | BB84: =SUM(AV84:BA84) -> 1 | BE84: 12 | BG84: =SUM(BE84:BF84) -> 12
A85: 83 | B85: Alaealine | C85: 11-15 a | D85: Juvenilis 1 | E85: 1 | G85: X | H85: 1 | I85: 1 | J85: 1 | K85: 1 | L85: 1 | M85: 1 | N85: pm | O85: 1 | P85: 1 | Q85: 1 | R85: 1 | S85: 1 | T85: 1 | U85: 1 | V85: X | Y85: 1 | Z85: 1 | AA85: 1 | AB85: 1 | AC85: 1 | AD85: 1 | AE85: 1 | AF85: 1 | AG85: 1 | AH85: 1 | AI85: 1 | AJ85: 1 | AK85: 1 | AL85: 1 | AN85: =COUNTIF(F85:AM85,"1") -> 27 | AO85: =COUNTIF(F85:AM85,"am") -> 0 | AP85: =COUNTIF(F85:AM85,"pm") -> 1 | AQ85: =SUM((COUNTIF(F85:AM85,"1"))+(COUNTIF(F85:AM85,"am"))+(COUNTIF(F85:AM85,"pm"))) -> 28 | AR85: =COUNTIF(F85:AM85,"x") -> 2 | AS85: =SUM(AQ85:AR85) -> 30 | AT85: =COUNTIF(F85:AM85,"NA") -> 0 | AU85: 1 | AV85: 1 | AW85: 1 | AX85: 1 | BB85: =SUM(AV85:BA85) -> 3 | BF85: 27 | BG85: =SUM(BE85:BF85) -> 27
A86: 84 | B86: Mees | C86: 22-24 a | D86: Adultus | E86: 1 | G86: 1 | H86: 1 | I86: am | J86: 1 | K86: 1 | L86: 1 | M86: 1 | N86: 1 | O86: 1 | P86: 1 | Q86: 1 | R86: 1 | S86: 1 | U86: 1 | V86: 1 | X86: 1 | Y86: 1 | Z86: 1 | AA86: 1 | AB86: 1 | AC86: 1 | AD86: 1 | AE86: 1 | AF86: 1 | AG86: 1 | AH86: 1 | AI86: 1 | AJ86: 1 | AK86: 1 | AL86: 1 | AN86: =COUNTIF(F86:AM86,"1") -> 29 | AO86: =COUNTIF(F86:AM86,"am") -> 1 | AP86: =COUNTIF(F86:AM86,"pm") -> 0 | AQ86: =SUM((COUNTIF(F86:AM86,"1"))+(COUNTIF(F86:AM86,"am"))+(COUNTIF(F86:AM86,"pm"))) -> 30 | AR86: =COUNTIF(F86:AM86,"x") -> 0 | AS86: =SUM(AQ86:AR86) -> 30 | AT86: =COUNTIF(F86:AM86,"NA") -> 0 | AU86: 1 | AV86: 1 | AW86: 1 | AZ86: 1 | BA86: 1 | BB86: =SUM(AV86:BA86) -> 4 | BF86: 29 | BG86: =SUM(BE86:BF86) -> 29
A87: 85 | B87: Naine | C87: 20-24 a | D87: Adultus | E87: 1 | G87: 1 | H87: 1 | I87: 1 | J87: 1 | K87: 1 | L87: 1 | M87: 1 | N87: 1 | O87: pm | P87: 1 | Q87: 1 | R87: pm | S87: X | T87: 1 | U87: 1 | V87: pm | Y87: 1 | Z87: 1 | AA87: 1 | AB87: 1 | AC87: 1 | AD87: 1 | AE87: 1 | AF87: 1 | AG87: 1 | AH87: 1 | AI87: 1 | AJ87: 1 | AK87: 1 | AL87: 1 | AN87: =COUNTIF(F87:AM87,"1") -> 26 | AO87: =COUNTIF(F87:AM87,"am") -> 0 | AP87: =COUNTIF(F87:AM87,"pm") -> 3 | AQ87: =SUM((COUNTIF(F87:AM87,"1"))+(COUNTIF(F87:AM87,"am"))+(COUNTIF(F87:AM87,"pm"))) -> 29 | AR87: =COUNTIF(F87:AM87,"x") -> 1 | AS87: =SUM(AQ87:AR87) -> 30 | AT87: =COUNTIF(F87:AM87,"NA") -> 0 | AU87: 1 | AV87: 1 | AX87: 1 | BB87: =SUM(AV87:BA87) -> 2 | BD87: v ülemise PM2 asemel on m2 | BF87: 26 | BG87: =SUM(BE87:BF87) -> 26
A88: 86 | B88: Alaealine | C88: 11-14 a | D88: Juvenilis 1 | E88: 1 | G88: 1 | H88: 1 | I88: 1 | J88: 1 | K88: 1 | L88: 1 | M88: 1 | N88: 1 | O88: 1 | P88: 1 | Q88: 1 | R88: 1 | S88: 1 | T88: 1 | U88: 1 | V88: X | X88: X | Y88: 1 | Z88: 1 | AA88: 1 | AB88: 1 | AC88: 1 | AD88: 1 | AE88: 1 | AF88: 1 | AG88: 1 | AH88: 1 | AI88: 1 | AJ88: 1 | AK88: 1 | AL88: 1 | AM88: X | AN88: =COUNTIF(F88:AM88,"1") -> 29 | AO88: =COUNTIF(F88:AM88,"am") -> 0 | AP88: =COUNTIF(F88:AM88,"pm") -> 0 | AQ88: =SUM((COUNTIF(F88:AM88,"1"))+(COUNTIF(F88:AM88,"am"))+(COUNTIF(F88:AM88,"pm"))) -> 29 | AR88: =COUNTIF(F88:AM88,"x") -> 3 | AS88: =SUM(AQ88:AR88) -> 32 | AT88: =COUNTIF(F88:AM88,"NA") -> 0 | AU88: 1 | AV88: 1 | AX88: 1 | BB88: =SUM(AV88:BA88) -> 2 | BD88: v I1, I2 emaili o-pinnast tükid väljas | BF88: 29 | BG88: =SUM(BE88:BF88) -> 29
A89: 87 | B89: Alaealine | C89: 5 a ± 16 k | D89: Infans | E89: 1 | Y89: X | Z89: X | AA89: 1 | AB89: 1 | AC89: 1 | AD89: 1 | AE89: 1 | AF89: pm | AG89: 1 | AH89: 1 | AI89: 1 | AJ89: 1 | AK89: X | AL89: X | AN89: =COUNTIF(F89:AM89,"1") -> 9 | AO89: =COUNTIF(F89:AM89,"am") -> 0 | AP89: =COUNTIF(F89:AM89,"pm") -> 1 | AQ89: =SUM((COUNTIF(F89:AM89,"1"))+(COUNTIF(F89:AM89,"am"))+(COUNTIF(F89:AM89,"pm"))) -> 10 | AR89: =COUNTIF(F89:AM89,"x") -> 4 | AS89: =SUM(AQ89:AR89) -> 14 | AT89: =COUNTIF(F89:AM89,"NA") -> 0 | AU89: 1 | AV89: 1 | AX89: 1 | BB89: =SUM(AV89:BA89) -> 2 | BE89: 9 | BG89: =SUM(BE89:BF89) -> 9
A90: 88 | B90: Naine | C90: 39-44 a | D90: Maturus | E90: 0 | AN90: =COUNTIF(F90:AM90,"1") -> 0 | AO90: =COUNTIF(F90:AM90,"am") -> 0 | AP90: =COUNTIF(F90:AM90,"pm") -> 0 | AQ90: =SUM((COUNTIF(F90:AM90,"1"))+(COUNTIF(F90:AM90,"am"))+(COUNTIF(F90:AM90,"pm"))) -> 0 | AR90: =COUNTIF(F90:AM90,"x") -> 0 | AS90: =SUM(AQ90:AR90) -> 0 | AT90: =COUNTIF(F90:AM90,"NA") -> 0 | BB90: =SUM(AV90:BA90) -> 0 | BG90: =SUM(BE90:BF90) -> 0
A91: 89 | B91: Naine | C91: 19-21 a | D91: Adultus | E91: 0 | AN91: =COUNTIF(F91:AM91,"1") -> 0 | AO91: =COUNTIF(F91:AM91,"am") -> 0 | AP91: =COUNTIF(F91:AM91,"pm") -> 0 | AQ91: =SUM((COUNTIF(F91:AM91,"1"))+(COUNTIF(F91:AM91,"am"))+(COUNTIF(F91:AM91,"pm"))) -> 0 | AR91: =COUNTIF(F91:AM91,"x") -> 0 | AS91: =SUM(AQ91:AR91) -> 0 | AT91: =COUNTIF(F91:AM91,"NA") -> 0 | BB91: =SUM(AV91:BA91) -> 0 | BG91: =SUM(BE91:BF91) -> 0
A92: 90 | B92: Mees | C92: 25-40 a | D92: Adultus/Maturus | E92: 1 | G92: 1 | H92: 1 | I92: 1 | J92: 1 | K92: 1 | L92: 1 | M92: 1 | N92: 1 | O92: 1 | P92: 1 | Q92: 1 | R92: 1 | S92: 1 | T92: 1 | U92: 1 | V92: 1 | X92: 1 | Y92: 1 | Z92: 1 | AA92: 1 | AB92: 1 | AC92: 1 | AD92: 1 | AE92: 1 | AF92: 1 | AG92: 1 | AH92: 1 | AI92: 1 | AJ92: 1 | AK92: 1 | AL92: 1 | AM92: 1 | AN92: =COUNTIF(F92:AM92,"1") -> 32 | AO92: =COUNTIF(F92:AM92,"am") -> 0 | AP92: =COUNTIF(F92:AM92,"pm") -> 0 | AQ92: =SUM((COUNTIF(F92:AM92,"1"))+(COUNTIF(F92:AM92,"am"))+(COUNTIF(F92:AM92,"pm"))) -> 32 | AR92: =COUNTIF(F92:AM92,"x") -> 0 | AS92: =SUM(AQ92:AR92) -> 32 | AT92: =COUNTIF(F92:AM92,"NA") -> 0 | AU92: 1 | AV92: 1 | AX92: 1 | BA92: 1 | BB92: =SUM(AV92:BA92) -> 3 | BD92: p I1, I2 p I1 o pinnalt emailist tükid väljas | BF92: 32 | BG92: =SUM(BE92:BF92) -> 32
A93: 91 | B93: Alaealine | C93: 1 a ± 4 k | D93: Infans | E93: 1 | AF93: 1 | AG93: 1 | AH93: 1 | AI93: 1 | AJ93: X | AK93: X | AN93: =COUNTIF(F93:AM93,"1") -> 4 | AO93: =COUNTIF(F93:AM93,"am") -> 0 | AP93: =COUNTIF(F93:AM93,"pm") -> 0 | AQ93: =SUM((COUNTIF(F93:AM93,"1"))+(COUNTIF(F93:AM93,"am"))+(COUNTIF(F93:AM93,"pm"))) -> 4 | AR93: =COUNTIF(F93:AM93,"x") -> 2 | AS93: =SUM(AQ93:AR93) -> 6 | AT93: =COUNTIF(F93:AM93,"NA") -> 0 | BB93: =SUM(AV93:BA93) -> 0 | BE93: 4 | BG93: =SUM(BE93:BF93) -> 4
A94: 92 | B94: Mees | C94: 30-39 a | D94: Maturus | E94: 0 | AN94: =COUNTIF(F94:AM94,"1") -> 0 | AO94: =COUNTIF(F94:AM94,"am") -> 0 | AP94: =COUNTIF(F94:AM94,"pm") -> 0 | AQ94: =SUM((COUNTIF(F94:AM94,"1"))+(COUNTIF(F94:AM94,"am"))+(COUNTIF(F94:AM94,"pm"))) -> 0 | AR94: =COUNTIF(F94:AM94,"x") -> 0 | AS94: =SUM(AQ94:AR94) -> 0 | AT94: =COUNTIF(F94:AM94,"NA") -> 0 | BB94: =SUM(AV94:BA94) -> 0 | BG94: =SUM(BE94:BF94) -> 0
A95: 93 | B95: Alaealine | C95: 1-2 a | D95: Infans | E95: 1 | I95: X | J95: X | K95: 1 | L95: X | M95: 1 | N95: pm | O95: pm | P95: 1 | Q95: X | R95: 1 | S95: X | T95: X | Z95: X | AA95: X | AB95: X | AC95: X | AD95: 1 | AE95: pm | AF95: pm | AG95: 1 | AH95: X | AI95: X | AJ95: X | AK95: X | AN95: =COUNTIF(F95:AM95,"1") -> 6 | AO95: =COUNTIF(F95:AM95,"am") -> 0 | AP95: =COUNTIF(F95:AM95,"pm") -> 4 | AQ95: =SUM((COUNTIF(F95:AM95,"1"))+(COUNTIF(F95:AM95,"am"))+(COUNTIF(F95:AM95,"pm"))) -> 10 | AR95: =COUNTIF(F95:AM95,"x") -> 14 | AS95: =SUM(AQ95:AR95) -> 24 | AT95: =COUNTIF(F95:AM95,"NA") -> 0 | BB95: =SUM(AV95:BA95) -> 0 | BE95: 6 | BG95: =SUM(BE95:BF95) -> 6
A96: 94 | B96: Alaealine | C96: 3-9 k | D96: Neonate | E96: 0 | AN96: =COUNTIF(F96:AM96,"1") -> 0 | AO96: =COUNTIF(F96:AM96,"am") -> 0 | AP96: =COUNTIF(F96:AM96,"pm") -> 0 | AQ96: =SUM((COUNTIF(F96:AM96,"1"))+(COUNTIF(F96:AM96,"am"))+(COUNTIF(F96:AM96,"pm"))) -> 0 | AR96: =COUNTIF(F96:AM96,"x") -> 0 | AS96: =SUM(AQ96:AR96) -> 0 | AT96: =COUNTIF(F96:AM96,"NA") -> 0 | BB96: =SUM(AV96:BA96) -> 0 | BG96: =SUM(BE96:BF96) -> 0
A97: 95 | B97: Mees | C97: 39-44 a | D97: Maturus | E97: 0 | AN97: =COUNTIF(F97:AM97,"1") -> 0 | AO97: =COUNTIF(F97:AM97,"am") -> 0 | AP97: =COUNTIF(F97:AM97,"pm") -> 0 | AQ97: =SUM((COUNTIF(F97:AM97,"1"))+(COUNTIF(F97:AM97,"am"))+(COUNTIF(F97:AM97,"pm"))) -> 0 | AR97: =COUNTIF(F97:AM97,"x") -> 0 | AS97: =SUM(AQ97:AR97) -> 0 | AT97: =COUNTIF(F97:AM97,"NA") -> 0 | BB97: =SUM(AV97:BA97) -> 0 | BG97: =SUM(BE97:BF97) -> 0
A98: 96 | B98: Naine | C98: 15-19 a | D98: Juvenilis 2 | E98: 1 | G98: 1 | H98: 1 | I98: 1 | J98: 1 | K98: 1 | L98: 1 | M98: 1 | N98: 1 | O98: 1 | P98: 1 | Q98: 1 | R98: 1 | S98: 1 | T98: 1 | U98: 1 | V98: 1 | Y98: 1 | Z98: 1 | AA98: 1 | AB98: 1 | AC98: 1 | AD98: 1 | AE98: 1 | AF98: 1 | AG98: 1 | AH98: 1 | AI98: 1 | AJ98: 1 | AK98: 1 | AL98: 1 | AM98: X | AN98: =COUNTIF(F98:AM98,"1") -> 30 | AO98: =COUNTIF(F98:AM98,"am") -> 0 | AP98: =COUNTIF(F98:AM98,"pm") -> 0 | AQ98: =SUM((COUNTIF(F98:AM98,"1"))+(COUNTIF(F98:AM98,"am"))+(COUNTIF(F98:AM98,"pm"))) -> 30 | AR98: =COUNTIF(F98:AM98,"x") -> 1 | AS98: =SUM(AQ98:AR98) -> 31 | AT98: =COUNTIF(F98:AM98,"NA") -> 0 | AU98: 1 | AV98: 1 | AW98: 1 | AX98: 1 | BB98: =SUM(AV98:BA98) -> 3 | BF98: 30 | BG98: =SUM(BE98:BF98) -> 30
A99: 97 | B99: Alaealine | C99: 3-5 a | D99: Infans | E99: 1 | Y99: X | Z99: X | AA99: 1 | AB99: 1 | AC99: 1 | AD99: 1 | AE99: pm | AF99: pm | AG99: pm | AH99: 1 | AI99: pm | AJ99: pm | AN99: =COUNTIF(F99:AM99,"1") -> 5 | AO99: =COUNTIF(F99:AM99,"am") -> 0 | AP99: =COUNTIF(F99:AM99,"pm") -> 5 | AQ99: =SUM((COUNTIF(F99:AM99,"1"))+(COUNTIF(F99:AM99,"am"))+(COUNTIF(F99:AM99,"pm"))) -> 10 | AR99: =COUNTIF(F99:AM99,"x") -> 2 | AS99: =SUM(AQ99:AR99) -> 12 | AT99: =COUNTIF(F99:AM99,"NA") -> 0 | BB99: =SUM(AV99:BA99) -> 0 | BE99: 5 | BG99: =SUM(BE99:BF99) -> 5
A100: 98 | B100: Naine | C100: 25-35 a | D100: Adultus/Maturus | E100: 1 | G100: 1 | H100: 1 | I100: 1 | J100: 1 | K100: 1 | L100: 1 | M100: 1 | N100: 1 | O100: 1 | P100: 1 | Q100: 1 | R100: 1 | S100: 1 | T100: 1 | U100: 1 | V100: 1 | X100: 1 | Y100: 1 | Z100: 1 | AA100: 1 | AB100: 1 | AC100: 1 | AD100: pm | AE100: pm | AF100: pm | AG100: 1 | AH100: 1 | AI100: 1 | AJ100: 1 | AK100: 1 | AL100: 1 | AM100: 1 | AN100: =COUNTIF(F100:AM100,"1") -> 29 | AO100: =COUNTIF(F100:AM100,"am") -> 0 | AP100: =COUNTIF(F100:AM100,"pm") -> 3 | AQ100: =SUM((COUNTIF(F100:AM100,"1"))+(COUNTIF(F100:AM100,"am"))+(COUNTIF(F100:AM100,"pm"))) -> 32 | AR100: =COUNTIF(F100:AM100,"x") -> 0 | AS100: =SUM(AQ100:AR100) -> 32 | AT100: =COUNTIF(F100:AM100,"NA") -> 0 | AU100: 1 | AV100: 1 | AW100: 1 | AX100: 1 | BB100: =SUM(AV100:BA100) -> 3 | BD100: p I1 emaili o-pinnast tükk väljas | BF100: 29 | BG100: =SUM(BE100:BF100) -> 29
...

Sheet DC
D1: Hambakivi asukoht ja ulatus
D2: Ülalõug | T2: Alalõug
D3: Parem | L3: Vasak | T3: Parem | AB3: Vasak | AO3: Hambakivi aste | AT3: Hambakivi asukoht
A4: Nr | B4: Sugu | C4: Vanus | D4: 8 | E4: 7 | F4: 6 | G4: 5 | H4: 4 | I4: 3 | J4: 2 | K4: 1 | L4: 1 | M4: 2 | N4: 3 | O4: 4 | P4: 5 | Q4: 6 | R4: 7 | S4: 8 | T4: 8 | U4: 7 | V4: 6 | W4: 5 | X4: 4 | Y4: 3 | Z4: 2 | AA4: 1 | AB4: 1 | AC4: 2 | AD4: 3 | AE4: 4 | AF4: 5 | AG4: 6 | AH4: 7 | AI4: 8 | AK4: DC hammaste arv | AL4: Säil. hammaste arv | AM4: DC hammaste osakaal | AO4: 1 | AP4: 2 | AQ4: 3 | AR4: Kokku | AT4: m | AU4: d | AV4: b | AW4: l | AX4: o | AY4: Kokku
A5: 1 | B5: ♂ | C5: 40-50 a | AK5: =COUNTA(D5:AI5) -> 0 | AL5: =Üldinfo!AN4 -> 1 | AM5: =AK5/AL5 -> 0 | AO5: =LEN(D5&E5&F5&G5&H5&I5&J5&K5&L5&M5&N5&O5&P5&Q5&R5&S5&T5&U5&V5&W5&X5&Y5&Z5&AA5&AB5&AC5&AD5&AE5&AF5&AG5&AH5&AI5)-LEN(SUBSTITUTE(D5&E5&F5&G5&H5&I5&J5&K5&L5&M5&N5&O5&P5&Q5&R5&S5&T5&U5&V5&W5&X5&Y5&Z5&AA5&AB5&AC5&AD5&AE5&AF5&AG5&AH5&AI5,"1","")) -> 0 | AP5: =LEN(D5&E5&F5&G5&H5&I5&J5&K5&L5&M5&N5&O5&P5&Q5&R5&S5&T5&U5&V5&W5&X5&Y5&Z5&AA5&AB5&AC5&AD5&AE5&AF5&AG5&AH5&AI5)-LEN(SUBSTITUTE(D5&E5&F5&G5&H5&I5&J5&K5&L5&M5&N5&O5&P5&Q5&R5&S5&T5&U5&V5&W5&X5&Y5&Z5&AA5&AB5&AC5&AD5&AE5&AF5&AG5&AH5&AI5,"2","")) -> 0 | AQ5: =LEN(D5&E5&F5&G5&H5&I5&J5&K5&L5&M5&N5&O5&P5&Q5&R5&S5&T5&U5&V5&W5&X5&Y5&Z5&AA5&AB5&AC5&AD5&AE5&AF5&AG5&AH5&AI5)-LEN(SUBSTITUTE(D5&E5&F5&G5&H5&I5&J5&K5&L5&M5&N5&O5&P5&Q5&R5&S5&T5&U5&V5&W5&X5&Y5&Z5&AA5&AB5&AC5&AD5&AE5&AF5&AG5&AH5&AI5,"3","")) -> 0 | AR5: =SUM(AO5:AQ5) -> 0 | AT5: =COUNTIF(D5:AI5,"*m*") -> 0 | AU5: =COUNTIF(D5:AI5,"*d*") -> 0 | AV5: =COUNTIF(D5:AI5,"*b*") -> 0 | AW5: =COUNTIF(D5:AI5,"*l*") -> 0 | AX5: =COUNTIF(D5:AI5,"*o*") -> 0 | AY5: =SUM(AT5:AX5) -> 0
A6: 2 | B6: ♀ | C6: 35-45 a | S6: 1d | T6: 1d1l | U6: 1m1l | W6: 1b1m1d1l | X6: 1b1m1d1l | Y6: 1b1m1d1l | AH6: 1b1m1d1l | AI6: 1l1d | AJ6: 1 | AK6: =COUNTA(D6:AI6) -> 8 | AL6: =Üldinfo!AN5 -> 8 | AM6: =AK6/AL6 -> 1 | AO6: =LEN(D6&E6&F6&G6&H6&I6&J6&K6&L6&M6&N6&O6&P6&Q6&R6&S6&T6&U6&V6&W6&X6&Y6&Z6&AA6&AB6&AC6&AD6&AE6&AF6&AG6&AH6&AI6)-LEN(SUBSTITUTE(D6&E6&F6&G6&H6&I6&J6&K6&L6&M6&N6&O6&P6&Q6&R6&S6&T6&U6&V6&W6&X6&Y6&Z6&AA6&AB6&AC6&AD6&AE6&AF6&AG6&AH6&AI6,"1","")) -> 23 | AP6: =LEN(D6&E6&F6&G6&H6&I6&J6&K6&L6&M6&N6&O6&P6&Q6&R6&S6&T6&U6&V6&W6&X6&Y6&Z6&AA6&AB6&AC6&AD6&AE6&AF6&AG6&AH6&AI6)-LEN(SUBSTITUTE(D6&E6&F6&G6&H6&I6&J6&K6&L6&M6&N6&O6&P6&Q6&R6&S6&T6&U6&V6&W6&X6&Y6&Z6&AA6&AB6&AC6&AD6&AE6&AF6&AG6&AH6&AI6,"2","")) -> 0 | AQ6: =LEN(D6&E6&F6&G6&H6&I6&J6&K6&L6&M6&N6&O6&P6&Q6&R6&S6&T6&U6&V6&W6&X6&Y6&Z6&AA6&AB6&AC6&AD6&AE6&AF6&AG6&AH6&AI6)-LEN(SUBSTITUTE(D6&E6&F6&G6&H6&I6&J6&K6&L6&M6&N6&O6&P6&Q6&R6&S6&T6&U6&V6&W6&X6&Y6&Z6&AA6&AB6&AC6&AD6&AE6&AF6&AG6&AH6&AI6,"3","")) -> 0 | AR6: =SUM(AO6:AQ6) -> 23 | AT6: =COUNTIF(D6:AI6,"*m*") -> 5 | AU6: =COUNTIF(D6:AI6,"*d*") -> 7 | AV6: =COUNTIF(D6:AI6,"*b*") -> 4 | AW6: =COUNTIF(D6:AI6,"*l*") -> 7 | AX6: =COUNTIF(D6:AI6,"*o*") -> 0 | AY6: =SUM(AT6:AX6) -> 23
A7: 3 | B7: ♂ | C7: Täisk | AK7: =COUNTA(D7:AI7) -> 0 | AL7: =Üldinfo!AN6 -> 0 | AM7: =AK7/AL7 -> #DIV/0! | AO7: =LEN(D7&E7&F7&G7&H7&I7&J7&K7&L7&M7&N7&O7&P7&Q7&R7&S7&T7&U7&V7&W7&X7&Y7&Z7&AA7&AB7&AC7&AD7&AE7&AF7&AG7&AH7&AI7)-LEN(SUBSTITUTE(D7&E7&F7&G7&H7&I7&J7&K7&L7&M7&N7&O7&P7&Q7&R7&S7&T7&U7&V7&W7&X7&Y7&Z7&AA7&AB7&AC7&AD7&AE7&AF7&AG7&AH7&AI7,"1","")) -> 0 | AP7: =LEN(D7&E7&F7&G7&H7&I7&J7&K7&L7&M7&N7&O7&P7&Q7&R7&S7&T7&U7&V7&W7&X7&Y7&Z7&AA7&AB7&AC7&AD7&AE7&AF7&AG7&AH7&AI7)-LEN(SUBSTITUTE(D7&E7&F7&G7&H7&I7&J7&K7&L7&M7&N7&O7&P7&Q7&R7&S7&T7&U7&V7&W7&X7&Y7&Z7&AA7&AB7&AC7&AD7&AE7&AF7&AG7&AH7&AI7,"2","")) -> 0 | AQ7: =LEN(D7&E7&F7&G7&H7&I7&J7&K7&L7&M7&N7&O7&P7&Q7&R7&S7&T7&U7&V7&W7&X7&Y7&Z7&AA7&AB7&AC7&AD7&AE7&AF7&AG7&AH7&AI7)-LEN(SUBSTITUTE(D7&E7&F7&G7&H7&I7&J7&K7&L7&M7&N7&O7&P7&Q7&R7&S7&T7&U7&V7&W7&X7&Y7&Z7&AA7&AB7&AC7&AD7&AE7&AF7&AG7&AH7&AI7,"3","")) -> 0 | AR7: =SUM(AO7:AQ7) -> 0 | AT7: =COUNTIF(D7:AI7,"*m*") -> 0 | AU7: =COUNTIF(D7:AI7,"*d*") -> 0 | AV7: =COUNTIF(D7:AI7,"*b*") -> 0 | AW7: =COUNTIF(D7:AI7,"*l*") -> 0 | AX7: =COUNTIF(D7:AI7,"*o*") -> 0 | AY7: =SUM(AT7:AX7) -> 0
A8: 4 | B8: ♀ | C8: 18-20 a | F8: 1b | G8: 1b1d | H8: 1m1d | I8: 1b1m1d | J8: 1m1d | K8: 1l | L8: 1l | M8: 1b1m1d | N8: 1b1m | O8: 1b1m | Q8: 1b | R8: 1l | W8: 1m1d | X8: 1m1l | Y8: 1b1m1d1l | Z8: 2b1m1d1l | AA8: 1m1b1l1d | AB8: 1b1m1d1l | AC8: 2b1m1d1l | AD8: 2m1b1d1l | AE8: 1m1d | AF8: 1m | AJ8: 1 | AK8: =COUNTA(D8:AI8) -> 22 | AL8: =Üldinfo!AN7 -> 30 | AM8: =AK8/AL8 -> 0.73333333 | AO8: =LEN(D8&E8&F8&G8&H8&I8&J8&K8&L8&M8&N8&O8&P8&Q8&R8&S8&T8&U8&V8&W8&X8&Y8&Z8&AA8&AB8&AC8&AD8&AE8&AF8&AG8&AH8&AI8)-LEN(SUBSTITUTE(D8&E8&F8&G8&H8&I8&J8&K8&L8&M8&N8&O8&P8&Q8&R8&S8&T8&U8&V8&W8&X8&Y8&Z8&AA8&AB8&AC8&AD8&AE8&AF8&AG8&AH8&AI8,"1","")) -> 49 | AP8: =LEN(D8&E8&F8&G8&H8&I8&J8&K8&L8&M8&N8&O8&P8&Q8&R8&S8&T8&U8&V8&W8&X8&Y8&Z8&AA8&AB8&AC8&AD8&AE8&AF8&AG8&AH8&AI8)-LEN(SUBSTITUTE(D8&E8&F8&G8&H8&I8&J8&K8&L8&M8&N8&O8&P8&Q8&R8&S8&T8&U8&V8&W8&X8&Y8&Z8&AA8&AB8&AC8&AD8&AE8&AF8&AG8&AH8&AI8,"2","")) -> 3 | AQ8: =LEN(D8&E8&F8&G8&H8&I8&J8&K8&L8&M8&N8&O8&P8&Q8&R8&S8&T8&U8&V8&W8&X8&Y8&Z8&AA8&AB8&AC8&AD8&AE8&AF8&AG8&AH8&AI8)-LEN(SUBSTITUTE(D8&E8&F8&G8&H8&I8&J8&K8&L8&M8&N8&O8&P8&Q8&R8&S8&T8&U8&V8&W8&X8&Y8&Z8&AA8&AB8&AC8&AD8&AE8&AF8&AG8&AH8&AI8,"3","")) -> 0 | AR8: =SUM(AO8:AQ8) -> 52 | AT8: =COUNTIF(D8:AI8,"*m*") -> 16 | AU8: =COUNTIF(D8:AI8,"*d*") -> 13 | AV8: =COUNTIF(D8:AI8,"*b*") -> 13 | AW8: =COUNTIF(D8:AI8,"*l*") -> 10 | AX8: =COUNTIF(D8:AI8,"*o*") -> 0 | AY8: =SUM(AT8:AX8) -> 52
A9: 5 | B9: ♀ | C9: 45+ a | G9: 1b | H9: 2b2m2d1l | I9: 1b1m1d1l | J9: 2b1m1d1l | K9: 1l | L9: 1b1m1d1l | M9: 2b2m1d1l | N9: 1d1m1l | O9: 1b1m1d | P9: 1b | R9: 1m1d | U9: 1m1l | X9: 1m1b1d1l | Y9: 2b1m1d1l | Z9: 1m1b1d1l | AA9: 1m1b1d1l | AD9: 1m1d1l | AE9: 1l | AH9: 1m1l | AJ9: 1 | AK9: =COUNTA(D9:AI9) -> 19 | AL9: =Üldinfo!AN8 -> 20 | AM9: =AK9/AL9 -> 0.95 | AO9: =LEN(D9&E9&F9&G9&H9&I9&J9&K9&L9&M9&N9&O9&P9&Q9&R9&S9&T9&U9&V9&W9&X9&Y9&Z9&AA9&AB9&AC9&AD9&AE9&AF9&AG9&AH9&AI9)-LEN(SUBSTITUTE(D9&E9&F9&G9&H9&I9&J9&K9&L9&M9&N9&O9&P9&Q9&R9&S9&T9&U9&V9&W9&X9&Y9&Z9&AA9&AB9&AC9&AD9&AE9&AF9&AG9&AH9&AI9,"1","")) -> 48 | AP9: =LEN(D9&E9&F9&G9&H9&I9&J9&K9&L9&M9&N9&O9&P9&Q9&R9&S9&T9&U9&V9&W9&X9&Y9&Z9&AA9&AB9&AC9&AD9&AE9&AF9&AG9&AH9&AI9)-LEN(SUBSTITUTE(D9&E9&F9&G9&H9&I9&J9&K9&L9&M9&N9&O9&P9&Q9&R9&S9&T9&U9&V9&W9&X9&Y9&Z9&AA9&AB9&AC9&AD9&AE9&AF9&AG9&AH9&AI9,"2","")) -> 7 | AQ9: =LEN(D9&E9&F9&G9&H9&I9&J9&K9&L9&M9&N9&O9&P9&Q9&R9&S9&T9&U9&V9&W9&X9&Y9&Z9&AA9&AB9&AC9&AD9&AE9&AF9&AG9&AH9&AI9)-LEN(SUBSTITUTE(D9&E9&F9&G9&H9&I9&J9&K9&L9&M9&N9&O9&P9&Q9&R9&S9&T9&U9&V9&W9&X9&Y9&Z9&AA9&AB9&AC9&AD9&AE9&AF9&AG9&AH9&AI9,"3","")) -> 0 | AR9: =SUM(AO9:AQ9) -> 55 | AT9: =COUNTIF(D9:AI9,"*m*") -> 15 | AU9: =COUNTIF(D9:AI9,"*d*") -> 13 | AV9: =COUNTIF(D9:AI9,"*b*") -> 12 | AW9: =COUNTIF(D9:AI9,"*l*") -> 15 | AX9: =COUNTIF(D9:AI9,"*o*") -> 0 | AY9: =SUM(AT9:AX9) -> 55
A10: 6 | B10: ♀ | C10: 40-50 a | D10: 1d1l | I10: 1b | J10: 1b | S10: 1l1b1d | U10: 1m1d1l | V10: 1m1b1d1l | W10: 1m1b1d1l | X10: 1m1b1d1l | Y10: 1m1b1d1l | Z10: 1m1d1l | AB10: 1b1d | AC10: 1b1l | AD10: 1b1d1l | AE10: 1m1l | AF10: 1m1b1d1l | AG10: 1m1b1d1l | AJ10: 1 | AK10: =COUNTA(D10:AI10) -> 16 | AL10: =Üldinfo!AN9 -> 18 | AM10: =AK10/AL10 -> 0.88888889 | AO10: =LEN(D10&E10&F10&G10&H10&I10&J10&K10&L10&M10&N10&O10&P10&Q10&R10&S10&T10&U10&V10&W10&X10&Y10&Z10&AA10&AB10&AC10&AD10&AE10&AF10&AG10&AH10&AI10)-LEN(SUBSTITUTE(D10&E10&F10&G10&H10&I10&J10&K10&L10&M10&N10&O10&P10&Q10&R10&S10&T10&U10&V10&W10&X10&Y10&Z10&AA10&AB10&AC10&AD10&AE10&AF10&AG10&AH10&AI10,"1","")) -> 46 | AP10: =LEN(D10&E10&F10&G10&H10&I10&J10&K10&L10&M10&N10&O10&P10&Q10&R10&S10&T10&U10&V10&W10&X10&Y10&Z10&AA10&AB10&AC10&AD10&AE10&AF10&AG10&AH10&AI10)-LEN(SUBSTITUTE(D10&E10&F10&G10&H10&I10&J10&K10&L10&M10&N10&O10&P10&Q10&R10&S10&T10&U10&V10&W10&X10&Y10&Z10&AA10&AB10&AC10&AD10&AE10&AF10&AG10&AH10&AI10,"2","")) -> 0 | AQ10: =LEN(D10&E10&F10&G10&H10&I10&J10&K10&L10&M10&N10&O10&P10&Q10&R10&S10&T10&U10&V10&W10&X10&Y10&Z10&AA10&AB10&AC10&AD10&AE10&AF10&AG10&AH10&AI10)-LEN(SUBSTITUTE(D10&E10&F10&G10&H10&I10&J10&K10&L10&M10&N10&O10&P10&Q10&R10&S10&T10&U10&V10&W10&X10&Y10&Z10&AA10&AB10&AC10&AD10&AE10&AF10&AG10&AH10&AI10,"3","")) -> 0 | AR10: =SUM(AO10:AQ10) -> 46 | AT10: =COUNTIF(D10:AI10,"*m*") -> 9 | AU10: =COUNTIF(D10:AI10,"*d*") -> 12 | AV10: =COUNTIF(D10:AI10,"*b*") -> 12 | AW10: =COUNTIF(D10:AI10,"*l*") -> 13 | AX10: =COUNTIF(D10:AI10,"*o*") -> 0 | AY10: =SUM(AT10:AX10) -> 46
A11: 7 | B11: SA | C11: 12-16 a | F11: 1m | G11: 1m | H11: 1b | L11: 1b | N11: 1m | O11: 1b1m | P11: 1b | Q11: 1b1d | X11: 1b1d | Y11: 1m1b1d1l | Z11: 1m1b1d1l | AA11: 1m1b1d1l | AB11: 1m1b1d1l | AC11: 1m1b1d1l | AD11: 1m1b1d1l | AE11: 1m1l | AJ11: 1 | AK11: =COUNTA(D11:AI11) -> 16 | AL11: =Üldinfo!AN10 -> 26 | AM11: =AK11/AL11 -> 0.61538462 | AO11: =LEN(D11&E11&F11&G11&H11&I11&J11&K11&L11&M11&N11&O11&P11&Q11&R11&S11&T11&U11&V11&W11&X11&Y11&Z11&AA11&AB11&AC11&AD11&AE11&AF11&AG11&AH11&AI11)-LEN(SUBSTITUTE(D11&E11&F11&G11&H11&I11&J11&K11&L11&M11&N11&O11&P11&Q11&R11&S11&T11&U11&V11&W11&X11&Y11&Z11&AA11&AB11&AC11&AD11&AE11&AF11&AG11&AH11&AI11,"1","")) -> 38 | AP11: =LEN(D11&E11&F11&G11&H11&I11&J11&K11&L11&M11&N11&O11&P11&Q11&R11&S11&T11&U11&V11&W11&X11&Y11&Z11&AA11&AB11&AC11&AD11&AE11&AF11&AG11&AH11&AI11)-LEN(SUBSTITUTE(D11&E11&F11&G11&H11&I11&J11&K11&L11&M11&N11&O11&P11&Q11&R11&S11&T11&U11&V11&W11&X11&Y11&Z11&AA11&AB11&AC11&AD11&AE11&AF11&AG11&AH11&AI11,"2","")) -> 0 | AQ11: =LEN(D11&E11&F11&G11&H11&I11&J11&K11&L11&M11&N11&O11&P11&Q11&R11&S11&T11&U11&V11&W11&X11&Y11&Z11&AA11&AB11&AC11&AD11&AE11&AF11&AG11&AH11&AI11)-LEN(SUBSTITUTE(D11&E11&F11&G11&H11&I11&J11&K11&L11&M11&N11&O11&P11&Q11&R11&S11&T11&U11&V11&W11&X11&Y11&Z11&AA11&AB11&AC11&AD11&AE11&AF11&AG11&AH11&AI11,"3","")) -> 0 | AR11: =SUM(AO11:AQ11) -> 38 | AT11: =COUNTIF(D11:AI11,"*m*") -> 11 | AU11: =COUNTIF(D11:AI11,"*d*") -> 8 | AV11: =COUNTIF(D11:AI11,"*b*") -> 12 | AW11: =COUNTIF(D11:AI11,"*l*") -> 7 | AX11: =COUNTIF(D11:AI11,"*o*") -> 0 | AY11: =SUM(AT11:AX11) -> 38
A12: 8 | B12: ♂ | C12: 35-45 a | D12: 1b1d1l | E12: 1b1l | G12: 1b | H12: 1b | I12: 1b1l | L12: 1b | M12: 1m1b1d | N12: 1m1b1d | O12: 1m1b | P12: 1b | S12: 1m1b1d1l | T12: 1l1d | U12: 1m1l | W12: 1m1d1l | X12: 1m1b1d1l | Y12: 1m1b1d1l | Z12: 1m1b1d | AA12: 1m1b1d1l | AB12: 1m1b1d1l | AC12: 1m1b1d1l | AD12: 1m1d1l | AE12: 1m1d1l | AF12: 1m1l | AG12: 1b1d1l | AH12: 1m1d1l | AI12: 1d1l | AJ12: 1 | AK12: =COUNTA(D12:AI12) -> 26 | AL12: =Üldinfo!AN11 -> 31 | AM12: =AK12/AL12 -> 0.83870968 | AO12: =LEN(D12&E12&F12&G12&H12&I12&J12&K12&L12&M12&N12&O12&P12&Q12&R12&S12&T12&U12&V12&W12&X12&Y12&Z12&AA12&AB12&AC12&AD12&AE12&AF12&AG12&AH12&AI12)-LEN(SUBSTITUTE(D12&E12&F12&G12&H12&I12&J12&K12&L12&M12&N12&O12&P12&Q12&R12&S12&T12&U12&V12&W12&X12&Y12&Z12&AA12&AB12&AC12&AD12&AE12&AF12&AG12&AH12&AI12,"1","")) -> 69 | AP12: =LEN(D12&E12&F12&G12&H12&I12&J12&K12&L12&M12&N12&O12&P12&Q12&R12&S12&T12&U12&V12&W12&X12&Y12&Z12&AA12&AB12&AC12&AD12&AE12&AF12&AG12&AH12&AI12)-LEN(SUBSTITUTE(D12&E12&F12&G12&H12&I12&J12&K12&L12&M12&N12&O12&P12&Q12&R12&S12&T12&U12&V12&W12&X12&Y12&Z12&AA12&AB12&AC12&AD12&AE12&AF12&AG12&AH12&AI12,"2","")) -> 0 | AQ12: =LEN(D12&E12&F12&G12&H12&I12&J12&K12&L12&M12&N12&O12&P12&Q12&R12&S12&T12&U12&V12&W12&X12&Y12&Z12&AA12&AB12&AC12&AD12&AE12&AF12&AG12&AH12&AI12)-LEN(SUBSTITUTE(D12&E12&F12&G12&H12&I12&J12&K12&L12&M12&N12&O12&P12&Q12&R12&S12&T12&U12&V12&W12&X12&Y12&Z12&AA12&AB12&AC12&AD12&AE12&AF12&AG12&AH12&AI12,"3","")) -> 0 | AR12: =SUM(AO12:AQ12) -> 69 | AT12: =COUNTIF(D12:AI12,"*m*") -> 16 | AU12: =COUNTIF(D12:AI12,"*d*") -> 17 | AV12: =COUNTIF(D12:AI12,"*b*") -> 18 | AW12: =COUNTIF(D12:AI12,"*l*") -> 18 | AX12: =COUNTIF(D12:AI12,"*o*") -> 0 | AY12: =SUM(AT12:AX12) -> 69
A13: 9 | B13: ♂ | C13: 40-50 a | R13: 1b | S13: 1b1o | AJ13: 1 | AK13: =COUNTA(D13:AI13) -> 2 | AL13: =Üldinfo!AN12 -> 9 | AM13: =AK13/AL13 -> 0.22222222 | AO13: =LEN(D13&E13&F13&G13&H13&I13&J13&K13&L13&M13&N13&O13&P13&Q13&R13&S13&T13&U13&V13&W13&X13&Y13&Z13&AA13&AB13&AC13&AD13&AE13&AF13&AG13&AH13&AI13)-LEN(SUBSTITUTE(D13&E13&F13&G13&H13&I13&J13&K13&L13&M13&N13&O13&P13&Q13&R13&S13&T13&U13&V13&W13&X13&Y13&Z13&AA13&AB13&AC13&AD13&AE13&AF13&AG13&AH13&AI13,"1","")) -> 3 | AP13: =LEN(D13&E13&F13&G13&H13&I13&J13&K13&L13&M13&N13&O13&P13&Q13&R13&S13&T13&U13&V13&W13&X13&Y13&Z13&AA13&AB13&AC13&AD13&AE13&AF13&AG13&AH13&AI13)-LEN(SUBSTITUTE(D13&E13&F13&G13&H13&I13&J13&K13&L13&M13&N13&O13&P13&Q13&R13&S13&T13&U13&V13&W13&X13&Y13&Z13&AA13&AB13&AC13&AD13&AE13&AF13&AG13&AH13&AI13,"2","")) -> 0 | AQ13: =LEN(D13&E13&F13&G13&H13&I13&J13&K13&L13&M13&N13&O13&P13&Q13&R13&S13&T13&U13&V13&W13&X13&Y13&Z13&AA13&AB13&AC13&AD13&AE13&AF13&AG13&AH13&AI13)-LEN(SUBSTITUTE(D13&E13&F13&G13&H13&I13&J13&K13&L13&M13&N13&O13&P13&Q13&R13&S13&T13&U13&V13&W13&X13&Y13&Z13&AA13&AB13&AC13&AD13&AE13&AF13&AG13&AH13&AI13,"3","")) -> 0 | AR13: =SUM(AO13:AQ13) -> 3 | AT13: =COUNTIF(D13:AI13,"*m*") -> 0 | AU13: =COUNTIF(D13:AI13,"*d*") -> 0 | AV13: =COUNTIF(D13:AI13,"*b*") -> 2 | AW13: =COUNTIF(D13:AI13,"*l*") -> 0 | AX13: =COUNTIF(D13:AI13,"*o*") -> 1 | AY13: =SUM(AT13:AX13) -> 3
A14: 10 | B14: ♂ | C14: 45+ a | D14: 2d1m1b1l | E14: 1b1l | G14: 1d | I14: 1m1b1d1l | J14: 1b | R14: 1l | S14: 2d2b2l1m | W14: 1m1b1d | X14: 1m1b1d | Y14: 3b2m1l1d | Z14: 3b1m1d | AB14: 3b3m2l1d | AC14: 3b3d2m1l | AE14: 2b1m1d1l | AF14: 1m1b1d1l | AG14: 1m1b1d | AH14: 1m1b | AJ14: 1 | AK14: =COUNTA(D14:AI14) -> 17 | AL14: =Üldinfo!AN13 -> 22 | AM14: =AK14/AL14 -> 0.77272727 | AO14: =LEN(D14&E14&F14&G14&H14&I14&J14&K14&L14&M14&N14&O14&P14&Q14&R14&S14&T14&U14&V14&W14&X14&Y14&Z14&AA14&AB14&AC14&AD14&AE14&AF14&AG14&AH14&AI14)-LEN(SUBSTITUTE(D14&E14&F14&G14&H14&I14&J14&K14&L14&M14&N14&O14&P14&Q14&R14&S14&T14&U14&V14&W14&X14&Y14&Z14&AA14&AB14&AC14&AD14&AE14&AF14&AG14&AH14&AI14,"1","")) -> 37 | AP14: =LEN(D14&E14&F14&G14&H14&I14&J14&K14&L14&M14&N14&O14&P14&Q14&R14&S14&T14&U14&V14&W14&X14&Y14&Z14&AA14&AB14&AC14&AD14&AE14&AF14&AG14&AH14&AI14)-LEN(SUBSTITUTE(D14&E14&F14&G14&H14&I14&J14&K14&L14&M14&N14&O14&P14&Q14&R14&S14&T14&U14&V14&W14&X14&Y14&Z14&AA14&AB14&AC14&AD14&AE14&AF14&AG14&AH14&AI14,"2","")) -> 8 | AQ14: =LEN(D14&E14&F14&G14&H14&I14&J14&K14&L14&M14&N14&O14&P14&Q14&R14&S14&T14&U14&V14&W14&X14&Y14&Z14&AA14&AB14&AC14&AD14&AE14&AF14&AG14&AH14&AI14)-LEN(SUBSTITUTE(D14&E14&F14&G14&H14&I14&J14&K14&L14&M14&N14&O14&P14&Q14&R14&S14&T14&U14&V14&W14&X14&Y14&Z14&AA14&AB14&AC14&AD14&AE14&AF14&AG14&AH14&AI14,"3","")) -> 6 | AR14: =SUM(AO14:AQ14) -> 51 | AT14: =COUNTIF(D14:AI14,"*m*") -> 13 | AU14: =COUNTIF(D14:AI14,"*d*") -> 13 | AV14: =COUNTIF(D14:AI14,"*b*") -> 15 | AW14: =COUNTIF(D14:AI14,"*l*") -> 10 | AX14: =COUNTIF(D14:AI14,"*o*") -> 0 | AY14: =SUM(AT14:AX14) -> 51
A15: 11 | B15: ♀ | C15: 40+ a | AK15: =COUNTA(D15:AI15) -> 0 | AL15: =Üldinfo!AN14 -> 0 | AM15: =AK15/AL15 -> #DIV/0! | AO15: =LEN(D15&E15&F15&G15&H15&I15&J15&K15&L15&M15&N15&O15&P15&Q15&R15&S15&T15&U15&V15&W15&X15&Y15&Z15&AA15&AB15&AC15&AD15&AE15&AF15&AG15&AH15&AI15)-LEN(SUBSTITUTE(D15&E15&F15&G15&H15&I15&J15&K15&L15&M15&N15&O15&P15&Q15&R15&S15&T15&U15&V15&W15&X15&Y15&Z15&AA15&AB15&AC15&AD15&AE15&AF15&AG15&AH15&AI15,"1","")) -> 0 | AP15: =LEN(D15&E15&F15&G15&H15&I15&J15&K15&L15&M15&N15&O15&P15&Q15&R15&S15&T15&U15&V15&W15&X15&Y15&Z15&AA15&AB15&AC15&AD15&AE15&AF15&AG15&AH15&AI15)-LEN(SUBSTITUTE(D15&E15&F15&G15&H15&I15&J15&K15&L15&M15&N15&O15&P15&Q15&R15&S15&T15&U15&V15&W15&X15&Y15&Z15&AA15&AB15&AC15&AD15&AE15&AF15&AG15&AH15&AI15,"2","")) -> 0 | AQ15: =LEN(D15&E15&F15&G15&H15&I15&J15&K15&L15&M15&N15&O15&P15&Q15&R15&S15&T15&U15&V15&W15&X15&Y15&Z15&AA15&AB15&AC15&AD15&AE15&AF15&AG15&AH15&AI15)-LEN(SUBSTITUTE(D15&E15&F15&G15&H15&I15&J15&K15&L15&M15&N15&O15&P15&Q15&R15&S15&T15&U15&V15&W15&X15&Y15&Z15&AA15&AB15&AC15&AD15&AE15&AF15&AG15&AH15&AI15,"3","")) -> 0 | AR15: =SUM(AO15:AQ15) -> 0 | AT15: =COUNTIF(D15:AI15,"*m*") -> 0 | AU15: =COUNTIF(D15:AI15,"*d*") -> 0 | AV15: =COUNTIF(D15:AI15,"*b*") -> 0 | AW15: =COUNTIF(D15:AI15,"*l*") -> 0 | AX15: =COUNTIF(D15:AI15,"*o*") -> 0 | AY15: =SUM(AT15:AX15) -> 0
A16: 12 | B16: ♂ | C16: 18-19 a | AK16: =COUNTA(D16:AI16) -> 0 | AL16: =Üldinfo!AN15 -> 0 | AM16: =AK16/AL16 -> #DIV/0! | AO16: =LEN(D16&E16&F16&G16&H16&I16&J16&K16&L16&M16&N16&O16&P16&Q16&R16&S16&T16&U16&V16&W16&X16&Y16&Z16&AA16&AB16&AC16&AD16&AE16&AF16&AG16&AH16&AI16)-LEN(SUBSTITUTE(D16&E16&F16&G16&H16&I16&J16&K16&L16&M16&N16&O16&P16&Q16&R16&S16&T16&U16&V16&W16&X16&Y16&Z16&AA16&AB16&AC16&AD16&AE16&AF16&AG16&AH16&AI16,"1","")) -> 0 | AP16: =LEN(D16&E16&F16&G16&H16&I16&J16&K16&L16&M16&N16&O16&P16&Q16&R16&S16&T16&U16&V16&W16&X16&Y16&Z16&AA16&AB16&AC16&AD16&AE16&AF16&AG16&AH16&AI16)-LEN(SUBSTITUTE(D16&E16&F16&G16&H16&I16&J16&K16&L16&M16&N16&O16&P16&Q16&R16&S16&T16&U16&V16&W16&X16&Y16&Z16&AA16&AB16&AC16&AD16&AE16&AF16&AG16&AH16&AI16,"2","")) -> 0 | AQ16: =LEN(D16&E16&F16&G16&H16&I16&J16&K16&L16&M16&N16&O16&P16&Q16&R16&S16&T16&U16&V16&W16&X16&Y16&Z16&AA16&AB16&AC16&AD16&AE16&AF16&AG16&AH16&AI16)-LEN(SUBSTITUTE(D16&E16&F16&G16&H16&I16&J16&K16&L16&M16&N16&O16&P16&Q16&R16&S16&T16&U16&V16&W16&X16&Y16&Z16&AA16&AB16&AC16&AD16&AE16&AF16&AG16&AH16&AI16,"3","")) -> 0 | AR16: =SUM(AO16:AQ16) -> 0 | AT16: =COUNTIF(D16:AI16,"*m*") -> 0 | AU16: =COUNTIF(D16:AI16,"*d*") -> 0 | AV16: =COUNTIF(D16:AI16,"*b*") -> 0 | AW16: =COUNTIF(D16:AI16,"*l*") -> 0 | AX16: =COUNTIF(D16:AI16,"*o*") -> 0 | AY16: =SUM(AT16:AX16) -> 0
A17: 13 | B17: ♂ | C17: 25-35 a | D17: 1b1d1l | E17: 1m1b1l | I17: 3b1l | J17: 1b1l | N17: 3b1d1l | O17: 2b1m1d1l | R17: 2m2l | S17: 1d1l | AJ17: 1 | AK17: =COUNTA(D17:AI17) -> 8 | AL17: =Üldinfo!AN16 -> 8 | AM17: =AK17/AL17 -> 1 | AO17: =LEN(D17&E17&F17&G17&H17&I17&J17&K17&L17&M17&N17&O17&P17&Q17&R17&S17&T17&U17&V17&W17&X17&Y17&Z17&AA17&AB17&AC17&AD17&AE17&AF17&AG17&AH17&AI17)-LEN(SUBSTITUTE(D17&E17&F17&G17&H17&I17&J17&K17&L17&M17&N17&O17&P17&Q17&R17&S17&T17&U17&V17&W17&X17&Y17&Z17&AA17&AB17&AC17&AD17&AE17&AF17&AG17&AH17&AI17,"1","")) -> 16 | AP17: =LEN(D17&E17&F17&G17&H17&I17&J17&K17&L17&M17&N17&O17&P17&Q17&R17&S17&T17&U17&V17&W17&X17&Y17&Z17&AA17&AB17&AC17&AD17&AE17&AF17&AG17&AH17&AI17)-LEN(SUBSTITUTE(D17&E17&F17&G17&H17&I17&J17&K17&L17&M17&N17&O17&P17&Q17&R17&S17&T17&U17&V17&W17&X17&Y17&Z17&AA17&AB17&AC17&AD17&AE17&AF17&AG17&AH17&AI17,"2","")) -> 3 | AQ17: =LEN(D17&E17&F17&G17&H17&I17&J17&K17&L17&M17&N17&O17&P17&Q17&R17&S17&T17&U17&V17&W17&X17&Y17&Z17&AA17&AB17&AC17&AD17&AE17&AF17&AG17&AH17&AI17)-LEN(SUBSTITUTE(D17&E17&F17&G17&H17&I17&J17&K17&L17&M17&N17&O17&P17&Q17&R17&S17&T17&U17&V17&W17&X17&Y17&Z17&AA17&AB17&AC17&AD17&AE17&AF17&AG17&AH17&AI17,"3","")) -> 2 | AR17: =SUM(AO17:AQ17) -> 21 | AT17: =COUNTIF(D17:AI17,"*m*") -> 3 | AU17: =COUNTIF(D17:AI17,"*d*") -> 4 | AV17: =COUNTIF(D17:AI17,"*b*") -> 6 | AW17: =COUNTIF(D17:AI17,"*l*") -> 8 | AX17: =COUNTIF(D17:AI17,"*o*") -> 0 | AY17: =SUM(AT17:AX17) -> 21
A18: 14 | B18: ♀ | C18: 50+ a | D18: 3b2m2d2o1l | E18: 1m1b1d1l1o | I18: 1b | Q18: 1m1b1d1l | S18: 1m1b1d1l1o | W18: 1m1b1l | X18: 1m1b1d1l | Y18: 1m1b1d1l | AB18: 1m1b1d1l | AC18: 1l1d | AD18: 1b1d1l | AE18: 1l1d | AJ18: 1 | AK18: =COUNTA(D18:AI18) -> 12 | AL18: =Üldinfo!AN17 -> 20 | AM18: =AK18/AL18 -> 0.6 | AO18: =LEN(D18&E18&F18&G18&H18&I18&J18&K18&L18&M18&N18&O18&P18&Q18&R18&S18&T18&U18&V18&W18&X18&Y18&Z18&AA18&AB18&AC18&AD18&AE18&AF18&AG18&AH18&AI18)-LEN(SUBSTITUTE(D18&E18&F18&G18&H18&I18&J18&K18&L18&M18&N18&O18&P18&Q18&R18&S18&T18&U18&V18&W18&X18&Y18&Z18&AA18&AB18&AC18&AD18&AE18&AF18&AG18&AH18&AI18,"1","")) -> 38 | AP18: =LEN(D18&E18&F18&G18&H18&I18&J18&K18&L18&M18&N18&O18&P18&Q18&R18&S18&T18&U18&V18&W18&X18&Y18&Z18&AA18&AB18&AC18&AD18&AE18&AF18&AG18&AH18&AI18)-LEN(SUBSTITUTE(D18&E18&F18&G18&H18&I18&J18&K18&L18&M18&N18&O18&P18&Q18&R18&S18&T18&U18&V18&W18&X18&Y18&Z18&AA18&AB18&AC18&AD18&AE18&AF18&AG18&AH18&AI18,"2","")) -> 3 | AQ18: =LEN(D18&E18&F18&G18&H18&I18&J18&K18&L18&M18&N18&O18&P18&Q18&R18&S18&T18&U18&V18&W18&X18&Y18&Z18&AA18&AB18&AC18&AD18&AE18&AF18&AG18&AH18&AI18)-LEN(SUBSTITUTE(D18&E18&F18&G18&H18&I18&J18&K18&L18&M18&N18&O18&P18&Q18&R18&S18&T18&U18&V18&W18&X18&Y18&Z18&AA18&AB18&AC18&AD18&AE18&AF18&AG18&AH18&AI18,"3","")) -> 1 | AR18: =SUM(AO18:AQ18) -> 42 | AT18: =COUNTIF(D18:AI18,"*m*") -> 8 | AU18: =COUNTIF(D18:AI18,"*d*") -> 10 | AV18: =COUNTIF(D18:AI18,"*b*") -> 10 | AW18: =COUNTIF(D18:AI18,"*l*") -> 11 | AX18: =COUNTIF(D18:AI18,"*o*") -> 3 | AY18: =SUM(AT18:AX18) -> 42
A19: 15 | B19: ♂ | C19: 39-44 a | E19: 2m2b2d2l2o | H19: 1d | I19: 2b1l | O19: 2b2d1l | Q19: 2b2l1d | W19: 1m1l | X19: 1m1b1d1l | Y19: 3l1m1b1d | Z19: 3b3l1m1d | AA19: 2b3l | AB19: 1m1b1d3l | AC19: 1m1b1d2l | AD19: 1m1b1d1l | AE19: 1m1b1d2l | AF19: 1m1b1d1l | AJ19: 1 | AK19: =COUNTA(D19:AI19) -> 15 | AL19: =Üldinfo!AN18 -> 16 | AM19: =AK19/AL19 -> 0.9375 | AO19: =LEN(D19&E19&F19&G19&H19&I19&J19&K19&L19&M19&N19&O19&P19&Q19&R19&S19&T19&U19&V19&W19&X19&Y19&Z19&AA19&AB19&AC19&AD19&AE19&AF19&AG19&AH19&AI19)-LEN(SUBSTITUTE(D19&E19&F19&G19&H19&I19&J19&K19&L19&M19&N19&O19&P19&Q19&R19&S19&T19&U19&V19&W19&X19&Y19&Z19&AA19&AB19&AC19&AD19&AE19&AF19&AG19&AH19&AI19,"1","")) -> 32 | AP19: =LEN(D19&E19&F19&G19&H19&I19&J19&K19&L19&M19&N19&O19&P19&Q19&R19&S19&T19&U19&V19&W19&X19&Y19&Z19&AA19&AB19&AC19&AD19&AE19&AF19&AG19&AH19&AI19)-LEN(SUBSTITUTE(D19&E19&F19&G19&H19&I19&J19&K19&L19&M19&N19&O19&P19&Q19&R19&S19&T19&U19&V19&W19&X19&Y19&Z19&AA19&AB19&AC19&AD19&AE19&AF19&AG19&AH19&AI19,"2","")) -> 13 | AQ19: =LEN(D19&E19&F19&G19&H19&I19&J19&K19&L19&M19&N19&O19&P19&Q19&R19&S19&T19&U19&V19&W19&X19&Y19&Z19&AA19&AB19&AC19&AD19&AE19&AF19&AG19&AH19&AI19)-LEN(SUBSTITUTE(D19&E19&F19&G19&H19&I19&J19&K19&L19&M19&N19&O19&P19&Q19&R19&S19&T19&U19&V19&W19&X19&Y19&Z19&AA19&AB19&AC19&AD19&AE19&AF19&AG19&AH19&AI19,"3","")) -> 5 | AR19: =SUM(AO19:AQ19) -> 50 | AT19: =COUNTIF(D19:AI19,"*m*") -> 10 | AU19: =COUNTIF(D19:AI19,"*d*") -> 12 | AV19: =COUNTIF(D19:AI19,"*b*") -> 13 | AW19: =COUNTIF(D19:AI19,"*l*") -> 14 | AX19: =COUNTIF(D19:AI19,"*o*") -> 1 | AY19: =SUM(AT19:AX19) -> 50
A20: 16 | B20: ♀ | C20: 25-35 a | E20: 1b | F20: 1b | G20: 1b1d | H20: 1b | I20: 1b | M20: 1b | N20: 1b1m1d | O20: 1m1d | AJ20: 1 | AK20: =COUNTA(D20:AI20) -> 8 | AL20: =Üldinfo!AN19 -> 28 | AM20: =AK20/AL20 -> 0.28571429 | AO20: =LEN(D20&E20&F20&G20&H20&I20&J20&K20&L20&M20&N20&O20&P20&Q20&R20&S20&T20&U20&V20&W20&X20&Y20&Z20&AA20&AB20&AC20&AD20&AE20&AF20&AG20&AH20&AI20)-LEN(SUBSTITUTE(D20&E20&F20&G20&H20&I20&J20&K20&L20&M20&N20&O20&P20&Q20&R20&S20&T20&U20&V20&W20&X20&Y20&Z20&AA20&AB20&AC20&AD20&AE20&AF20&AG20&AH20&AI20,"1","")) -> 12 | AP20: =LEN(D20&E20&F20&G20&H20&I20&J20&K20&L20&M20&N20&O20&P20&Q20&R20&S20&T20&U20&V20&W20&X20&Y20&Z20&AA20&AB20&AC20&AD20&AE20&AF20&AG20&AH20&AI20)-LEN(SUBSTITUTE(D20&E20&F20&G20&H20&I20&J20&K20&L20&M20&N20&O20&P20&Q20&R20&S20&T20&U20&V20&W20&X20&Y20&Z20&AA20&AB20&AC20&AD20&AE20&AF20&AG20&AH20&AI20,"2","")) -> 0 | AQ20: =LEN(D20&E20&F20&G20&H20&I20&J20&K20&L20&M20&N20&O20&P20&Q20&R20&S20&T20&U20&V20&W20&X20&Y20&Z20&AA20&AB20&AC20&AD20&AE20&AF20&AG20&AH20&AI20)-LEN(SUBSTITUTE(D20&E20&F20&G20&H20&I20&J20&K20&L20&M20&N20&O20&P20&Q20&R20&S20&T20&U20&V20&W20&X20&Y20&Z20&AA20&AB20&AC20&AD20&AE20&AF20&AG20&AH20&AI20,"3","")) -> 0 | AR20: =SUM(AO20:AQ20) -> 12 | AT20: =COUNTIF(D20:AI20,"*m*") -> 2 | AU20: =COUNTIF(D20:AI20,"*d*") -> 3 | AV20: =COUNTIF(D20:AI20,"*b*") -> 7 | AW20: =COUNTIF(D20:AI20,"*l*") -> 0 | AX20: =COUNTIF(D20:AI20,"*o*") -> 0 | AY20: =SUM(AT20:AX20) -> 12
A21: 17 | B21: ♂ | C21: 25-35 a | D21: 1b1d1l | F21: 1b1m1d | H21: 1m1b | I21: 1m1b1d | J21: 1b | K21: 1b | L21: 1b | M21: 1b1d | N21: 2b1m | O21: 1b | P21: 1m1b1d | Q21: 1b1d | S21: 1d | T21: 1m | U21: 1m1b1d1l | V21: 1l1b1d | W21: 1l1b1d | X21: 1b1l | Y21: 1l1m1b | Z21: 1m1b1d1l | AA21: 1m1b1d1l | AB21: 1m1b1d | AC21: 1m1b1d1l | AD21: 1ml1b | AE21: 1m1d | AF21: 1m | AG21: 1b | AH21: 1b | AI21: 1m1b1d1l | AJ21: 1 | AK21: =COUNTA(D21:AI21) -> 29 | AL21: =Üldinfo!AN20 -> 32 | AM21: =AK21/AL21 -> 0.90625 | AO21: =LEN(D21&E21&F21&G21&H21&I21&J21&K21&L21&M21&N21&O21&P21&Q21&R21&S21&T21&U21&V21&W21&X21&Y21&Z21&AA21&AB21&AC21&AD21&AE21&AF21&AG21&AH21&AI21)-LEN(SUBSTITUTE(D21&E21&F21&G21&H21&I21&J21&K21&L21&M21&N21&O21&P21&Q21&R21&S21&T21&U21&V21&W21&X21&Y21&Z21&AA21&AB21&AC21&AD21&AE21&AF21&AG21&AH21&AI21,"1","")) -> 66 | AP21: =LEN(D21&E21&F21&G21&H21&I21&J21&K21&L21&M21&N21&O21&P21&Q21&R21&S21&T21&U21&V21&W21&X21&Y21&Z21&AA21&AB21&AC21&AD21&AE21&AF21&AG21&AH21&AI21)-LEN(SUBSTITUTE(D21&E21&F21&G21&H21&I21&J21&K21&L21&M21&N21&O21&P21&Q21&R21&S21&T21&U21&V21&W21&X21&Y21&Z21&AA21&AB21&AC21&AD21&AE21&AF21&AG21&AH21&AI21,"2","")) -> 1 | AQ21: =LEN(D21&E21&F21&G21&H21&I21&J21&K21&L21&M21&N21&O21&P21&Q21&R21&S21&T21&U21&V21&W21&X21&Y21&Z21&AA21&AB21&AC21&AD21&AE21&AF21&AG21&AH21&AI21)-LEN(SUBSTITUTE(D21&E21&F21&G21&H21&I21&J21&K21&L21&M21&N21&O21&P21&Q21&R21&S21&T21&U21&V21&W21&X21&Y21&Z21&AA21&AB21&AC21&AD21&AE21&AF21&AG21&AH21&AI21,"3","")) -> 0 | AR21: =SUM(AO21:AQ21) -> 67 | AT21: =COUNTIF(D21:AI21,"*m*") -> 16 | AU21: =COUNTIF(D21:AI21,"*d*") -> 16 | AV21: =COUNTIF(D21:AI21,"*b*") -> 25 | AW21: =COUNTIF(D21:AI21,"*l*") -> 11 | AX21: =COUNTIF(D21:AI21,"*o*") -> 0 | AY21: =SUM(AT21:AX21) -> 68
A22: 18 | B22: ♂ | C22: 44-50 a | M22: 1b | O22: 1b | P22: 1b | Q22: 1b | R22: 1b | T22: 1l | U22: 1l | V22: 1l | W22: 1m1d1l | X22: 1m1b1d1l | Y22: 2bm1d1l | Z22: 1m1b1d1l | AA22: 1m1b1d1l | AB22: 1m1b1d1l | AC22: 1m1b1d1l | AD22: 2b1m1d1l | AE22: 1m1l | AF22: 1l | AH22: 1l | AI22: 1l | AJ22: 1 | AK22: =COUNTA(D22:AI22) -> 20 | AL22: =Üldinfo!AN21 -> 25 | AM22: =AK22/AL22 -> 0.8 | AO22: =LEN(D22&E22&F22&G22&H22&I22&J22&K22&L22&M22&N22&O22&P22&Q22&R22&S22&T22&U22&V22&W22&X22&Y22&Z22&AA22&AB22&AC22&AD22&AE22&AF22&AG22&AH22&AI22)-LEN(SUBSTITUTE(D22&E22&F22&G22&H22&I22&J22&K22&L22&M22&N22&O22&P22&Q22&R22&S22&T22&U22&V22&W22&X22&Y22&Z22&AA22&AB22&AC22&AD22&AE22&AF22&AG22&AH22&AI22,"1","")) -> 41 | AP22: =LEN(D22&E22&F22&G22&H22&I22&J22&K22&L22&M22&N22&O22&P22&Q22&R22&S22&T22&U22&V22&W22&X22&Y22&Z22&AA22&AB22&AC22&AD22&AE22&AF22&AG22&AH22&AI22)-LEN(SUBSTITUTE(D22&E22&F22&G22&H22&I22&J22&K22&L22&M22&N22&O22&P22&Q22&R22&S22&T22&U22&V22&W22&X22&Y22&Z22&AA22&AB22&AC22&AD22&AE22&AF22&AG22&AH22&AI22,"2","")) -> 2 | AQ22: =LEN(D22&E22&F22&G22&H22&I22&J22&K22&L22&M22&N22&O22&P22&Q22&R22&S22&T22&U22&V22&W22&X22&Y22&Z22&AA22&AB22&AC22&AD22&AE22&AF22&AG22&AH22&AI22)-LEN(SUBSTITUTE(D22&E22&F22&G22&H22&I22&J22&K22&L22&M22&N22&O22&P22&Q22&R22&S22&T22&U22&V22&W22&X22&Y22&Z22&AA22&AB22&AC22&AD22&AE22&AF22&AG22&AH22&AI22,"3","")) -> 0 | AR22: =SUM(AO22:AQ22) -> 43 | AT22: =COUNTIF(D22:AI22,"*m*") -> 9 | AU22: =COUNTIF(D22:AI22,"*d*") -> 8 | AV22: =COUNTIF(D22:AI22,"*b*") -> 12 | AW22: =COUNTIF(D22:AI22,"*l*") -> 15 | AX22: =COUNTIF(D22:AI22,"*o*") -> 0 | AY22: =SUM(AT22:AX22) -> 44
A23: 19 | B23: ♂ ? | C23: 39-44 a | D23: 1b1d | E23: 1b1d | F23: 1d | G23: 1m1b1d | H23: 1m1b1d | N23: 1b | P23: 1b1d | Q23: 1m1b1d1l | R23: 1m1d | X23: 1l | Y23: 1m1l | Z23: 1m1b1d1l | AA23: 1m1b1d1l | AB23: 1m1b1d1l | AC23: 1mb1l | AD23: 1m1b | AE23: 1b | AG23: 1m1l | AH23: 1m1l | AJ23: 1 | AK23: =COUNTA(D23:AI23) -> 19 | AL23: =Üldinfo!AN22 -> 23 | AM23: =AK23/AL23 -> 0.82608696 | AO23: =LEN(D23&E23&F23&G23&H23&I23&J23&K23&L23&M23&N23&O23&P23&Q23&R23&S23&T23&U23&V23&W23&X23&Y23&Z23&AA23&AB23&AC23&AD23&AE23&AF23&AG23&AH23&AI23)-LEN(SUBSTITUTE(D23&E23&F23&G23&H23&I23&J23&K23&L23&M23&N23&O23&P23&Q23&R23&S23&T23&U23&V23&W23&X23&Y23&Z23&AA23&AB23&AC23&AD23&AE23&AF23&AG23&AH23&AI23,"1","")) -> 44 | AP23: =LEN(D23&E23&F23&G23&H23&I23&J23&K23&L23&M23&N23&O23&P23&Q23&R23&S23&T23&U23&V23&W23&X23&Y23&Z23&AA23&AB23&AC23&AD23&AE23&AF23&AG23&AH23&AI23)-LEN(SUBSTITUTE(D23&E23&F23&G23&H23&I23&J23&K23&L23&M23&N23&O23&P23&Q23&R23&S23&T23&U23&V23&W23&X23&Y23&Z23&AA23&AB23&AC23&AD23&AE23&AF23&AG23&AH23&AI23,"2","")) -> 0 | AQ23: =LEN(D23&E23&F23&G23&H23&I23&J23&K23&L23&M23&N23&O23&P23&Q23&R23&S23&T23&U23&V23&W23&X23&Y23&Z23&AA23&AB23&AC23&AD23&AE23&AF23&AG23&AH23&AI23)-LEN(SUBSTITUTE(D23&E23&F23&G23&H23&I23&J23&K23&L23&M23&N23&O23&P23&Q23&R23&S23&T23&U23&V23&W23&X23&Y23&Z23&AA23&AB23&AC23&AD23&AE23&AF23&AG23&AH23&AI23,"3","")) -> 0 | AR23: =SUM(AO23:AQ23) -> 44 | AT23: =COUNTIF(D23:AI23,"*m*") -> 12 | AU23: =COUNTIF(D23:AI23,"*d*") -> 11 | AV23: =COUNTIF(D23:AI23,"*b*") -> 13 | AW23: =COUNTIF(D23:AI23,"*l*") -> 9 | AX23: =COUNTIF(D23:AI23,"*o*") -> 0 | AY23: =SUM(AT23:AX23) -> 45
A24: 20 | B24: =Üldinfo!B23 -> Mees | C24: =Üldinfo!C23 -> 22-24 a | AK24: =COUNTA(D24:AI24) -> 0 | AL24: =Üldinfo!AN23 -> 0 | AM24: =AK24/AL24 -> #DIV/0! | AO24: =LEN(D24&E24&F24&G24&H24&I24&J24&K24&L24&M24&N24&O24&P24&Q24&R24&S24&T24&U24&V24&W24&X24&Y24&Z24&AA24&AB24&AC24&AD24&AE24&AF24&AG24&AH24&AI24)-LEN(SUBSTITUTE(D24&E24&F24&G24&H24&I24&J24&K24&L24&M24&N24&O24&P24&Q24&R24&S24&T24&U24&V24&W24&X24&Y24&Z24&AA24&AB24&AC24&AD24&AE24&AF24&AG24&AH24&AI24,"1","")) -> 0 | AP24: =LEN(D24&E24&F24&G24&H24&I24&J24&K24&L24&M24&N24&O24&P24&Q24&R24&S24&T24&U24&V24&W24&X24&Y24&Z24&AA24&AB24&AC24&AD24&AE24&AF24&AG24&AH24&AI24)-LEN(SUBSTITUTE(D24&E24&F24&G24&H24&I24&J24&K24&L24&M24&N24&O24&P24&Q24&R24&S24&T24&U24&V24&W24&X24&Y24&Z24&AA24&AB24&AC24&AD24&AE24&AF24&AG24&AH24&AI24,"2","")) -> 0 | AQ24: =LEN(D24&E24&F24&G24&H24&I24&J24&K24&L24&M24&N24&O24&P24&Q24&R24&S24&T24&U24&V24&W24&X24&Y24&Z24&AA24&AB24&AC24&AD24&AE24&AF24&AG24&AH24&AI24)-LEN(SUBSTITUTE(D24&E24&F24&G24&H24&I24&J24&K24&L24&M24&N24&O24&P24&Q24&R24&S24&T24&U24&V24&W24&X24&Y24&Z24&AA24&AB24&AC24&AD24&AE24&AF24&AG24&AH24&AI24,"3","")) -> 0 | AR24: =SUM(AO24:AQ24) -> 0 | AT24: =COUNTIF(D24:AI24,"*m*") -> 0 | AU24: =COUNTIF(D24:AI24,"*d*") -> 0 | AV24: =COUNTIF(D24:AI24,"*b*") -> 0 | AW24: =COUNTIF(D24:AI24,"*l*") -> 0 | AX24: =COUNTIF(D24:AI24,"*o*") -> 0 | AY24: =SUM(AT24:AX24) -> 0
A25: 21 | B25: =Üldinfo!B24 -> Naine | C25: =Üldinfo!C24 -> 40+ a | D25: 1m1b1d1l | E25: 1b1d1l | I25: 1b | J25: 1b1l | K25: 1b | L25: 1b1l | M25: 1b | N25: 1b | R25: 1b | S25: 1m1b1d1l | U25: 1b | X25: 1b | Y25: 1b1l | Z25: 1b1l | AA25: 1b1l | AB25: 1b1l | AC25: 1b | AD25: 1b1l | AE25: 1b1l | AF25: 1b1l | AG25: 1b1d1l | AH25: 1b1m | AK25: =COUNTA(D25:AI25) -> 22 | AL25: =Üldinfo!AN24 -> 29 | AM25: =AK25/AL25 -> 0.75862069 | AO25: =LEN(D25&E25&F25&G25&H25&I25&J25&K25&L25&M25&N25&O25&P25&Q25&R25&S25&T25&U25&V25&W25&X25&Y25&Z25&AA25&AB25&AC25&AD25&AE25&AF25&AG25&AH25&AI25)-LEN(SUBSTITUTE(D25&E25&F25&G25&H25&I25&J25&K25&L25&M25&N25&O25&P25&Q25&R25&S25&T25&U25&V25&W25&X25&Y25&Z25&AA25&AB25&AC25&AD25&AE25&AF25&AG25&AH25&AI25,"1","")) -> 42 | AP25: =LEN(D25&E25&F25&G25&H25&I25&J25&K25&L25&M25&N25&O25&P25&Q25&R25&S25&T25&U25&V25&W25&X25&Y25&Z25&AA25&AB25&AC25&AD25&AE25&AF25&AG25&AH25&AI25)-LEN(SUBSTITUTE(D25&E25&F25&G25&H25&I25&J25&K25&L25&M25&N25&O25&P25&Q25&R25&S25&T25&U25&V25&W25&X25&Y25&Z25&AA25&AB25&AC25&AD25&AE25&AF25&AG25&AH25&AI25,"2","")) -> 0 | AQ25: =LEN(D25&E25&F25&G25&H25&I25&J25&K25&L25&M25&N25&O25&P25&Q25&R25&S25&T25&U25&V25&W25&X25&Y25&Z25&AA25&AB25&AC25&AD25&AE25&AF25&AG25&AH25&AI25)-LEN(SUBSTITUTE(D25&E25&F25&G25&H25&I25&J25&K25&L25&M25&N25&O25&P25&Q25&R25&S25&T25&U25&V25&W25&X25&Y25&Z25&AA25&AB25&AC25&AD25&AE25&AF25&AG25&AH25&AI25,"3","")) -> 0 | AR25: =SUM(AO25:AQ25) -> 42 | AT25: =COUNTIF(D25:AI25,"*m*") -> 3 | AU25: =COUNTIF(D25:AI25,"*d*") -> 4 | AV25: =COUNTIF(D25:AI25,"*b*") -> 22 | AW25: =COUNTIF(D25:AI25,"*l*") -> 13 | AX25: =COUNTIF(D25:AI25,"*o*") -> 0 | AY25: =SUM(AT25:AX25) -> 42
A26: 22 | B26: =Üldinfo!B25 -> Mees ? | C26: =Üldinfo!C25 -> 25-35 a | D26: 1m1b1d | E26: 1m1b1d1l | F26: 1m1b1d1l | G26: 1b | H26: 1m1b | I26: 1b | J26: 1b | K26: 1b1l | L26: 1b1d1l | M26: 1m1b | N26: 1m | O26: 1m | Q26: 1l | R26: 1m1l | S26: 1l | U26: 1b1l | V26: 1m1b1d1l | W26: 1m1b1d1l | X26: 1m1b1d1l | Y26: 1m1b1d1l | Z26: 2b1d1l | AA26: 2b1m1d1l | AB26: 1m1b1d1l | AC26: 1m1b1d1l | AD26: 1m1b1d1l | AE26: 1m1b1d1l | AF26: 1m1d1l | AG26: 1m1b1d1l | AH26: 1m1b1d1l | AI26: 1m1b1l | AJ26: 1 | AK26: =COUNTA(D26:AI26) -> 30 | AL26: =Üldinfo!AN25 -> 31 | AM26: =AK26/AL26 -> 0.96774194 | AO26: =LEN(D26&E26&F26&G26&H26&I26&J26&K26&L26&M26&N26&O26&P26&Q26&R26&S26&T26&U26&V26&W26&X26&Y26&Z26&AA26&AB26&AC26&AD26&AE26&AF26&AG26&AH26&AI26)-LEN(SUBSTITUTE(D26&E26&F26&G26&H26&I26&J26&K26&L26&M26&N26&O26&P26&Q26&R26&S26&T26&U26&V26&W26&X26&Y26&Z26&AA26&AB26&AC26&AD26&AE26&AF26&AG26&AH26&AI26,"1","")) -> 82 | AP26: =LEN(D26&E26&F26&G26&H26&I26&J26&K26&L26&M26&N26&O26&P26&Q26&R26&S26&T26&U26&V26&W26&X26&Y26&Z26&AA26&AB26&AC26&AD26&AE26&AF26&AG26&AH26&AI26)-LEN(SUBSTITUTE(D26&E26&F26&G26&H26&I26&J26&K26&L26&M26&N26&O26&P26&Q26&R26&S26&T26&U26&V26&W26&X26&Y26&Z26&AA26&AB26&AC26&AD26&AE26&AF26&AG26&AH26&AI26,"2","")) -> 2 | AQ26: =LEN(D26&E26&F26&G26&H26&I26&J26&K26&L26&M26&N26&O26&P26&Q26&R26&S26&T26&U26&V26&W26&X26&Y26&Z26&AA26&AB26&AC26&AD26&AE26&AF26&AG26&AH26&AI26)-LEN(SUBSTITUTE(D26&E26&F26&G26&H26&I26&J26&K26&L26&M26&N26&O26&P26&Q26&R26&S26&T26&U26&V26&W26&X26&Y26&Z26&AA26&AB26&AC26&AD26&AE26&AF26&AG26&AH26&AI26,"3","")) -> 0 | AR26: =SUM(AO26:AQ26) -> 84 | AT26: =COUNTIF(D26:AI26,"*m*") -> 21 | AU26: =COUNTIF(D26:AI26,"*d*") -> 17 | AV26: =COUNTIF(D26:AI26,"*b*") -> 24 | AW26: =COUNTIF(D26:AI26,"*l*") -> 22 | AX26: =COUNTIF(D26:AI26,"*o*") -> 0 | AY26: =SUM(AT26:AX26) -> 84
A27: 23 | B27: =Üldinfo!B26 -> Mees | C27: =Üldinfo!C26 -> 50+ a | D27: 1b1d1l | E27: 1m1b | F27: 1m1b1l | G27: 1m1b1d1l | I27: 1b1l | J27: 2b1l | K27: 1m1b1d1l | L27: 1m1b1l | M27: 1m1b1d1l | N27: 1m1b1d1l | P27: 1b | Q27: 1b1l | R27: 1m1b1d1l | T27: 1m1b1d1l | U27: 1m1b1l | V27: 1m1b1d1l | W27: 1m1b1d1l | X27: 1m1b1d1l | Y27: 2b1m1d1l | Z27: 2b1m1d1l | AA27: 1m1b1d1l | AB27: 1m1b1d1l | AC27: 1m1b1d1l | AD27: 1m1b1d1l | AE27: 1m1b1d1l | AF27: 1m1d1l | AG27: 1b1l | AH27: 1b1l | AJ27: 1 | AK27: =COUNTA(D27:AI27) -> 28 | AL27: =Üldinfo!AN26 -> 30 | AM27: =AK27/AL27 -> 0.93333333 | AO27: =LEN(D27&E27&F27&G27&H27&I27&J27&K27&L27&M27&N27&O27&P27&Q27&R27&S27&T27&U27&V27&W27&X27&Y27&Z27&AA27&AB27&AC27&AD27&AE27&AF27&AG27&AH27&AI27)-LEN(SUBSTITUTE(D27&E27&F27&G27&H27&I27&J27&K27&L27&M27&N27&O27&P27&Q27&R27&S27&T27&U27&V27&W27&X27&Y27&Z27&AA27&AB27&AC27&AD27&AE27&AF27&AG27&AH27&AI27,"1","")) -> 89 | AP27: =LEN(D27&E27&F27&G27&H27&I27&J27&K27&L27&M27&N27&O27&P27&Q27&R27&S27&T27&U27&V27&W27&X27&Y27&Z27&AA27&AB27&AC27&AD27&AE27&AF27&AG27&AH27&AI27)-LEN(SUBSTITUTE(D27&E27&F27&G27&H27&I27&J27&K27&L27&M27&N27&O27&P27&Q27&R27&S27&T27&U27&V27&W27&X27&Y27&Z27&AA27&AB27&AC27&AD27&AE27&AF27&AG27&AH27&AI27,"2","")) -> 3 | AQ27: =LEN(D27&E27&F27&G27&H27&I27&J27&K27&L27&M27&N27&O27&P27&Q27&R27&S27&T27&U27&V27&W27&X27&Y27&Z27&AA27&AB27&AC27&AD27&AE27&AF27&AG27&AH27&AI27)-LEN(SUBSTITUTE(D27&E27&F27&G27&H27&I27&J27&K27&L27&M27&N27&O27&P27&Q27&R27&S27&T27&U27&V27&W27&X27&Y27&Z27&AA27&AB27&AC27&AD27&AE27&AF27&AG27&AH27&AI27,"3","")) -> 0 | AR27: =SUM(AO27:AQ27) -> 92 | AT27: =COUNTIF(D27:AI27,"*m*") -> 21 | AU27: =COUNTIF(D27:AI27,"*d*") -> 18 | AV27: =COUNTIF(D27:AI27,"*b*") -> 27 | AW27: =COUNTIF(D27:AI27,"*l*") -> 26 | AX27: =COUNTIF(D27:AI27,"*o*") -> 0 | AY27: =SUM(AT27:AX27) -> 92
A28: 25 | B28: =Üldinfo!B27 -> Naine ? | C28: =Üldinfo!C27 -> Täisk | AK28: =COUNTA(D28:AI28) -> 0 | AL28: =Üldinfo!AN27 -> 0 | AM28: =AK28/AL28 -> #DIV/0! | AO28: =LEN(D28&E28&F28&G28&H28&I28&J28&K28&L28&M28&N28&O28&P28&Q28&R28&S28&T28&U28&V28&W28&X28&Y28&Z28&AA28&AB28&AC28&AD28&AE28&AF28&AG28&AH28&AI28)-LEN(SUBSTITUTE(D28&E28&F28&G28&H28&I28&J28&K28&L28&M28&N28&O28&P28&Q28&R28&S28&T28&U28&V28&W28&X28&Y28&Z28&AA28&AB28&AC28&AD28&AE28&AF28&AG28&AH28&AI28,"1","")) -> 0 | AP28: =LEN(D28&E28&F28&G28&H28&I28&J28&K28&L28&M28&N28&O28&P28&Q28&R28&S28&T28&U28&V28&W28&X28&Y28&Z28&AA28&AB28&AC28&AD28&AE28&AF28&AG28&AH28&AI28)-LEN(SUBSTITUTE(D28&E28&F28&G28&H28&I28&J28&K28&L28&M28&N28&O28&P28&Q28&R28&S28&T28&U28&V28&W28&X28&Y28&Z28&AA28&AB28&AC28&AD28&AE28&AF28&AG28&AH28&AI28,"2","")) -> 0 | AQ28: =LEN(D28&E28&F28&G28&H28&I28&J28&K28&L28&M28&N28&O28&P28&Q28&R28&S28&T28&U28&V28&W28&X28&Y28&Z28&AA28&AB28&AC28&AD28&AE28&AF28&AG28&AH28&AI28)-LEN(SUBSTITUTE(D28&E28&F28&G28&H28&I28&J28&K28&L28&M28&N28&O28&P28&Q28&R28&S28&T28&U28&V28&W28&X28&Y28&Z28&AA28&AB28&AC28&AD28&AE28&AF28&AG28&AH28&AI28,"3","")) -> 0 | AR28: =SUM(AO28:AQ28) -> 0 | AT28: =COUNTIF(D28:AI28,"*m*") -> 0 | AU28: =COUNTIF(D28:AI28,"*d*") -> 0 | AV28: =COUNTIF(D28:AI28,"*b*") -> 0 | AW28: =COUNTIF(D28:AI28,"*l*") -> 0 | AX28: =COUNTIF(D28:AI28,"*o*") -> 0 | AY28: =SUM(AT28:AX28) -> 0
A29: 26 | B29: =Üldinfo!B28 -> Alaealine | C29: =Üldinfo!C28 -> 5-9 a | AK29: =COUNTA(D29:AI29) -> 0 | AL29: =Üldinfo!AN28 -> 0 | AM29: =AK29/AL29 -> #DIV/0! | AO29: =LEN(D29&E29&F29&G29&H29&I29&J29&K29&L29&M29&N29&O29&P29&Q29&R29&S29&T29&U29&V29&W29&X29&Y29&Z29&AA29&AB29&AC29&AD29&AE29&AF29&AG29&AH29&AI29)-LEN(SUBSTITUTE(D29&E29&F29&G29&H29&I29&J29&K29&L29&M29&N29&O29&P29&Q29&R29&S29&T29&U29&V29&W29&X29&Y29&Z29&AA29&AB29&AC29&AD29&AE29&AF29&AG29&AH29&AI29,"1","")) -> 0 | AP29: =LEN(D29&E29&F29&G29&H29&I29&J29&K29&L29&M29&N29&O29&P29&Q29&R29&S29&T29&U29&V29&W29&X29&Y29&Z29&AA29&AB29&AC29&AD29&AE29&AF29&AG29&AH29&AI29)-LEN(SUBSTITUTE(D29&E29&F29&G29&H29&I29&J29&K29&L29&M29&N29&O29&P29&Q29&R29&S29&T29&U29&V29&W29&X29&Y29&Z29&AA29&AB29&AC29&AD29&AE29&AF29&AG29&AH29&AI29,"2","")) -> 0 | AQ29: =LEN(D29&E29&F29&G29&H29&I29&J29&K29&L29&M29&N29&O29&P29&Q29&R29&S29&T29&U29&V29&W29&X29&Y29&Z29&AA29&AB29&AC29&AD29&AE29&AF29&AG29&AH29&AI29)-LEN(SUBSTITUTE(D29&E29&F29&G29&H29&I29&J29&K29&L29&M29&N29&O29&P29&Q29&R29&S29&T29&U29&V29&W29&X29&Y29&Z29&AA29&AB29&AC29&AD29&AE29&AF29&AG29&AH29&AI29,"3","")) -> 0 | AR29: =SUM(AO29:AQ29) -> 0 | AT29: =COUNTIF(D29:AI29,"*m*") -> 0 | AU29: =COUNTIF(D29:AI29,"*d*") -> 0 | AV29: =COUNTIF(D29:AI29,"*b*") -> 0 | AW29: =COUNTIF(D29:AI29,"*l*") -> 0 | AX29: =COUNTIF(D29:AI29,"*o*") -> 0 | AY29: =SUM(AT29:AX29) -> 0
A30: 27 | B30: =Üldinfo!B29 -> Naine ? | C30: =Üldinfo!C29 -> Täisk | AK30: =COUNTA(D30:AI30) -> 0 | AL30: =Üldinfo!AN29 -> 0 | AM30: =AK30/AL30 -> #DIV/0! | AO30: =LEN(D30&E30&F30&G30&H30&I30&J30&K30&L30&M30&N30&O30&P30&Q30&R30&S30&T30&U30&V30&W30&X30&Y30&Z30&AA30&AB30&AC30&AD30&AE30&AF30&AG30&AH30&AI30)-LEN(SUBSTITUTE(D30&E30&F30&G30&H30&I30&J30&K30&L30&M30&N30&O30&P30&Q30&R30&S30&T30&U30&V30&W30&X30&Y30&Z30&AA30&AB30&AC30&AD30&AE30&AF30&AG30&AH30&AI30,"1","")) -> 0 | AP30: =LEN(D30&E30&F30&G30&H30&I30&J30&K30&L30&M30&N30&O30&P30&Q30&R30&S30&T30&U30&V30&W30&X30&Y30&Z30&AA30&AB30&AC30&AD30&AE30&AF30&AG30&AH30&AI30)-LEN(SUBSTITUTE(D30&E30&F30&G30&H30&I30&J30&K30&L30&M30&N30&O30&P30&Q30&R30&S30&T30&U30&V30&W30&X30&Y30&Z30&AA30&AB30&AC30&AD30&AE30&AF30&AG30&AH30&AI30,"2","")) -> 0 | AQ30: =LEN(D30&E30&F30&G30&H30&I30&J30&K30&L30&M30&N30&O30&P30&Q30&R30&S30&T30&U30&V30&W30&X30&Y30&Z30&AA30&AB30&AC30&AD30&AE30&AF30&AG30&AH30&AI30)-LEN(SUBSTITUTE(D30&E30&F30&G30&H30&I30&J30&K30&L30&M30&N30&O30&P30&Q30&R30&S30&T30&U30&V30&W30&X30&Y30&Z30&AA30&AB30&AC30&AD30&AE30&AF30&AG30&AH30&AI30,"3","")) -> 0 | AR30: =SUM(AO30:AQ30) -> 0 | AT30: =COUNTIF(D30:AI30,"*m*") -> 0 | AU30: =COUNTIF(D30:AI30,"*d*") -> 0 | AV30: =COUNTIF(D30:AI30,"*b*") -> 0 | AW30: =COUNTIF(D30:AI30,"*l*") -> 0 | AX30: =COUNTIF(D30:AI30,"*o*") -> 0 | AY30: =SUM(AT30:AX30) -> 0
A31: 28 | B31: =Üldinfo!B30 -> Mees | C31: =Üldinfo!C30 -> 18-19 a | E31: 1b | M31: 1b | O31: 1l | P31: 1b | Q31: 1m1l | W31: 1l | X31: 1l | Y31: 1l | Z31: 1m1b1l | AA31: 1b1m | AB31: 1m1d1l | AC31: 1m1b1d1l | AD31: 1m1b1d1l | AE31: 1m1l | AJ31: 1 | AK31: =COUNTA(D31:AI31) -> 14 | AL31: =Üldinfo!AN30 -> 32 | AM31: =AK31/AL31 -> 0.4375 | AO31: =LEN(D31&E31&F31&G31&H31&I31&J31&K31&L31&M31&N31&O31&P31&Q31&R31&S31&T31&U31&V31&W31&X31&Y31&Z31&AA31&AB31&AC31&AD31&AE31&AF31&AG31&AH31&AI31)-LEN(SUBSTITUTE(D31&E31&F31&G31&H31&I31&J31&K31&L31&M31&N31&O31&P31&Q31&R31&S31&T31&U31&V31&W31&X31&Y31&Z31&AA31&AB31&AC31&AD31&AE31&AF31&AG31&AH31&AI31,"1","")) -> 27 | AP31: =LEN(D31&E31&F31&G31&H31&I31&J31&K31&L31&M31&N31&O31&P31&Q31&R31&S31&T31&U31&V31&W31&X31&Y31&Z31&AA31&AB31&AC31&AD31&AE31&AF31&AG31&AH31&AI31)-LEN(SUBSTITUTE(D31&E31&F31&G31&H31&I31&J31&K31&L31&M31&N31&O31&P31&Q31&R31&S31&T31&U31&V31&W31&X31&Y31&Z31&AA31&AB31&AC31&AD31&AE31&AF31&AG31&AH31&AI31,"2","")) -> 0 | AQ31: =LEN(D31&E31&F31&G31&H31&I31&J31&K31&L31&M31&N31&O31&P31&Q31&R31&S31&T31&U31&V31&W31&X31&Y31&Z31&AA31&AB31&AC31&AD31&AE31&AF31&AG31&AH31&AI31)-LEN(SUBSTITUTE(D31&E31&F31&G31&H31&I31&J31&K31&L31&M31&N31&O31&P31&Q31&R31&S31&T31&U31&V31&W31&X31&Y31&Z31&AA31&AB31&AC31&AD31&AE31&AF31&AG31&AH31&AI31,"3","")) -> 0 | AR31: =SUM(AO31:AQ31) -> 27 | AT31: =COUNTIF(D31:AI31,"*m*") -> 7 | AU31: =COUNTIF(D31:AI31,"*d*") -> 3 | AV31: =COUNTIF(D31:AI31,"*b*") -> 7 | AW31: =COUNTIF(D31:AI31,"*l*") -> 10 | AX31: =COUNTIF(D31:AI31,"*o*") -> 0 | AY31: =SUM(AT31:AX31) -> 27
A32: 29 | B32: =Üldinfo!B31 -> Naine ? | C32: =Üldinfo!C31 -> Täisk | AK32: =COUNTA(D32:AI32) -> 0 | AL32: =Üldinfo!AN31 -> 0 | AM32: =AK32/AL32 -> #DIV/0! | AO32: =LEN(D32&E32&F32&G32&H32&I32&J32&K32&L32&M32&N32&O32&P32&Q32&R32&S32&T32&U32&V32&W32&X32&Y32&Z32&AA32&AB32&AC32&AD32&AE32&AF32&AG32&AH32&AI32)-LEN(SUBSTITUTE(D32&E32&F32&G32&H32&I32&J32&K32&L32&M32&N32&O32&P32&Q32&R32&S32&T32&U32&V32&W32&X32&Y32&Z32&AA32&AB32&AC32&AD32&AE32&AF32&AG32&AH32&AI32,"1","")) -> 0 | AP32: =LEN(D32&E32&F32&G32&H32&I32&J32&K32&L32&M32&N32&O32&P32&Q32&R32&S32&T32&U32&V32&W32&X32&Y32&Z32&AA32&AB32&AC32&AD32&AE32&AF32&AG32&AH32&AI32)-LEN(SUBSTITUTE(D32&E32&F32&G32&H32&I32&J32&K32&L32&M32&N32&O32&P32&Q32&R32&S32&T32&U32&V32&W32&X32&Y32&Z32&AA32&AB32&AC32&AD32&AE32&AF32&AG32&AH32&AI32,"2","")) -> 0 | AQ32: =LEN(D32&E32&F32&G32&H32&I32&J32&K32&L32&M32&N32&O32&P32&Q32&R32&S32&T32&U32&V32&W32&X32&Y32&Z32&AA32&AB32&AC32&AD32&AE32&AF32&AG32&AH32&AI32)-LEN(SUBSTITUTE(D32&E32&F32&G32&H32&I32&J32&K32&L32&M32&N32&O32&P32&Q32&R32&S32&T32&U32&V32&W32&X32&Y32&Z32&AA32&AB32&AC32&AD32&AE32&AF32&AG32&AH32&AI32,"3","")) -> 0 | AR32: =SUM(AO32:AQ32) -> 0 | AT32: =COUNTIF(D32:AI32,"*m*") -> 0 | AU32: =COUNTIF(D32:AI32,"*d*") -> 0 | AV32: =COUNTIF(D32:AI32,"*b*") -> 0 | AW32: =COUNTIF(D32:AI32,"*l*") -> 0 | AX32: =COUNTIF(D32:AI32,"*o*") -> 0 | AY32: =SUM(AT32:AX32) -> 0
A33: 30 | B33: ♂ | C33: 19-34 a | F33: 1d | G33: 1m1d | H33: 1m1b1d | I33: 1b | J33: 1b1l | K33: 1m1b1d1l | L33: 1b | M33: 1b | N33: 1m1b1d1l | O33: 1m1b1d1l | P33: 1m1b1d1l | Q33: 3b1m1d1l | R33: 3b1m1d1l | S33: 2b2d2l2o1m | U33: 1l | V33: 1l | W33: 1m1d1l | X33: 1m1l | Y33: 1m1b1d1l | Z33: 2b1m1d1l | AA33: 2b1m1d1l | AC33: 2b2l1m1d | AD33: 2l1m1b1d | AE33: 1m1b1d1l | AF33: 1m1b1d1l1o | AG33: 1m1b1d1l | AH33: 2b2l1m1d | AI33: 1m1b1d1l1o | AJ33: 1 | AK33: =COUNTA(D33:AI33) -> 28 | AL33: =Üldinfo!AN32 -> 31 | AM33: =AK33/AL33 -> 0.90322581 | AO33: =LEN(D33&E33&F33&G33&H33&I33&J33&K33&L33&M33&N33&O33&P33&Q33&R33&S33&T33&U33&V33&W33&X33&Y33&Z33&AA33&AB33&AC33&AD33&AE33&AF33&AG33&AH33&AI33)-LEN(SUBSTITUTE(D33&E33&F33&G33&H33&I33&J33&K33&L33&M33&N33&O33&P33&Q33&R33&S33&T33&U33&V33&W33&X33&Y33&Z33&AA33&AB33&AC33&AD33&AE33&AF33&AG33&AH33&AI33,"1","")) -> 76 | AP33: =LEN(D33&E33&F33&G33&H33&I33&J33&K33&L33&M33&N33&O33&P33&Q33&R33&S33&T33&U33&V33&W33&X33&Y33&Z33&AA33&AB33&AC33&AD33&AE33&AF33&AG33&AH33&AI33)-LEN(SUBSTITUTE(D33&E33&F33&G33&H33&I33&J33&K33&L33&M33&N33&O33&P33&Q33&R33&S33&T33&U33&V33&W33&X33&Y33&Z33&AA33&AB33&AC33&AD33&AE33&AF33&AG33&AH33&AI33,"2","")) -> 11 | AQ33: =LEN(D33&E33&F33&G33&H33&I33&J33&K33&L33&M33&N33&O33&P33&Q33&R33&S33&T33&U33&V33&W33&X33&Y33&Z33&AA33&AB33&AC33&AD33&AE33&AF33&AG33&AH33&AI33)-LEN(SUBSTITUTE(D33&E33&F33&G33&H33&I33&J33&K33&L33&M33&N33&O33&P33&Q33&R33&S33&T33&U33&V33&W33&X33&Y33&Z33&AA33&AB33&AC33&AD33&AE33&AF33&AG33&AH33&AI33,"3","")) -> 2 | AR33: =SUM(AO33:AQ33) -> 89 | AT33: =COUNTIF(D33:AI33,"*m*") -> 21 | AU33: =COUNTIF(D33:AI33,"*d*") -> 21 | AV33: =COUNTIF(D33:AI33,"*b*") -> 22 | AW33: =COUNTIF(D33:AI33,"*l*") -> 22 | AX33: =COUNTIF(D33:AI33,"*o*") -> 3 | AY33: =SUM(AT33:AX33) -> 89
A34: 31 | B34: =Üldinfo!B33 -> Mees | C34: =Üldinfo!C33 -> 39-44 a | D34: 1m1b1d | E34: 1m1b1d | G34: 1m1b1d | H34: 1m1b | J34: 1m1d | K34: 1m1d | L34: 1m1d | M34: 1m | N34: 1m1b1d | Q34: 1m1b | R34: 1m1b1d | S34: 1m1b1d | T34: 1d1l | U34: 1m1l | V34: 1m1d | W34: 1b1l | X34: 1m1d1l | Y34: 1m1b1d1l | Z34: 1m1b1d1l | AA34: 2m2b2d2l | AB34: 1m1b1d1l | AC34: 2l1m1b1d | AD34: 1m1b1d1l | AE34: 1m1d1l | AF34: 1m1b1d1l | AG34: 1b1d | AH34: 1m | AJ34: 1 | AK34: =COUNTA(D34:AI34) -> 27 | AL34: =Üldinfo!AN33 -> 31 | AM34: =AK34/AL34 -> 0.87096774 | AO34: =LEN(D34&E34&F34&G34&H34&I34&J34&K34&L34&M34&N34&O34&P34&Q34&R34&S34&T34&U34&V34&W34&X34&Y34&Z34&AA34&AB34&AC34&AD34&AE34&AF34&AG34&AH34&AI34)-LEN(SUBSTITUTE(D34&E34&F34&G34&H34&I34&J34&K34&L34&M34&N34&O34&P34&Q34&R34&S34&T34&U34&V34&W34&X34&Y34&Z34&AA34&AB34&AC34&AD34&AE34&AF34&AG34&AH34&AI34,"1","")) -> 69 | AP34: =LEN(D34&E34&F34&G34&H34&I34&J34&K34&L34&M34&N34&O34&P34&Q34&R34&S34&T34&U34&V34&W34&X34&Y34&Z34&AA34&AB34&AC34&AD34&AE34&AF34&AG34&AH34&AI34)-LEN(SUBSTITUTE(D34&E34&F34&G34&H34&I34&J34&K34&L34&M34&N34&O34&P34&Q34&R34&S34&T34&U34&V34&W34&X34&Y34&Z34&AA34&AB34&AC34&AD34&AE34&AF34&AG34&AH34&AI34,"2","")) -> 5 | AQ34: =LEN(D34&E34&F34&G34&H34&I34&J34&K34&L34&M34&N34&O34&P34&Q34&R34&S34&T34&U34&V34&W34&X34&Y34&Z34&AA34&AB34&AC34&AD34&AE34&AF34&AG34&AH34&AI34)-LEN(SUBSTITUTE(D34&E34&F34&G34&H34&I34&J34&K34&L34&M34&N34&O34&P34&Q34&R34&S34&T34&U34&V34&W34&X34&Y34&Z34&AA34&AB34&AC34&AD34&AE34&AF34&AG34&AH34&AI34,"3","")) -> 0 | AR34: =SUM(AO34:AQ34) -> 74 | AT34: =COUNTIF(D34:AI34,"*m*") -> 24 | AU34: =COUNTIF(D34:AI34,"*d*") -> 21 | AV34: =COUNTIF(D34:AI34,"*b*") -> 17 | AW34: =COUNTIF(D34:AI34,"*l*") -> 12 | AX34: =COUNTIF(D34:AI34,"*o*") -> 0 | AY34: =SUM(AT34:AX34) -> 74
A35: 32 | B35: =Üldinfo!B34 -> Alaealine | C35: =Üldinfo!C34 -> 15-18 a | AK35: =COUNTA(D35:AI35) -> 0 | AL35: =Üldinfo!AN34 -> 0 | AM35: =AK35/AL35 -> #DIV/0! | AO35: =LEN(D35&E35&F35&G35&H35&I35&J35&K35&L35&M35&N35&O35&P35&Q35&R35&S35&T35&U35&V35&W35&X35&Y35&Z35&AA35&AB35&AC35&AD35&AE35&AF35&AG35&AH35&AI35)-LEN(SUBSTITUTE(D35&E35&F35&G35&H35&I35&J35&K35&L35&M35&N35&O35&P35&Q35&R35&S35&T35&U35&V35&W35&X35&Y35&Z35&AA35&AB35&AC35&AD35&AE35&AF35&AG35&AH35&AI35,"1","")) -> 0 | AP35: =LEN(D35&E35&F35&G35&H35&I35&J35&K35&L35&M35&N35&O35&P35&Q35&R35&S35&T35&U35&V35&W35&X35&Y35&Z35&AA35&AB35&AC35&AD35&AE35&AF35&AG35&AH35&AI35)-LEN(SUBSTITUTE(D35&E35&F35&G35&H35&I35&J35&K35&L35&M35&N35&O35&P35&Q35&R35&S35&T35&U35&V35&W35&X35&Y35&Z35&AA35&AB35&AC35&AD35&AE35&AF35&AG35&AH35&AI35,"2","")) -> 0 | AQ35: =LEN(D35&E35&F35&G35&H35&I35&J35&K35&L35&M35&N35&O35&P35&Q35&R35&S35&T35&U35&V35&W35&X35&Y35&Z35&AA35&AB35&AC35&AD35&AE35&AF35&AG35&AH35&AI35)-LEN(SUBSTITUTE(D35&E35&F35&G35&H35&I35&J35&K35&L35&M35&N35&O35&P35&Q35&R35&S35&T35&U35&V35&W35&X35&Y35&Z35&AA35&AB35&AC35&AD35&AE35&AF35&AG35&AH35&AI35,"3","")) -> 0 | AR35: =SUM(AO35:AQ35) -> 0 | AT35: =COUNTIF(D35:AI35,"*m*") -> 0 | AU35: =COUNTIF(D35:AI35,"*d*") -> 0 | AV35: =COUNTIF(D35:AI35,"*b*") -> 0 | AW35: =COUNTIF(D35:AI35,"*l*") -> 0 | AX35: =COUNTIF(D35:AI35,"*o*") -> 0 | AY35: =SUM(AT35:AX35) -> 0
A36: 33 | B36: =Üldinfo!B35 -> Mees | C36: =Üldinfo!C35 -> 40+ a | AK36: =COUNTA(D36:AI36) -> 0 | AL36: =Üldinfo!AN35 -> 0 | AM36: =AK36/AL36 -> #DIV/0! | AO36: =LEN(D36&E36&F36&G36&H36&I36&J36&K36&L36&M36&N36&O36&P36&Q36&R36&S36&T36&U36&V36&W36&X36&Y36&Z36&AA36&AB36&AC36&AD36&AE36&AF36&AG36&AH36&AI36)-LEN(SUBSTITUTE(D36&E36&F36&G36&H36&I36&J36&K36&L36&M36&N36&O36&P36&Q36&R36&S36&T36&U36&V36&W36&X36&Y36&Z36&AA36&AB36&AC36&AD36&AE36&AF36&AG36&AH36&AI36,"1","")) -> 0 | AP36: =LEN(D36&E36&F36&G36&H36&I36&J36&K36&L36&M36&N36&O36&P36&Q36&R36&S36&T36&U36&V36&W36&X36&Y36&Z36&AA36&AB36&AC36&AD36&AE36&AF36&AG36&AH36&AI36)-LEN(SUBSTITUTE(D36&E36&F36&G36&H36&I36&J36&K36&L36&M36&N36&O36&P36&Q36&R36&S36&T36&U36&V36&W36&X36&Y36&Z36&AA36&AB36&AC36&AD36&AE36&AF36&AG36&AH36&AI36,"2","")) -> 0 | AQ36: =LEN(D36&E36&F36&G36&H36&I36&J36&K36&L36&M36&N36&O36&P36&Q36&R36&S36&T36&U36&V36&W36&X36&Y36&Z36&AA36&AB36&AC36&AD36&AE36&AF36&AG36&AH36&AI36)-LEN(SUBSTITUTE(D36&E36&F36&G36&H36&I36&J36&K36&L36&M36&N36&O36&P36&Q36&R36&S36&T36&U36&V36&W36&X36&Y36&Z36&AA36&AB36&AC36&AD36&AE36&AF36&AG36&AH36&AI36,"3","")) -> 0 | AR36: =SUM(AO36:AQ36) -> 0 | AT36: =COUNTIF(D36:AI36,"*m*") -> 0 | AU36: =COUNTIF(D36:AI36,"*d*") -> 0 | AV36: =COUNTIF(D36:AI36,"*b*") -> 0 | AW36: =COUNTIF(D36:AI36,"*l*") -> 0 | AX36: =COUNTIF(D36:AI36,"*o*") -> 0 | AY36: =SUM(AT36:AX36) -> 0
A37: 34 | B37: =Üldinfo!B36 -> Mees | C37: =Üldinfo!C36 -> 39-44 a | AK37: =COUNTA(D37:AI37) -> 0 | AL37: =Üldinfo!AN36 -> 0 | AM37: =AK37/AL37 -> #DIV/0! | AO37: =LEN(D37&E37&F37&G37&H37&I37&J37&K37&L37&M37&N37&O37&P37&Q37&R37&S37&T37&U37&V37&W37&X37&Y37&Z37&AA37&AB37&AC37&AD37&AE37&AF37&AG37&AH37&AI37)-LEN(SUBSTITUTE(D37&E37&F37&G37&H37&I37&J37&K37&L37&M37&N37&O37&P37&Q37&R37&S37&T37&U37&V37&W37&X37&Y37&Z37&AA37&AB37&AC37&AD37&AE37&AF37&AG37&AH37&AI37,"1","")) -> 0 | AP37: =LEN(D37&E37&F37&G37&H37&I37&J37&K37&L37&M37&N37&O37&P37&Q37&R37&S37&T37&U37&V37&W37&X37&Y37&Z37&AA37&AB37&AC37&AD37&AE37&AF37&AG37&AH37&AI37)-LEN(SUBSTITUTE(D37&E37&F37&G37&H37&I37&J37&K37&L37&M37&N37&O37&P37&Q37&R37&S37&T37&U37&V37&W37&X37&Y37&Z37&AA37&AB37&AC37&AD37&AE37&AF37&AG37&AH37&AI37,"2","")) -> 0 | AQ37: =LEN(D37&E37&F37&G37&H37&I37&J37&K37&L37&M37&N37&O37&P37&Q37&R37&S37&T37&U37&V37&W37&X37&Y37&Z37&AA37&AB37&AC37&AD37&AE37&AF37&AG37&AH37&AI37)-LEN(SUBSTITUTE(D37&E37&F37&G37&H37&I37&J37&K37&L37&M37&N37&O37&P37&Q37&R37&S37&T37&U37&V37&W37&X37&Y37&Z37&AA37&AB37&AC37&AD37&AE37&AF37&AG37&AH37&AI37,"3","")) -> 0 | AR37: =SUM(AO37:AQ37) -> 0 | AT37: =COUNTIF(D37:AI37,"*m*") -> 0 | AU37: =COUNTIF(D37:AI37,"*d*") -> 0 | AV37: =COUNTIF(D37:AI37,"*b*") -> 0 | AW37: =COUNTIF(D37:AI37,"*l*") -> 0 | AX37: =COUNTIF(D37:AI37,"*o*") -> 0 | AY37: =SUM(AT37:AX37) -> 0
A38: 35 | B38: =Üldinfo!B37 -> Alaealine | C38: =Üldinfo!C37 -> 5 a ± 16 k | O38: 1m | AJ38: 1 | AK38: =COUNTA(D38:AI38) -> 1 | AL38: =Üldinfo!AN37 -> 17 | AM38: =AK38/AL38 -> 0.058823529 | AO38: =LEN(D38&E38&F38&G38&H38&I38&J38&K38&L38&M38&N38&O38&P38&Q38&R38&S38&T38&U38&V38&W38&X38&Y38&Z38&AA38&AB38&AC38&AD38&AE38&AF38&AG38&AH38&AI38)-LEN(SUBSTITUTE(D38&E38&F38&G38&H38&I38&J38&K38&L38&M38&N38&O38&P38&Q38&R38&S38&T38&U38&V38&W38&X38&Y38&Z38&AA38&AB38&AC38&AD38&AE38&AF38&AG38&AH38&AI38,"1","")) -> 1 | AP38: =LEN(D38&E38&F38&G38&H38&I38&J38&K38&L38&M38&N38&O38&P38&Q38&R38&S38&T38&U38&V38&W38&X38&Y38&Z38&AA38&AB38&AC38&AD38&AE38&AF38&AG38&AH38&AI38)-LEN(SUBSTITUTE(D38&E38&F38&G38&H38&I38&J38&K38&L38&M38&N38&O38&P38&Q38&R38&S38&T38&U38&V38&W38&X38&Y38&Z38&AA38&AB38&AC38&AD38&AE38&AF38&AG38&AH38&AI38,"2","")) -> 0 | AQ38: =LEN(D38&E38&F38&G38&H38&I38&J38&K38&L38&M38&N38&O38&P38&Q38&R38&S38&T38&U38&V38&W38&X38&Y38&Z38&AA38&AB38&AC38&AD38&AE38&AF38&AG38&AH38&AI38)-LEN(SUBSTITUTE(D38&E38&F38&G38&H38&I38&J38&K38&L38&M38&N38&O38&P38&Q38&R38&S38&T38&U38&V38&W38&X38&Y38&Z38&AA38&AB38&AC38&AD38&AE38&AF38&AG38&AH38&AI38,"3","")) -> 0 | AR38: =SUM(AO38:AQ38) -> 1 | AT38: =COUNTIF(D38:AI38,"*m*") -> 1 | AU38: =COUNTIF(D38:AI38,"*d*") -> 0 | AV38: =COUNTIF(D38:AI38,"*b*") -> 0 | AW38: =COUNTIF(D38:AI38,"*l*") -> 0 | AX38: =COUNTIF(D38:AI38,"*o*") -> 0 | AY38: =SUM(AT38:AX38) -> 1
A39: 36 | B39: =Üldinfo!B38 -> Mees | C39: =Üldinfo!C38 -> 44-50 a | AK39: =COUNTA(D39:AI39) -> 0 | AL39: =Üldinfo!AN38 -> 0 | AM39: =AK39/AL39 -> #DIV/0! | AO39: =LEN(D39&E39&F39&G39&H39&I39&J39&K39&L39&M39&N39&O39&P39&Q39&R39&S39&T39&U39&V39&W39&X39&Y39&Z39&AA39&AB39&AC39&AD39&AE39&AF39&AG39&AH39&AI39)-LEN(SUBSTITUTE(D39&E39&F39&G39&H39&I39&J39&K39&L39&M39&N39&O39&P39&Q39&R39&S39&T39&U39&V39&W39&X39&Y39&Z39&AA39&AB39&AC39&AD39&AE39&AF39&AG39&AH39&AI39,"1","")) -> 0 | AP39: =LEN(D39&E39&F39&G39&H39&I39&J39&K39&L39&M39&N39&O39&P39&Q39&R39&S39&T39&U39&V39&W39&X39&Y39&Z39&AA39&AB39&AC39&AD39&AE39&AF39&AG39&AH39&AI39)-LEN(SUBSTITUTE(D39&E39&F39&G39&H39&I39&J39&K39&L39&M39&N39&O39&P39&Q39&R39&S39&T39&U39&V39&W39&X39&Y39&Z39&AA39&AB39&AC39&AD39&AE39&AF39&AG39&AH39&AI39,"2","")) -> 0 | AQ39: =LEN(D39&E39&F39&G39&H39&I39&J39&K39&L39&M39&N39&O39&P39&Q39&R39&S39&T39&U39&V39&W39&X39&Y39&Z39&AA39&AB39&AC39&AD39&AE39&AF39&AG39&AH39&AI39)-LEN(SUBSTITUTE(D39&E39&F39&G39&H39&I39&J39&K39&L39&M39&N39&O39&P39&Q39&R39&S39&T39&U39&V39&W39&X39&Y39&Z39&AA39&AB39&AC39&AD39&AE39&AF39&AG39&AH39&AI39,"3","")) -> 0 | AR39: =SUM(AO39:AQ39) -> 0 | AT39: =COUNTIF(D39:AI39,"*m*") -> 0 | AU39: =COUNTIF(D39:AI39,"*d*") -> 0 | AV39: =COUNTIF(D39:AI39,"*b*") -> 0 | AW39: =COUNTIF(D39:AI39,"*l*") -> 0 | AX39: =COUNTIF(D39:AI39,"*o*") -> 0 | AY39: =SUM(AT39:AX39) -> 0
A40: 37 | B40: =Üldinfo!B39 -> Naine | C40: =Üldinfo!C39 -> 39-44 a | AK40: =COUNTA(D40:AI40) -> 0 | AL40: =Üldinfo!AN39 -> 0 | AM40: =AK40/AL40 -> #DIV/0! | AO40: =LEN(D40&E40&F40&G40&H40&I40&J40&K40&L40&M40&N40&O40&P40&Q40&R40&S40&T40&U40&V40&W40&X40&Y40&Z40&AA40&AB40&AC40&AD40&AE40&AF40&AG40&AH40&AI40)-LEN(SUBSTITUTE(D40&E40&F40&G40&H40&I40&J40&K40&L40&M40&N40&O40&P40&Q40&R40&S40&T40&U40&V40&W40&X40&Y40&Z40&AA40&AB40&AC40&AD40&AE40&AF40&AG40&AH40&AI40,"1","")) -> 0 | AP40: =LEN(D40&E40&F40&G40&H40&I40&J40&K40&L40&M40&N40&O40&P40&Q40&R40&S40&T40&U40&V40&W40&X40&Y40&Z40&AA40&AB40&AC40&AD40&AE40&AF40&AG40&AH40&AI40)-LEN(SUBSTITUTE(D40&E40&F40&G40&H40&I40&J40&K40&L40&M40&N40&O40&P40&Q40&R40&S40&T40&U40&V40&W40&X40&Y40&Z40&AA40&AB40&AC40&AD40&AE40&AF40&AG40&AH40&AI40,"2","")) -> 0 | AQ40: =LEN(D40&E40&F40&G40&H40&I40&J40&K40&L40&M40&N40&O40&P40&Q40&R40&S40&T40&U40&V40&W40&X40&Y40&Z40&AA40&AB40&AC40&AD40&AE40&AF40&AG40&AH40&AI40)-LEN(SUBSTITUTE(D40&E40&F40&G40&H40&I40&J40&K40&L40&M40&N40&O40&P40&Q40&R40&S40&T40&U40&V40&W40&X40&Y40&Z40&AA40&AB40&AC40&AD40&AE40&AF40&AG40&AH40&AI40,"3","")) -> 0 | AR40: =SUM(AO40:AQ40) -> 0 | AT40: =COUNTIF(D40:AI40,"*m*") -> 0 | AU40: =COUNTIF(D40:AI40,"*d*") -> 0 | AV40: =COUNTIF(D40:AI40,"*b*") -> 0 | AW40: =COUNTIF(D40:AI40,"*l*") -> 0 | AX40: =COUNTIF(D40:AI40,"*o*") -> 0 | AY40: =SUM(AT40:AX40) -> 0
A41: 38 | B41: =Üldinfo!B40 -> Naine | C41: =Üldinfo!C40 -> 25-40 a | AK41: =COUNTA(D41:AI41) -> 0 | AL41: =Üldinfo!AN40 -> 0 | AM41: =AK41/AL41 -> #DIV/0! | AO41: =LEN(D41&E41&F41&G41&H41&I41&J41&K41&L41&M41&N41&O41&P41&Q41&R41&S41&T41&U41&V41&W41&X41&Y41&Z41&AA41&AB41&AC41&AD41&AE41&AF41&AG41&AH41&AI41)-LEN(SUBSTITUTE(D41&E41&F41&G41&H41&I41&J41&K41&L41&M41&N41&O41&P41&Q41&R41&S41&T41&U41&V41&W41&X41&Y41&Z41&AA41&AB41&AC41&AD41&AE41&AF41&AG41&AH41&AI41,"1","")) -> 0 | AP41: =LEN(D41&E41&F41&G41&H41&I41&J41&K41&L41&M41&N41&O41&P41&Q41&R41&S41&T41&U41&V41&W41&X41&Y41&Z41&AA41&AB41&AC41&AD41&AE41&AF41&AG41&AH41&AI41)-LEN(SUBSTITUTE(D41&E41&F41&G41&H41&I41&J41&K41&L41&M41&N41&O41&P41&Q41&R41&S41&T41&U41&V41&W41&X41&Y41&Z41&AA41&AB41&AC41&AD41&AE41&AF41&AG41&AH41&AI41,"2","")) -> 0 | AQ41: =LEN(D41&E41&F41&G41&H41&I41&J41&K41&L41&M41&N41&O41&P41&Q41&R41&S41&T41&U41&V41&W41&X41&Y41&Z41&AA41&AB41&AC41&AD41&AE41&AF41&AG41&AH41&AI41)-LEN(SUBSTITUTE(D41&E41&F41&G41&H41&I41&J41&K41&L41&M41&N41&O41&P41&Q41&R41&S41&T41&U41&V41&W41&X41&Y41&Z41&AA41&AB41&AC41&AD41&AE41&AF41&AG41&AH41&AI41,"3","")) -> 0 | AR41: =SUM(AO41:AQ41) -> 0 | AT41: =COUNTIF(D41:AI41,"*m*") -> 0 | AU41: =COUNTIF(D41:AI41,"*d*") -> 0 | AV41: =COUNTIF(D41:AI41,"*b*") -> 0 | AW41: =COUNTIF(D41:AI41,"*l*") -> 0 | AX41: =COUNTIF(D41:AI41,"*o*") -> 0 | AY41: =SUM(AT41:AX41) -> 0
A42: 39 | B42: =Üldinfo!B41 -> Mees ? | C42: =Üldinfo!C41 -> 44-50 a | AK42: =COUNTA(D42:AI42) -> 0 | AL42: =Üldinfo!AN41 -> 0 | AM42: =AK42/AL42 -> #DIV/0! | AO42: =LEN(D42&E42&F42&G42&H42&I42&J42&K42&L42&M42&N42&O42&P42&Q42&R42&S42&T42&U42&V42&W42&X42&Y42&Z42&AA42&AB42&AC42&AD42&AE42&AF42&AG42&AH42&AI42)-LEN(SUBSTITUTE(D42&E42&F42&G42&H42&I42&J42&K42&L42&M42&N42&O42&P42&Q42&R42&S42&T42&U42&V42&W42&X42&Y42&Z42&AA42&AB42&AC42&AD42&AE42&AF42&AG42&AH42&AI42,"1","")) -> 0 | AP42: =LEN(D42&E42&F42&G42&H42&I42&J42&K42&L42&M42&N42&O42&P42&Q42&R42&S42&T42&U42&V42&W42&X42&Y42&Z42&AA42&AB42&AC42&AD42&AE42&AF42&AG42&AH42&AI42)-LEN(SUBSTITUTE(D42&E42&F42&G42&H42&I42&J42&K42&L42&M42&N42&O42&P42&Q42&R42&S42&T42&U42&V42&W42&X42&Y42&Z42&AA42&AB42&AC42&AD42&AE42&AF42&AG42&AH42&AI42,"2","")) -> 0 | AQ42: =LEN(D42&E42&F42&G42&H42&I42&J42&K42&L42&M42&N42&O42&P42&Q42&R42&S42&T42&U42&V42&W42&X42&Y42&Z42&AA42&AB42&AC42&AD42&AE42&AF42&AG42&AH42&AI42)-LEN(SUBSTITUTE(D42&E42&F42&G42&H42&I42&J42&K42&L42&M42&N42&O42&P42&Q42&R42&S42&T42&U42&V42&W42&X42&Y42&Z42&AA42&AB42&AC42&AD42&AE42&AF42&AG42&AH42&AI42,"3","")) -> 0 | AR42: =SUM(AO42:AQ42) -> 0 | AT42: =COUNTIF(D42:AI42,"*m*") -> 0 | AU42: =COUNTIF(D42:AI42,"*d*") -> 0 | AV42: =COUNTIF(D42:AI42,"*b*") -> 0 | AW42: =COUNTIF(D42:AI42,"*l*") -> 0 | AX42: =COUNTIF(D42:AI42,"*o*") -> 0 | AY42: =SUM(AT42:AX42) -> 0
A43: 40 | B43: =Üldinfo!B42 -> Naine | C43: =Üldinfo!C42 -> 40+ a | AK43: =COUNTA(D43:AI43) -> 0 | AL43: =Üldinfo!AN42 -> 0 | AM43: =AK43/AL43 -> #DIV/0! | AO43: =LEN(D43&E43&F43&G43&H43&I43&J43&K43&L43&M43&N43&O43&P43&Q43&R43&S43&T43&U43&V43&W43&X43&Y43&Z43&AA43&AB43&AC43&AD43&AE43&AF43&AG43&AH43&AI43)-LEN(SUBSTITUTE(D43&E43&F43&G43&H43&I43&J43&K43&L43&M43&N43&O43&P43&Q43&R43&S43&T43&U43&V43&W43&X43&Y43&Z43&AA43&AB43&AC43&AD43&AE43&AF43&AG43&AH43&AI43,"1","")) -> 0 | AP43: =LEN(D43&E43&F43&G43&H43&I43&J43&K43&L43&M43&N43&O43&P43&Q43&R43&S43&T43&U43&V43&W43&X43&Y43&Z43&AA43&AB43&AC43&AD43&AE43&AF43&AG43&AH43&AI43)-LEN(SUBSTITUTE(D43&E43&F43&G43&H43&I43&J43&K43&L43&M43&N43&O43&P43&Q43&R43&S43&T43&U43&V43&W43&X43&Y43&Z43&AA43&AB43&AC43&AD43&AE43&AF43&AG43&AH43&AI43,"2","")) -> 0 | AQ43: =LEN(D43&E43&F43&G43&H43&I43&J43&K43&L43&M43&N43&O43&P43&Q43&R43&S43&T43&U43&V43&W43&X43&Y43&Z43&AA43&AB43&AC43&AD43&AE43&AF43&AG43&AH43&AI43)-LEN(SUBSTITUTE(D43&E43&F43&G43&H43&I43&J43&K43&L43&M43&N43&O43&P43&Q43&R43&S43&T43&U43&V43&W43&X43&Y43&Z43&AA43&AB43&AC43&AD43&AE43&AF43&AG43&AH43&AI43,"3","")) -> 0 | AR43: =SUM(AO43:AQ43) -> 0 | AT43: =COUNTIF(D43:AI43,"*m*") -> 0 | AU43: =COUNTIF(D43:AI43,"*d*") -> 0 | AV43: =COUNTIF(D43:AI43,"*b*") -> 0 | AW43: =COUNTIF(D43:AI43,"*l*") -> 0 | AX43: =COUNTIF(D43:AI43,"*o*") -> 0 | AY43: =SUM(AT43:AX43) -> 0
A44: 42 | B44: =Üldinfo!B43 -> Mees | C44: =Üldinfo!C43 -> 25-35 a | E44: 1m1b1d1l | F44: 1b1d1l | G44: 1m1l | H44: 1m1b1d1l | I44: 1m1b1d1l | J44: 1m1b1d1l | K44: 1m1b1d1l | L44: 1m1b1d1l | M44: 1m1b1d1l | N44: 1m1b1d | O44: 1m1b1d1l | P44: 1m1b1l | Q44: 1m1b1d1l | R44: 1m1b1d1l | U44: 1m1b1d1l | V44: 1m1b1d1l | W44: 1m1d1l | X44: 1m1d1l | Y44: 1m1b1d1l | Z44: 1m1b1d1l | AA44: 1m1b1d1l | AB44: 1m1b1d1l | AC44: 1m1b1d1l | AD44: 1m1b1d1l | AE44: 1m1b1d1l | AF44: 1m1d1l | AG44: 1m1b1d1l | AH44: 1m1b1d1l | AJ44: 1 | AK44: =COUNTA(D44:AI44) -> 28 | AL44: =Üldinfo!AN43 -> 28 | AM44: =AK44/AL44 -> 1 | AO44: =LEN(D44&E44&F44&G44&H44&I44&J44&K44&L44&M44&N44&O44&P44&Q44&R44&S44&T44&U44&V44&W44&X44&Y44&Z44&AA44&AB44&AC44&AD44&AE44&AF44&AG44&AH44&AI44)-LEN(SUBSTITUTE(D44&E44&F44&G44&H44&I44&J44&K44&L44&M44&N44&O44&P44&Q44&R44&S44&T44&U44&V44&W44&X44&Y44&Z44&AA44&AB44&AC44&AD44&AE44&AF44&AG44&AH44&AI44,"1","")) -> 104 | AP44: =LEN(D44&E44&F44&G44&H44&I44&J44&K44&L44&M44&N44&O44&P44&Q44&R44&S44&T44&U44&V44&W44&X44&Y44&Z44&AA44&AB44&AC44&AD44&AE44&AF44&AG44&AH44&AI44)-LEN(SUBSTITUTE(D44&E44&F44&G44&H44&I44&J44&K44&L44&M44&N44&O44&P44&Q44&R44&S44&T44&U44&V44&W44&X44&Y44&Z44&AA44&AB44&AC44&AD44&AE44&AF44&AG44&AH44&AI44,"2","")) -> 0 | AQ44: =LEN(D44&E44&F44&G44&H44&I44&J44&K44&L44&M44&N44&O44&P44&Q44&R44&S44&T44&U44&V44&W44&X44&Y44&Z44&AA44&AB44&AC44&AD44&AE44&AF44&AG44&AH44&AI44)-LEN(SUBSTITUTE(D44&E44&F44&G44&H44&I44&J44&K44&L44&M44&N44&O44&P44&Q44&R44&S44&T44&U44&V44&W44&X44&Y44&Z44&AA44&AB44&AC44&AD44&AE44&AF44&AG44&AH44&AI44,"3","")) -> 0 | AR44: =SUM(AO44:AQ44) -> 104 | AT44: =COUNTIF(D44:AI44,"*m*") -> 27 | AU44: =COUNTIF(D44:AI44,"*d*") -> 26 | AV44: =COUNTIF(D44:AI44,"*b*") -> 24 | AW44: =COUNTIF(D44:AI44,"*l*") -> 27 | AX44: =COUNTIF(D44:AI44,"*o*") -> 0 | AY44: =SUM(AT44:AX44) -> 104
A45: 42a | B45: =Üldinfo!B44 -> Alaealine | C45: =Üldinfo!C44 -> ? | AK45: =COUNTA(D45:AI45) -> 0 | AL45: =Üldinfo!AN44 -> 0 | AM45: =AK45/AL45 -> #DIV/0! | AO45: =LEN(D45&E45&F45&G45&H45&I45&J45&K45&L45&M45&N45&O45&P45&Q45&R45&S45&T45&U45&V45&W45&X45&Y45&Z45&AA45&AB45&AC45&AD45&AE45&AF45&AG45&AH45&AI45)-LEN(SUBSTITUTE(D45&E45&F45&G45&H45&I45&J45&K45&L45&M45&N45&O45&P45&Q45&R45&S45&T45&U45&V45&W45&X45&Y45&Z45&AA45&AB45&AC45&AD45&AE45&AF45&AG45&AH45&AI45,"1","")) -> 0 | AP45: =LEN(D45&E45&F45&G45&H45&I45&J45&K45&L45&M45&N45&O45&P45&Q45&R45&S45&T45&U45&V45&W45&X45&Y45&Z45&AA45&AB45&AC45&AD45&AE45&AF45&AG45&AH45&AI45)-LEN(SUBSTITUTE(D45&E45&F45&G45&H45&I45&J45&K45&L45&M45&N45&O45&P45&Q45&R45&S45&T45&U45&V45&W45&X45&Y45&Z45&AA45&AB45&AC45&AD45&AE45&AF45&AG45&AH45&AI45,"2","")) -> 0 | AQ45: =LEN(D45&E45&F45&G45&H45&I45&J45&K45&L45&M45&N45&O45&P45&Q45&R45&S45&T45&U45&V45&W45&X45&Y45&Z45&AA45&AB45&AC45&AD45&AE45&AF45&AG45&AH45&AI45)-LEN(SUBSTITUTE(D45&E45&F45&G45&H45&I45&J45&K45&L45&M45&N45&O45&P45&Q45&R45&S45&T45&U45&V45&W45&X45&Y45&Z45&AA45&AB45&AC45&AD45&AE45&AF45&AG45&AH45&AI45,"3","")) -> 0 | AR45: =SUM(AO45:AQ45) -> 0 | AT45: =COUNTIF(D45:AI45,"*m*") -> 0 | AU45: =COUNTIF(D45:AI45,"*d*") -> 0 | AV45: =COUNTIF(D45:AI45,"*b*") -> 0 | AW45: =COUNTIF(D45:AI45,"*l*") -> 0 | AX45: =COUNTIF(D45:AI45,"*o*") -> 0 | AY45: =SUM(AT45:AX45) -> 0
A46: 43 | B46: =Üldinfo!B45 -> Mees | C46: =Üldinfo!C45 -> 18-19 a | G46: 1m1d | I46: 1m | M46: 1b | N46: 1b1m | Z46: 1m1b1d | AA46: 1m1d | AB46: 1m1b | AC46: 1m1b1d1l | AD46: 1m1d | AJ46: 1 | AK46: =COUNTA(D46:AI46) -> 9 | AL46: =Üldinfo!AN45 -> 28 | AM46: =AK46/AL46 -> 0.32142857 | AO46: =LEN(D46&E46&F46&G46&H46&I46&J46&K46&L46&M46&N46&O46&P46&Q46&R46&S46&T46&U46&V46&W46&X46&Y46&Z46&AA46&AB46&AC46&AD46&AE46&AF46&AG46&AH46&AI46)-LEN(SUBSTITUTE(D46&E46&F46&G46&H46&I46&J46&K46&L46&M46&N46&O46&P46&Q46&R46&S46&T46&U46&V46&W46&X46&Y46&Z46&AA46&AB46&AC46&AD46&AE46&AF46&AG46&AH46&AI46,"1","")) -> 19 | AP46: =LEN(D46&E46&F46&G46&H46&I46&J46&K46&L46&M46&N46&O46&P46&Q46&R46&S46&T46&U46&V46&W46&X46&Y46&Z46&AA46&AB46&AC46&AD46&AE46&AF46&AG46&AH46&AI46)-LEN(SUBSTITUTE(D46&E46&F46&G46&H46&I46&J46&K46&L46&M46&N46&O46&P46&Q46&R46&S46&T46&U46&V46&W46&X46&Y46&Z46&AA46&AB46&AC46&AD46&AE46&AF46&AG46&AH46&AI46,"2","")) -> 0 | AQ46: =LEN(D46&E46&F46&G46&H46&I46&J46&K46&L46&M46&N46&O46&P46&Q46&R46&S46&T46&U46&V46&W46&X46&Y46&Z46&AA46&AB46&AC46&AD46&AE46&AF46&AG46&AH46&AI46)-LEN(SUBSTITUTE(D46&E46&F46&G46&H46&I46&J46&K46&L46&M46&N46&O46&P46&Q46&R46&S46&T46&U46&V46&W46&X46&Y46&Z46&AA46&AB46&AC46&AD46&AE46&AF46&AG46&AH46&AI46,"3","")) -> 0 | AR46: =SUM(AO46:AQ46) -> 19 | AT46: =COUNTIF(D46:AI46,"*m*") -> 8 | AU46: =COUNTIF(D46:AI46,"*d*") -> 5 | AV46: =COUNTIF(D46:AI46,"*b*") -> 5 | AW46: =COUNTIF(D46:AI46,"*l*") -> 1 | AX46: =COUNTIF(D46:AI46,"*o*") -> 0 | AY46: =SUM(AT46:AX46) -> 19
A47: 44 | B47: =Üldinfo!B46 -> Alaealine | C47: =Üldinfo!C46 -> 4-8 a | AK47: =COUNTA(D47:AI47) -> 0 | AL47: =Üldinfo!AN46 -> 0 | AM47: =AK47/AL47 -> #DIV/0! | AO47: =LEN(D47&E47&F47&G47&H47&I47&J47&K47&L47&M47&N47&O47&P47&Q47&R47&S47&T47&U47&V47&W47&X47&Y47&Z47&AA47&AB47&AC47&AD47&AE47&AF47&AG47&AH47&AI47)-LEN(SUBSTITUTE(D47&E47&F47&G47&H47&I47&J47&K47&L47&M47&N47&O47&P47&Q47&R47&S47&T47&U47&V47&W47&X47&Y47&Z47&AA47&AB47&AC47&AD47&AE47&AF47&AG47&AH47&AI47,"1","")) -> 0 | AP47: =LEN(D47&E47&F47&G47&H47&I47&J47&K47&L47&M47&N47&O47&P47&Q47&R47&S47&T47&U47&V47&W47&X47&Y47&Z47&AA47&AB47&AC47&AD47&AE47&AF47&AG47&AH47&AI47)-LEN(SUBSTITUTE(D47&E47&F47&G47&H47&I47&J47&K47&L47&M47&N47&O47&P47&Q47&R47&S47&T47&U47&V47&W47&X47&Y47&Z47&AA47&AB47&AC47&AD47&AE47&AF47&AG47&AH47&AI47,"2","")) -> 0 | AQ47: =LEN(D47&E47&F47&G47&H47&I47&J47&K47&L47&M47&N47&O47&P47&Q47&R47&S47&T47&U47&V47&W47&X47&Y47&Z47&AA47&AB47&AC47&AD47&AE47&AF47&AG47&AH47&AI47)-LEN(SUBSTITUTE(D47&E47&F47&G47&H47&I47&J47&K47&L47&M47&N47&O47&P47&Q47&R47&S47&T47&U47&V47&W47&X47&Y47&Z47&AA47&AB47&AC47&AD47&AE47&AF47&AG47&AH47&AI47,"3","")) -> 0 | AR47: =SUM(AO47:AQ47) -> 0 | AT47: =COUNTIF(D47:AI47,"*m*") -> 0 | AU47: =COUNTIF(D47:AI47,"*d*") -> 0 | AV47: =COUNTIF(D47:AI47,"*b*") -> 0 | AW47: =COUNTIF(D47:AI47,"*l*") -> 0 | AX47: =COUNTIF(D47:AI47,"*o*") -> 0 | AY47: =SUM(AT47:AX47) -> 0
A48: 45 | B48: =Üldinfo!B47 -> Alaealine | C48: =Üldinfo!C47 -> 3-9 k | AK48: =COUNTA(D48:AI48) -> 0 | AL48: =Üldinfo!AN47 -> 0 | AM48: =AK48/AL48 -> #DIV/0! | AO48: =LEN(D48&E48&F48&G48&H48&I48&J48&K48&L48&M48&N48&O48&P48&Q48&R48&S48&T48&U48&V48&W48&X48&Y48&Z48&AA48&AB48&AC48&AD48&AE48&AF48&AG48&AH48&AI48)-LEN(SUBSTITUTE(D48&E48&F48&G48&H48&I48&J48&K48&L48&M48&N48&O48&P48&Q48&R48&S48&T48&U48&V48&W48&X48&Y48&Z48&AA48&AB48&AC48&AD48&AE48&AF48&AG48&AH48&AI48,"1","")) -> 0 | AP48: =LEN(D48&E48&F48&G48&H48&I48&J48&K48&L48&M48&N48&O48&P48&Q48&R48&S48&T48&U48&V48&W48&X48&Y48&Z48&AA48&AB48&AC48&AD48&AE48&AF48&AG48&AH48&AI48)-LEN(SUBSTITUTE(D48&E48&F48&G48&H48&I48&J48&K48&L48&M48&N48&O48&P48&Q48&R48&S48&T48&U48&V48&W48&X48&Y48&Z48&AA48&AB48&AC48&AD48&AE48&AF48&AG48&AH48&AI48,"2","")) -> 0 | AQ48: =LEN(D48&E48&F48&G48&H48&I48&J48&K48&L48&M48&N48&O48&P48&Q48&R48&S48&T48&U48&V48&W48&X48&Y48&Z48&AA48&AB48&AC48&AD48&AE48&AF48&AG48&AH48&AI48)-LEN(SUBSTITUTE(D48&E48&F48&G48&H48&I48&J48&K48&L48&M48&N48&O48&P48&Q48&R48&S48&T48&U48&V48&W48&X48&Y48&Z48&AA48&AB48&AC48&AD48&AE48&AF48&AG48&AH48&AI48,"3","")) -> 0 | AR48: =SUM(AO48:AQ48) -> 0 | AT48: =COUNTIF(D48:AI48,"*m*") -> 0 | AU48: =COUNTIF(D48:AI48,"*d*") -> 0 | AV48: =COUNTIF(D48:AI48,"*b*") -> 0 | AW48: =COUNTIF(D48:AI48,"*l*") -> 0 | AX48: =COUNTIF(D48:AI48,"*o*") -> 0 | AY48: =SUM(AT48:AX48) -> 0
A49: 46 | B49: =Üldinfo!B48 -> Mees | C49: =Üldinfo!C48 -> 25-26 a | AK49: =COUNTA(D49:AI49) -> 0 | AL49: =Üldinfo!AN48 -> 0 | AM49: =AK49/AL49 -> #DIV/0! | AO49: =LEN(D49&E49&F49&G49&H49&I49&J49&K49&L49&M49&N49&O49&P49&Q49&R49&S49&T49&U49&V49&W49&X49&Y49&Z49&AA49&AB49&AC49&AD49&AE49&AF49&AG49&AH49&AI49)-LEN(SUBSTITUTE(D49&E49&F49&G49&H49&I49&J49&K49&L49&M49&N49&O49&P49&Q49&R49&S49&T49&U49&V49&W49&X49&Y49&Z49&AA49&AB49&AC49&AD49&AE49&AF49&AG49&AH49&AI49,"1","")) -> 0 | AP49: =LEN(D49&E49&F49&G49&H49&I49&J49&K49&L49&M49&N49&O49&P49&Q49&R49&S49&T49&U49&V49&W49&X49&Y49&Z49&AA49&AB49&AC49&AD49&AE49&AF49&AG49&AH49&AI49)-LEN(SUBSTITUTE(D49&E49&F49&G49&H49&I49&J49&K49&L49&M49&N49&O49&P49&Q49&R49&S49&T49&U49&V49&W49&X49&Y49&Z49&AA49&AB49&AC49&AD49&AE49&AF49&AG49&AH49&AI49,"2","")) -> 0 | AQ49: =LEN(D49&E49&F49&G49&H49&I49&J49&K49&L49&M49&N49&O49&P49&Q49&R49&S49&T49&U49&V49&W49&X49&Y49&Z49&AA49&AB49&AC49&AD49&AE49&AF49&AG49&AH49&AI49)-LEN(SUBSTITUTE(D49&E49&F49&G49&H49&I49&J49&K49&L49&M49&N49&O49&P49&Q49&R49&S49&T49&U49&V49&W49&X49&Y49&Z49&AA49&AB49&AC49&AD49&AE49&AF49&AG49&AH49&AI49,"3","")) -> 0 | AR49: =SUM(AO49:AQ49) -> 0 | AT49: =COUNTIF(D49:AI49,"*m*") -> 0 | AU49: =COUNTIF(D49:AI49,"*d*") -> 0 | AV49: =COUNTIF(D49:AI49,"*b*") -> 0 | AW49: =COUNTIF(D49:AI49,"*l*") -> 0 | AX49: =COUNTIF(D49:AI49,"*o*") -> 0 | AY49: =SUM(AT49:AX49) -> 0
A50: 47 | B50: =Üldinfo!B49 -> Mees | C50: =Üldinfo!C49 -> 18-20 a | E50: 1m1b1d | F50: 1b | G50: 1b | H50: 1m1b1d | I50: 1b | J50: 1b | M50: 1m1b1d | N50: 1m1b1d | P50: 1b | Q50: 1b | R50: 1m1d1l | T50: 1m1b1d1l | U50: 1m1b1d1l | V50: 1d1l | W50: 1m1b1l | X50: 1m1b1d1l | Y50: 1m1b1l | Z50: 1m1b1d1l | AA50: 1m1b1d1l | AB50: 1m1b1d1l | AC50: 1m1b1d1l | AD50: 2b1m1l | AE50: 1m1d1l | AF50: 1m1d1l | AG50: 1m1b1d1l | AH50: 1m1b1l | AI50: 1b1d1l | AJ50: 1 | AK50: =COUNTA(D50:AI50) -> 27 | AL50: =Üldinfo!AN49 -> 29 | AM50: =AK50/AL50 -> 0.93103448 | AO50: =LEN(D50&E50&F50&G50&H50&I50&J50&K50&L50&M50&N50&O50&P50&Q50&R50&S50&T50&U50&V50&W50&X50&Y50&Z50&AA50&AB50&AC50&AD50&AE50&AF50&AG50&AH50&AI50)-LEN(SUBSTITUTE(D50&E50&F50&G50&H50&I50&J50&K50&L50&M50&N50&O50&P50&Q50&R50&S50&T50&U50&V50&W50&X50&Y50&Z50&AA50&AB50&AC50&AD50&AE50&AF50&AG50&AH50&AI50,"1","")) -> 75 | AP50: =LEN(D50&E50&F50&G50&H50&I50&J50&K50&L50&M50&N50&O50&P50&Q50&R50&S50&T50&U50&V50&W50&X50&Y50&Z50&AA50&AB50&AC50&AD50&AE50&AF50&AG50&AH50&AI50)-LEN(SUBSTITUTE(D50&E50&F50&G50&H50&I50&J50&K50&L50&M50&N50&O50&P50&Q50&R50&S50&T50&U50&V50&W50&X50&Y50&Z50&AA50&AB50&AC50&AD50&AE50&AF50&AG50&AH50&AI50,"2","")) -> 1 | AQ50: =LEN(D50&E50&F50&G50&H50&I50&J50&K50&L50&M50&N50&O50&P50&Q50&R50&S50&T50&U50&V50&W50&X50&Y50&Z50&AA50&AB50&AC50&AD50&AE50&AF50&AG50&AH50&AI50)-LEN(SUBSTITUTE(D50&E50&F50&G50&H50&I50&J50&K50&L50&M50&N50&O50&P50&Q50&R50&S50&T50&U50&V50&W50&X50&Y50&Z50&AA50&AB50&AC50&AD50&AE50&AF50&AG50&AH50&AI50,"3","")) -> 0 | AR50: =SUM(AO50:AQ50) -> 76 | AT50: =COUNTIF(D50:AI50,"*m*") -> 19 | AU50: =COUNTIF(D50:AI50,"*d*") -> 17 | AV50: =COUNTIF(D50:AI50,"*b*") -> 23 | AW50: =COUNTIF(D50:AI50,"*l*") -> 17 | AX50: =COUNTIF(D50:AI50,"*o*") -> 0 | AY50: =SUM(AT50:AX50) -> 76
A51: 48 | B51: =Üldinfo!B50 -> Mees | C51: =Üldinfo!C50 -> 25-35 a | E51: 1b1l | F51: 1m | G51: 1b | H51: 1b | I51: 1m1b1d | J51: 1b1d | K51: 1b | M51: 1b1m | N51: 1b1m | O51: 1b | P51: 1b | Q51: 1b | R51: 1b | S51: 1d1l | T51: 1b1d1l | U51: 1l | V51: 1l1d | W51: 1m1b1d1l | X51: 1m1b1d1l | Y51: 1m1b1d1l | Z51: 2b1m1d1l | AA51: 2b1m1d1l | AB51: 2b1m1d1l | AC51: 1m1b1d1l | AD51: 1m1b1d1l | AE51: 1m1b1d1l | AF51: 1m1b1d1l | AG51: 1b1l | AH51: 1m1b1d1l | AI51: 1m1b1d1l | AJ51: 1 | AK51: =COUNTA(D51:AI51) -> 30 | AL51: =Üldinfo!AN50 -> 31 | AM51: =AK51/AL51 -> 0.96774194 | AO51: =LEN(D51&E51&F51&G51&H51&I51&J51&K51&L51&M51&N51&O51&P51&Q51&R51&S51&T51&U51&V51&W51&X51&Y51&Z51&AA51&AB51&AC51&AD51&AE51&AF51&AG51&AH51&AI51)-LEN(SUBSTITUTE(D51&E51&F51&G51&H51&I51&J51&K51&L51&M51&N51&O51&P51&Q51&R51&S51&T51&U51&V51&W51&X51&Y51&Z51&AA51&AB51&AC51&AD51&AE51&AF51&AG51&AH51&AI51,"1","")) -> 74 | AP51: =LEN(D51&E51&F51&G51&H51&I51&J51&K51&L51&M51&N51&O51&P51&Q51&R51&S51&T51&U51&V51&W51&X51&Y51&Z51&AA51&AB51&AC51&AD51&AE51&AF51&AG51&AH51&AI51)-LEN(SUBSTITUTE(D51&E51&F51&G51&H51&I51&J51&K51&L51&M51&N51&O51&P51&Q51&R51&S51&T51&U51&V51&W51&X51&Y51&Z51&AA51&AB51&AC51&AD51&AE51&AF51&AG51&AH51&AI51,"2","")) -> 3 | AQ51: =LEN(D51&E51&F51&G51&H51&I51&J51&K51&L51&M51&N51&O51&P51&Q51&R51&S51&T51&U51&V51&W51&X51&Y51&Z51&AA51&AB51&AC51&AD51&AE51&AF51&AG51&AH51&AI51)-LEN(SUBSTITUTE(D51&E51&F51&G51&H51&I51&J51&K51&L51&M51&N51&O51&P51&Q51&R51&S51&T51&U51&V51&W51&X51&Y51&Z51&AA51&AB51&AC51&AD51&AE51&AF51&AG51&AH51&AI51,"3","")) -> 0 | AR51: =SUM(AO51:AQ51) -> 77 | AT51: =COUNTIF(D51:AI51,"*m*") -> 16 | AU51: =COUNTIF(D51:AI51,"*d*") -> 17 | AV51: =COUNTIF(D51:AI51,"*b*") -> 26 | AW51: =COUNTIF(D51:AI51,"*l*") -> 18 | AX51: =COUNTIF(D51:AI51,"*o*") -> 0 | AY51: =SUM(AT51:AX51) -> 77
A52: 49 | B52: =Üldinfo!B51 -> Mees | C52: =Üldinfo!C51 -> 18-20 a | AK52: =COUNTA(D52:AI52) -> 0 | AL52: =Üldinfo!AN51 -> 2 | AM52: =AK52/AL52 -> 0 | AO52: =LEN(D52&E52&F52&G52&H52&I52&J52&K52&L52&M52&N52&O52&P52&Q52&R52&S52&T52&U52&V52&W52&X52&Y52&Z52&AA52&AB52&AC52&AD52&AE52&AF52&AG52&AH52&AI52)-LEN(SUBSTITUTE(D52&E52&F52&G52&H52&I52&J52&K52&L52&M52&N52&O52&P52&Q52&R52&S52&T52&U52&V52&W52&X52&Y52&Z52&AA52&AB52&AC52&AD52&AE52&AF52&AG52&AH52&AI52,"1","")) -> 0 | AP52: =LEN(D52&E52&F52&G52&H52&I52&J52&K52&L52&M52&N52&O52&P52&Q52&R52&S52&T52&U52&V52&W52&X52&Y52&Z52&AA52&AB52&AC52&AD52&AE52&AF52&AG52&AH52&AI52)-LEN(SUBSTITUTE(D52&E52&F52&G52&H52&I52&J52&K52&L52&M52&N52&O52&P52&Q52&R52&S52&T52&U52&V52&W52&X52&Y52&Z52&AA52&AB52&AC52&AD52&AE52&AF52&AG52&AH52&AI52,"2","")) -> 0 | AQ52: =LEN(D52&E52&F52&G52&H52&I52&J52&K52&L52&M52&N52&O52&P52&Q52&R52&S52&T52&U52&V52&W52&X52&Y52&Z52&AA52&AB52&AC52&AD52&AE52&AF52&AG52&AH52&AI52)-LEN(SUBSTITUTE(D52&E52&F52&G52&H52&I52&J52&K52&L52&M52&N52&O52&P52&Q52&R52&S52&T52&U52&V52&W52&X52&Y52&Z52&AA52&AB52&AC52&AD52&AE52&AF52&AG52&AH52&AI52,"3","")) -> 0 | AR52: =SUM(AO52:AQ52) -> 0 | AT52: =COUNTIF(D52:AI52,"*m*") -> 0 | AU52: =COUNTIF(D52:AI52,"*d*") -> 0 | AV52: =COUNTIF(D52:AI52,"*b*") -> 0 | AW52: =COUNTIF(D52:AI52,"*l*") -> 0 | AX52: =COUNTIF(D52:AI52,"*o*") -> 0 | AY52: =SUM(AT52:AX52) -> 0
A53: 50 | B53: =Üldinfo!B52 -> Mees | C53: =Üldinfo!C52 -> 18-19 a | I53: 1b | J53: 1b | M53: 1b | N53: 1m | Q53: 1b | V53: 1l | Y53: 1m1b1d | Z53: 1m1b1d1l | AA53: 2b1m1d1l | AB53: 2b1m1d1l | AC53: 1m1b1d1l | AD53: 1m1b1d1l | AG53: 1b1d | AH53: 1m | AJ53: 1 | AK53: =COUNTA(D53:AI53) -> 14 | AL53: =Üldinfo!AN52 -> 27 | AM53: =AK53/AL53 -> 0.51851852 | AO53: =LEN(D53&E53&F53&G53&H53&I53&J53&K53&L53&M53&N53&O53&P53&Q53&R53&S53&T53&U53&V53&W53&X53&Y53&Z53&AA53&AB53&AC53&AD53&AE53&AF53&AG53&AH53&AI53)-LEN(SUBSTITUTE(D53&E53&F53&G53&H53&I53&J53&K53&L53&M53&N53&O53&P53&Q53&R53&S53&T53&U53&V53&W53&X53&Y53&Z53&AA53&AB53&AC53&AD53&AE53&AF53&AG53&AH53&AI53,"1","")) -> 30 | AP53: =LEN(D53&E53&F53&G53&H53&I53&J53&K53&L53&M53&N53&O53&P53&Q53&R53&S53&T53&U53&V53&W53&X53&Y53&Z53&AA53&AB53&AC53&AD53&AE53&AF53&AG53&AH53&AI53)-LEN(SUBSTITUTE(D53&E53&F53&G53&H53&I53&J53&K53&L53&M53&N53&O53&P53&Q53&R53&S53&T53&U53&V53&W53&X53&Y53&Z53&AA53&AB53&AC53&AD53&AE53&AF53&AG53&AH53&AI53,"2","")) -> 2 | AQ53: =LEN(D53&E53&F53&G53&H53&I53&J53&K53&L53&M53&N53&O53&P53&Q53&R53&S53&T53&U53&V53&W53&X53&Y53&Z53&AA53&AB53&AC53&AD53&AE53&AF53&AG53&AH53&AI53)-LEN(SUBSTITUTE(D53&E53&F53&G53&H53&I53&J53&K53&L53&M53&N53&O53&P53&Q53&R53&S53&T53&U53&V53&W53&X53&Y53&Z53&AA53&AB53&AC53&AD53&AE53&AF53&AG53&AH53&AI53,"3","")) -> 0 | AR53: =SUM(AO53:AQ53) -> 32 | AT53: =COUNTIF(D53:AI53,"*m*") -> 8 | AU53: =COUNTIF(D53:AI53,"*d*") -> 7 | AV53: =COUNTIF(D53:AI53,"*b*") -> 11 | AW53: =COUNTIF(D53:AI53,"*l*") -> 6 | AX53: =COUNTIF(D53:AI53,"*o*") -> 0 | AY53: =SUM(AT53:AX53) -> 32
A54: 51 | B54: =Üldinfo!B53 -> Naine | C54: =Üldinfo!C53 -> 25-40 a | AK54: =COUNTA(D54:AI54) -> 0 | AL54: =Üldinfo!AN53 -> 0 | AM54: =AK54/AL54 -> #DIV/0! | AO54: =LEN(D54&E54&F54&G54&H54&I54&J54&K54&L54&M54&N54&O54&P54&Q54&R54&S54&T54&U54&V54&W54&X54&Y54&Z54&AA54&AB54&AC54&AD54&AE54&AF54&AG54&AH54&AI54)-LEN(SUBSTITUTE(D54&E54&F54&G54&H54&I54&J54&K54&L54&M54&N54&O54&P54&Q54&R54&S54&T54&U54&V54&W54&X54&Y54&Z54&AA54&AB54&AC54&AD54&AE54&AF54&AG54&AH54&AI54,"1","")) -> 0 | AP54: =LEN(D54&E54&F54&G54&H54&I54&J54&K54&L54&M54&N54&O54&P54&Q54&R54&S54&T54&U54&V54&W54&X54&Y54&Z54&AA54&AB54&AC54&AD54&AE54&AF54&AG54&AH54&AI54)-LEN(SUBSTITUTE(D54&E54&F54&G54&H54&I54&J54&K54&L54&M54&N54&O54&P54&Q54&R54&S54&T54&U54&V54&W54&X54&Y54&Z54&AA54&AB54&AC54&AD54&AE54&AF54&AG54&AH54&AI54,"2","")) -> 0 | AQ54: =LEN(D54&E54&F54&G54&H54&I54&J54&K54&L54&M54&N54&O54&P54&Q54&R54&S54&T54&U54&V54&W54&X54&Y54&Z54&AA54&AB54&AC54&AD54&AE54&AF54&AG54&AH54&AI54)-LEN(SUBSTITUTE(D54&E54&F54&G54&H54&I54&J54&K54&L54&M54&N54&O54&P54&Q54&R54&S54&T54&U54&V54&W54&X54&Y54&Z54&AA54&AB54&AC54&AD54&AE54&AF54&AG54&AH54&AI54,"3","")) -> 0 | AR54: =SUM(AO54:AQ54) -> 0 | AT54: =COUNTIF(D54:AI54,"*m*") -> 0 | AU54: =COUNTIF(D54:AI54,"*d*") -> 0 | AV54: =COUNTIF(D54:AI54,"*b*") -> 0 | AW54: =COUNTIF(D54:AI54,"*l*") -> 0 | AX54: =COUNTIF(D54:AI54,"*o*") -> 0 | AY54: =SUM(AT54:AX54) -> 0
A55: 52 | B55: =Üldinfo!B54 -> Alaealine | C55: =Üldinfo!C54 -> 10-16 a | AK55: =COUNTA(D55:AI55) -> 0 | AL55: =Üldinfo!AN54 -> 0 | AM55: =AK55/AL55 -> #DIV/0! | AO55: =LEN(D55&E55&F55&G55&H55&I55&J55&K55&L55&M55&N55&O55&P55&Q55&R55&S55&T55&U55&V55&W55&X55&Y55&Z55&AA55&AB55&AC55&AD55&AE55&AF55&AG55&AH55&AI55)-LEN(SUBSTITUTE(D55&E55&F55&G55&H55&I55&J55&K55&L55&M55&N55&O55&P55&Q55&R55&S55&T55&U55&V55&W55&X55&Y55&Z55&AA55&AB55&AC55&AD55&AE55&AF55&AG55&AH55&AI55,"1","")) -> 0 | AP55: =LEN(D55&E55&F55&G55&H55&I55&J55&K55&L55&M55&N55&O55&P55&Q55&R55&S55&T55&U55&V55&W55&X55&Y55&Z55&AA55&AB55&AC55&AD55&AE55&AF55&AG55&AH55&AI55)-LEN(SUBSTITUTE(D55&E55&F55&G55&H55&I55&J55&K55&L55&M55&N55&O55&P55&Q55&R55&S55&T55&U55&V55&W55&X55&Y55&Z55&AA55&AB55&AC55&AD55&AE55&AF55&AG55&AH55&AI55,"2","")) -> 0 | AQ55: =LEN(D55&E55&F55&G55&H55&I55&J55&K55&L55&M55&N55&O55&P55&Q55&R55&S55&T55&U55&V55&W55&X55&Y55&Z55&AA55&AB55&AC55&AD55&AE55&AF55&AG55&AH55&AI55)-LEN(SUBSTITUTE(D55&E55&F55&G55&H55&I55&J55&K55&L55&M55&N55&O55&P55&Q55&R55&S55&T55&U55&V55&W55&X55&Y55&Z55&AA55&AB55&AC55&AD55&AE55&AF55&AG55&AH55&AI55,"3","")) -> 0 | AR55: =SUM(AO55:AQ55) -> 0 | AT55: =COUNTIF(D55:AI55,"*m*") -> 0 | AU55: =COUNTIF(D55:AI55,"*d*") -> 0 | AV55: =COUNTIF(D55:AI55,"*b*") -> 0 | AW55: =COUNTIF(D55:AI55,"*l*") -> 0 | AX55: =COUNTIF(D55:AI55,"*o*") -> 0 | AY55: =SUM(AT55:AX55) -> 0
A56: 53 | B56: =Üldinfo!B55 -> Naine ? | C56: =Üldinfo!C55 -> Täisk | AK56: =COUNTA(D56:AI56) -> 0 | AL56: =Üldinfo!AN55 -> 0 | AM56: =AK56/AL56 -> #DIV/0! | AO56: =LEN(D56&E56&F56&G56&H56&I56&J56&K56&L56&M56&N56&O56&P56&Q56&R56&S56&T56&U56&V56&W56&X56&Y56&Z56&AA56&AB56&AC56&AD56&AE56&AF56&AG56&AH56&AI56)-LEN(SUBSTITUTE(D56&E56&F56&G56&H56&I56&J56&K56&L56&M56&N56&O56&P56&Q56&R56&S56&T56&U56&V56&W56&X56&Y56&Z56&AA56&AB56&AC56&AD56&AE56&AF56&AG56&AH56&AI56,"1","")) -> 0 | AP56: =LEN(D56&E56&F56&G56&H56&I56&J56&K56&L56&M56&N56&O56&P56&Q56&R56&S56&T56&U56&V56&W56&X56&Y56&Z56&AA56&AB56&AC56&AD56&AE56&AF56&AG56&AH56&AI56)-LEN(SUBSTITUTE(D56&E56&F56&G56&H56&I56&J56&K56&L56&M56&N56&O56&P56&Q56&R56&S56&T56&U56&V56&W56&X56&Y56&Z56&AA56&AB56&AC56&AD56&AE56&AF56&AG56&AH56&AI56,"2","")) -> 0 | AQ56: =LEN(D56&E56&F56&G56&H56&I56&J56&K56&L56&M56&N56&O56&P56&Q56&R56&S56&T56&U56&V56&W56&X56&Y56&Z56&AA56&AB56&AC56&AD56&AE56&AF56&AG56&AH56&AI56)-LEN(SUBSTITUTE(D56&E56&F56&G56&H56&I56&J56&K56&L56&M56&N56&O56&P56&Q56&R56&S56&T56&U56&V56&W56&X56&Y56&Z56&AA56&AB56&AC56&AD56&AE56&AF56&AG56&AH56&AI56,"3","")) -> 0 | AR56: =SUM(AO56:AQ56) -> 0 | AT56: =COUNTIF(D56:AI56,"*m*") -> 0 | AU56: =COUNTIF(D56:AI56,"*d*") -> 0 | AV56: =COUNTIF(D56:AI56,"*b*") -> 0 | AW56: =COUNTIF(D56:AI56,"*l*") -> 0 | AX56: =COUNTIF(D56:AI56,"*o*") -> 0 | AY56: =SUM(AT56:AX56) -> 0
A57: 54 | B57: =Üldinfo!B56 -> Naine | C57: =Üldinfo!C56 -> 44-50 a | I57: 1m1l | J57: 1b | K57: 1b1d1l | L57: 1m1b1d1l | N57: 1m1b1d1l | O57: 1b1d | P57: 1b | Q57: 1b1d | R57: 1m1b1d1l | W57: 1m1b1d1l | X57: 1m1b1d1l | Y57: 1b1l | AB57: 1b1l | AC57: 1b1l | AE57: 1b | AF57: 1l | AG57: 1b1l | AJ57: 1 | AK57: =COUNTA(D57:AI57) -> 17 | AL57: =Üldinfo!AN56 -> 17 | AM57: =AK57/AL57 -> 1 | AO57: =LEN(D57&E57&F57&G57&H57&I57&J57&K57&L57&M57&N57&O57&P57&Q57&R57&S57&T57&U57&V57&W57&X57&Y57&Z57&AA57&AB57&AC57&AD57&AE57&AF57&AG57&AH57&AI57)-LEN(SUBSTITUTE(D57&E57&F57&G57&H57&I57&J57&K57&L57&M57&N57&O57&P57&Q57&R57&S57&T57&U57&V57&W57&X57&Y57&Z57&AA57&AB57&AC57&AD57&AE57&AF57&AG57&AH57&AI57,"1","")) -> 41 | AP57: =LEN(D57&E57&F57&G57&H57&I57&J57&K57&L57&M57&N57&O57&P57&Q57&R57&S57&T57&U57&V57&W57&X57&Y57&Z57&AA57&AB57&AC57&AD57&AE57&AF57&AG57&AH57&AI57)-LEN(SUBSTITUTE(D57&E57&F57&G57&H57&I57&J57&K57&L57&M57&N57&O57&P57&Q57&R57&S57&T57&U57&V57&W57&X57&Y57&Z57&AA57&AB57&AC57&AD57&AE57&AF57&AG57&AH57&AI57,"2","")) -> 0 | AQ57: =LEN(D57&E57&F57&G57&H57&I57&J57&K57&L57&M57&N57&O57&P57&Q57&R57&S57&T57&U57&V57&W57&X57&Y57&Z57&AA57&AB57&AC57&AD57&AE57&AF57&AG57&AH57&AI57)-LEN(SUBSTITUTE(D57&E57&F57&G57&H57&I57&J57&K57&L57&M57&N57&O57&P57&Q57&R57&S57&T57&U57&V57&W57&X57&Y57&Z57&AA57&AB57&AC57&AD57&AE57&AF57&AG57&AH57&AI57,"3","")) -> 0 | AR57: =SUM(AO57:AQ57) -> 41 | AT57: =COUNTIF(D57:AI57,"*m*") -> 6 | AU57: =COUNTIF(D57:AI57,"*d*") -> 8 | AV57: =COUNTIF(D57:AI57,"*b*") -> 15 | AW57: =COUNTIF(D57:AI57,"*l*") -> 12 | AX57: =COUNTIF(D57:AI57,"*o*") -> 0 | AY57: =SUM(AT57:AX57) -> 41
A58: 55 | B58: =Üldinfo!B57 -> Mees | C58: =Üldinfo!C57 -> 25-35 a | E58: 1b1d1l | F58: 1m1b1d1l | G58: 1b1d | H58: 1b | J58: 1b | K58: 1b | L58: 1b | M58: 1b | N58: 1b | T58: 1l | V58: 1l | W58: 1l | X58: 1l | Y58: 1b1d1l | Z58: 1m1b1d1l | AA58: 1m1b1d1l | AB58: 1m1b1d1l | AC58: 1m1b1d1l | AD58: 1m1b1d1l | AH58: 1m1b1d1l | AI58: 1m1b1d1l | AJ58: 1 | AK58: =COUNTA(D58:AI58) -> 21 | AL58: =Üldinfo!AN57 -> 28 | AM58: =AK58/AL58 -> 0.75 | AO58: =LEN(D58&E58&F58&G58&H58&I58&J58&K58&L58&M58&N58&O58&P58&Q58&R58&S58&T58&U58&V58&W58&X58&Y58&Z58&AA58&AB58&AC58&AD58&AE58&AF58&AG58&AH58&AI58)-LEN(SUBSTITUTE(D58&E58&F58&G58&H58&I58&J58&K58&L58&M58&N58&O58&P58&Q58&R58&S58&T58&U58&V58&W58&X58&Y58&Z58&AA58&AB58&AC58&AD58&AE58&AF58&AG58&AH58&AI58,"1","")) -> 50 | AP58: =LEN(D58&E58&F58&G58&H58&I58&J58&K58&L58&M58&N58&O58&P58&Q58&R58&S58&T58&U58&V58&W58&X58&Y58&Z58&AA58&AB58&AC58&AD58&AE58&AF58&AG58&AH58&AI58)-LEN(SUBSTITUTE(D58&E58&F58&G58&H58&I58&J58&K58&L58&M58&N58&O58&P58&Q58&R58&S58&T58&U58&V58&W58&X58&Y58&Z58&AA58&AB58&AC58&AD58&AE58&AF58&AG58&AH58&AI58,"2","")) -> 0 | AQ58: =LEN(D58&E58&F58&G58&H58&I58&J58&K58&L58&M58&N58&O58&P58&Q58&R58&S58&T58&U58&V58&W58&X58&Y58&Z58&AA58&AB58&AC58&AD58&AE58&AF58&AG58&AH58&AI58)-LEN(SUBSTITUTE(D58&E58&F58&G58&H58&I58&J58&K58&L58&M58&N58&O58&P58&Q58&R58&S58&T58&U58&V58&W58&X58&Y58&Z58&AA58&AB58&AC58&AD58&AE58&AF58&AG58&AH58&AI58,"3","")) -> 0 | AR58: =SUM(AO58:AQ58) -> 50 | AT58: =COUNTIF(D58:AI58,"*m*") -> 8 | AU58: =COUNTIF(D58:AI58,"*d*") -> 11 | AV58: =COUNTIF(D58:AI58,"*b*") -> 17 | AW58: =COUNTIF(D58:AI58,"*l*") -> 14 | AX58: =COUNTIF(D58:AI58,"*o*") -> 0 | AY58: =SUM(AT58:AX58) -> 50
A59: 56 | B59: =Üldinfo!B58 -> Mees | C59: =Üldinfo!C58 -> 50+ a | D59: 1m1b1d1l | E59: 1m1b1d1l | F59: 1b1l | G59: 1l | H59: 1l | I59: 1l | K59: 1l | N59: 1b | O59: 1l | Q59: 1b1d1l | R59: 1m1b1l | T59: 1m1b1d1l | U59: 1m1b1d1l | V59: 1b1d | W59: 1l | X59: 1b1l | Y59: 1b1l | Z59: 1b1l | AA59: 2b1m1d1l | AB59: 2b1m1d1l | AD59: 1m1b1d1l | AE59: 1b1l | AF59: 1l | AG59: 1b1l | AH59: 1m1b1d1l | AI59: 1m1b1d1l | AJ59: 1 | AK59: =COUNTA(D59:AI59) -> 26 | AL59: =Üldinfo!AN58 -> 29 | AM59: =AK59/AL59 -> 0.89655172 | AO59: =LEN(D59&E59&F59&G59&H59&I59&J59&K59&L59&M59&N59&O59&P59&Q59&R59&S59&T59&U59&V59&W59&X59&Y59&Z59&AA59&AB59&AC59&AD59&AE59&AF59&AG59&AH59&AI59)-LEN(SUBSTITUTE(D59&E59&F59&G59&H59&I59&J59&K59&L59&M59&N59&O59&P59&Q59&R59&S59&T59&U59&V59&W59&X59&Y59&Z59&AA59&AB59&AC59&AD59&AE59&AF59&AG59&AH59&AI59,"1","")) -> 62 | AP59: =LEN(D59&E59&F59&G59&H59&I59&J59&K59&L59&M59&N59&O59&P59&Q59&R59&S59&T59&U59&V59&W59&X59&Y59&Z59&AA59&AB59&AC59&AD59&AE59&AF59&AG59&AH59&AI59)-LEN(SUBSTITUTE(D59&E59&F59&G59&H59&I59&J59&K59&L59&M59&N59&O59&P59&Q59&R59&S59&T59&U59&V59&W59&X59&Y59&Z59&AA59&AB59&AC59&AD59&AE59&AF59&AG59&AH59&AI59,"2","")) -> 2 | AQ59: =LEN(D59&E59&F59&G59&H59&I59&J59&K59&L59&M59&N59&O59&P59&Q59&R59&S59&T59&U59&V59&W59&X59&Y59&Z59&AA59&AB59&AC59&AD59&AE59&AF59&AG59&AH59&AI59)-LEN(SUBSTITUTE(D59&E59&F59&G59&H59&I59&J59&K59&L59&M59&N59&O59&P59&Q59&R59&S59&T59&U59&V59&W59&X59&Y59&Z59&AA59&AB59&AC59&AD59&AE59&AF59&AG59&AH59&AI59,"3","")) -> 0 | AR59: =SUM(AO59:AQ59) -> 64 | AT59: =COUNTIF(D59:AI59,"*m*") -> 10 | AU59: =COUNTIF(D59:AI59,"*d*") -> 11 | AV59: =COUNTIF(D59:AI59,"*b*") -> 19 | AW59: =COUNTIF(D59:AI59,"*l*") -> 24 | AX59: =COUNTIF(D59:AI59,"*o*") -> 0 | AY59: =SUM(AT59:AX59) -> 64
A60: 57 | B60: =Üldinfo!B59 -> Naine | C60: =Üldinfo!C59 -> 25-35 a | E60: 1d | F60: 1l | H60: 1b1l | I60: 1m1b1l | J60: 1b | K60: 1l | L60: 1l | M60: 1b | O60: 1b1m | Q60: 1l | R60: 1m1l | U60: 1m1d1l | V60: 1l | W60: 1l | X60: 1l | Y60: 1b1l | Z60: 1b1m | AA60: 1m1b1d1l | AB60: 1m1b1d1l | AC60: 1b1l | AD60: 1b1l | AE60: 1l | AF60: 1l | AG60: 1l | AH60: 1l1d | AJ60: 1 | AK60: =COUNTA(D60:AI60) -> 25 | AL60: =Üldinfo!AN59 -> 27 | AM60: =AK60/AL60 -> 0.92592593 | AO60: =LEN(D60&E60&F60&G60&H60&I60&J60&K60&L60&M60&N60&O60&P60&Q60&R60&S60&T60&U60&V60&W60&X60&Y60&Z60&AA60&AB60&AC60&AD60&AE60&AF60&AG60&AH60&AI60)-LEN(SUBSTITUTE(D60&E60&F60&G60&H60&I60&J60&K60&L60&M60&N60&O60&P60&Q60&R60&S60&T60&U60&V60&W60&X60&Y60&Z60&AA60&AB60&AC60&AD60&AE60&AF60&AG60&AH60&AI60,"1","")) -> 43 | AP60: =LEN(D60&E60&F60&G60&H60&I60&J60&K60&L60&M60&N60&O60&P60&Q60&R60&S60&T60&U60&V60&W60&X60&Y60&Z60&AA60&AB60&AC60&AD60&AE60&AF60&AG60&AH60&AI60)-LEN(SUBSTITUTE(D60&E60&F60&G60&H60&I60&J60&K60&L60&M60&N60&O60&P60&Q60&R60&S60&T60&U60&V60&W60&X60&Y60&Z60&AA60&AB60&AC60&AD60&AE60&AF60&AG60&AH60&AI60,"2","")) -> 0 | AQ60: =LEN(D60&E60&F60&G60&H60&I60&J60&K60&L60&M60&N60&O60&P60&Q60&R60&S60&T60&U60&V60&W60&X60&Y60&Z60&AA60&AB60&AC60&AD60&AE60&AF60&AG60&AH60&AI60)-LEN(SUBSTITUTE(D60&E60&F60&G60&H60&I60&J60&K60&L60&M60&N60&O60&P60&Q60&R60&S60&T60&U60&V60&W60&X60&Y60&Z60&AA60&AB60&AC60&AD60&AE60&AF60&AG60&AH60&AI60,"3","")) -> 0 | AR60: =SUM(AO60:AQ60) -> 43 | AT60: =COUNTIF(D60:AI60,"*m*") -> 7 | AU60: =COUNTIF(D60:AI60,"*d*") -> 5 | AV60: =COUNTIF(D60:AI60,"*b*") -> 11 | AW60: =COUNTIF(D60:AI60,"*l*") -> 20 | AX60: =COUNTIF(D60:AI60,"*o*") -> 0 | AY60: =SUM(AT60:AX60) -> 43
A61: 58 | B61: =Üldinfo!B60 -> Alaealine | C61: =Üldinfo!C60 -> 4-8 a | AK61: =COUNTA(D61:AI61) -> 0 | AL61: =Üldinfo!AN60 -> 0 | AM61: =AK61/AL61 -> #DIV/0! | AO61: =LEN(D61&E61&F61&G61&H61&I61&J61&K61&L61&M61&N61&O61&P61&Q61&R61&S61&T61&U61&V61&W61&X61&Y61&Z61&AA61&AB61&AC61&AD61&AE61&AF61&AG61&AH61&AI61)-LEN(SUBSTITUTE(D61&E61&F61&G61&H61&I61&J61&K61&L61&M61&N61&O61&P61&Q61&R61&S61&T61&U61&V61&W61&X61&Y61&Z61&AA61&AB61&AC61&AD61&AE61&AF61&AG61&AH61&AI61,"1","")) -> 0 | AP61: =LEN(D61&E61&F61&G61&H61&I61&J61&K61&L61&M61&N61&O61&P61&Q61&R61&S61&T61&U61&V61&W61&X61&Y61&Z61&AA61&AB61&AC61&AD61&AE61&AF61&AG61&AH61&AI61)-LEN(SUBSTITUTE(D61&E61&F61&G61&H61&I61&J61&K61&L61&M61&N61&O61&P61&Q61&R61&S61&T61&U61&V61&W61&X61&Y61&Z61&AA61&AB61&AC61&AD61&AE61&AF61&AG61&AH61&AI61,"2","")) -> 0 | AQ61: =LEN(D61&E61&F61&G61&H61&I61&J61&K61&L61&M61&N61&O61&P61&Q61&R61&S61&T61&U61&V61&W61&X61&Y61&Z61&AA61&AB61&AC61&AD61&AE61&AF61&AG61&AH61&AI61)-LEN(SUBSTITUTE(D61&E61&F61&G61&H61&I61&J61&K61&L61&M61&N61&O61&P61&Q61&R61&S61&T61&U61&V61&W61&X61&Y61&Z61&AA61&AB61&AC61&AD61&AE61&AF61&AG61&AH61&AI61,"3","")) -> 0 | AR61: =SUM(AO61:AQ61) -> 0 | AT61: =COUNTIF(D61:AI61,"*m*") -> 0 | AU61: =COUNTIF(D61:AI61,"*d*") -> 0 | AV61: =COUNTIF(D61:AI61,"*b*") -> 0 | AW61: =COUNTIF(D61:AI61,"*l*") -> 0 | AX61: =COUNTIF(D61:AI61,"*o*") -> 0 | AY61: =SUM(AT61:AX61) -> 0
A62: 59 | B62: =Üldinfo!B61 -> Mees | C62: =Üldinfo!C61 -> 40+ a | AK62: =COUNTA(D62:AI62) -> 0 | AL62: =Üldinfo!AN61 -> 0 | AM62: =AK62/AL62 -> #DIV/0! | AO62: =LEN(D62&E62&F62&G62&H62&I62&J62&K62&L62&M62&N62&O62&P62&Q62&R62&S62&T62&U62&V62&W62&X62&Y62&Z62&AA62&AB62&AC62&AD62&AE62&AF62&AG62&AH62&AI62)-LEN(SUBSTITUTE(D62&E62&F62&G62&H62&I62&J62&K62&L62&M62&N62&O62&P62&Q62&R62&S62&T62&U62&V62&W62&X62&Y62&Z62&AA62&AB62&AC62&AD62&AE62&AF62&AG62&AH62&AI62,"1","")) -> 0 | AP62: =LEN(D62&E62&F62&G62&H62&I62&J62&K62&L62&M62&N62&O62&P62&Q62&R62&S62&T62&U62&V62&W62&X62&Y62&Z62&AA62&AB62&AC62&AD62&AE62&AF62&AG62&AH62&AI62)-LEN(SUBSTITUTE(D62&E62&F62&G62&H62&I62&J62&K62&L62&M62&N62&O62&P62&Q62&R62&S62&T62&U62&V62&W62&X62&Y62&Z62&AA62&AB62&AC62&AD62&AE62&AF62&AG62&AH62&AI62,"2","")) -> 0 | AQ62: =LEN(D62&E62&F62&G62&H62&I62&J62&K62&L62&M62&N62&O62&P62&Q62&R62&S62&T62&U62&V62&W62&X62&Y62&Z62&AA62&AB62&AC62&AD62&AE62&AF62&AG62&AH62&AI62)-LEN(SUBSTITUTE(D62&E62&F62&G62&H62&I62&J62&K62&L62&M62&N62&O62&P62&Q62&R62&S62&T62&U62&V62&W62&X62&Y62&Z62&AA62&AB62&AC62&AD62&AE62&AF62&AG62&AH62&AI62,"3","")) -> 0 | AR62: =SUM(AO62:AQ62) -> 0 | AT62: =COUNTIF(D62:AI62,"*m*") -> 0 | AU62: =COUNTIF(D62:AI62,"*d*") -> 0 | AV62: =COUNTIF(D62:AI62,"*b*") -> 0 | AW62: =COUNTIF(D62:AI62,"*l*") -> 0 | AX62: =COUNTIF(D62:AI62,"*o*") -> 0 | AY62: =SUM(AT62:AX62) -> 0
A63: 60 | B63: =Üldinfo!B62 -> Alaealine | C63: =Üldinfo!C62 -> 0 ± 2 k | AK63: =COUNTA(D63:AI63) -> 0 | AL63: =Üldinfo!AN62 -> 0 | AM63: =AK63/AL63 -> #DIV/0! | AO63: =LEN(D63&E63&F63&G63&H63&I63&J63&K63&L63&M63&N63&O63&P63&Q63&R63&S63&T63&U63&V63&W63&X63&Y63&Z63&AA63&AB63&AC63&AD63&AE63&AF63&AG63&AH63&AI63)-LEN(SUBSTITUTE(D63&E63&F63&G63&H63&I63&J63&K63&L63&M63&N63&O63&P63&Q63&R63&S63&T63&U63&V63&W63&X63&Y63&Z63&AA63&AB63&AC63&AD63&AE63&AF63&AG63&AH63&AI63,"1","")) -> 0 | AP63: =LEN(D63&E63&F63&G63&H63&I63&J63&K63&L63&M63&N63&O63&P63&Q63&R63&S63&T63&U63&V63&W63&X63&Y63&Z63&AA63&AB63&AC63&AD63&AE63&AF63&AG63&AH63&AI63)-LEN(SUBSTITUTE(D63&E63&F63&G63&H63&I63&J63&K63&L63&M63&N63&O63&P63&Q63&R63&S63&T63&U63&V63&W63&X63&Y63&Z63&AA63&AB63&AC63&AD63&AE63&AF63&AG63&AH63&AI63,"2","")) -> 0 | AQ63: =LEN(D63&E63&F63&G63&H63&I63&J63&K63&L63&M63&N63&O63&P63&Q63&R63&S63&T63&U63&V63&W63&X63&Y63&Z63&AA63&AB63&AC63&AD63&AE63&AF63&AG63&AH63&AI63)-LEN(SUBSTITUTE(D63&E63&F63&G63&H63&I63&J63&K63&L63&M63&N63&O63&P63&Q63&R63&S63&T63&U63&V63&W63&X63&Y63&Z63&AA63&AB63&AC63&AD63&AE63&AF63&AG63&AH63&AI63,"3","")) -> 0 | AR63: =SUM(AO63:AQ63) -> 0 | AT63: =COUNTIF(D63:AI63,"*m*") -> 0 | AU63: =COUNTIF(D63:AI63,"*d*") -> 0 | AV63: =COUNTIF(D63:AI63,"*b*") -> 0 | AW63: =COUNTIF(D63:AI63,"*l*") -> 0 | AX63: =COUNTIF(D63:AI63,"*o*") -> 0 | AY63: =SUM(AT63:AX63) -> 0
A64: 61 | B64: =Üldinfo!B63 -> Alaealine | C64: =Üldinfo!C63 -> 12-16 a | M64: 1b | O64: 1l | Z64: 1m1b1d1l | AA64: 1m1b1d1l | AB64: 1m1b1d1l | AC64: 1m1b1d1l | AD64: 1b | AH64: 1m | AJ64: 1 | AK64: =COUNTA(D64:AI64) -> 8 | AL64: =Üldinfo!AN63 -> 21 | AM64: =AK64/AL64 -> 0.38095238 | AO64: =LEN(D64&E64&F64&G64&H64&I64&J64&K64&L64&M64&N64&O64&P64&Q64&R64&S64&T64&U64&V64&W64&X64&Y64&Z64&AA64&AB64&AC64&AD64&AE64&AF64&AG64&AH64&AI64)-LEN(SUBSTITUTE(D64&E64&F64&G64&H64&I64&J64&K64&L64&M64&N64&O64&P64&Q64&R64&S64&T64&U64&V64&W64&X64&Y64&Z64&AA64&AB64&AC64&AD64&AE64&AF64&AG64&AH64&AI64,"1","")) -> 20 | AP64: =LEN(D64&E64&F64&G64&H64&I64&J64&K64&L64&M64&N64&O64&P64&Q64&R64&S64&T64&U64&V64&W64&X64&Y64&Z64&AA64&AB64&AC64&AD64&AE64&AF64&AG64&AH64&AI64)-LEN(SUBSTITUTE(D64&E64&F64&G64&H64&I64&J64&K64&L64&M64&N64&O64&P64&Q64&R64&S64&T64&U64&V64&W64&X64&Y64&Z64&AA64&AB64&AC64&AD64&AE64&AF64&AG64&AH64&AI64,"2","")) -> 0 | AQ64: =LEN(D64&E64&F64&G64&H64&I64&J64&K64&L64&M64&N64&O64&P64&Q64&R64&S64&T64&U64&V64&W64&X64&Y64&Z64&AA64&AB64&AC64&AD64&AE64&AF64&AG64&AH64&AI64)-LEN(SUBSTITUTE(D64&E64&F64&G64&H64&I64&J64&K64&L64&M64&N64&O64&P64&Q64&R64&S64&T64&U64&V64&W64&X64&Y64&Z64&AA64&AB64&AC64&AD64&AE64&AF64&AG64&AH64&AI64,"3","")) -> 0 | AR64: =SUM(AO64:AQ64) -> 20 | AT64: =COUNTIF(D64:AI64,"*m*") -> 5 | AU64: =COUNTIF(D64:AI64,"*d*") -> 4 | AV64: =COUNTIF(D64:AI64,"*b*") -> 6 | AW64: =COUNTIF(D64:AI64,"*l*") -> 5 | AX64: =COUNTIF(D64:AI64,"*o*") -> 0 | AY64: =SUM(AT64:AX64) -> 20
A65: 62 | B65: =Üldinfo!B64 -> Alaealine | C65: =Üldinfo!C64 -> 2 a ± 8 k | AK65: =COUNTA(D65:AI65) -> 0 | AL65: =Üldinfo!AN64 -> 11 | AM65: =AK65/AL65 -> 0 | AO65: =LEN(D65&E65&F65&G65&H65&I65&J65&K65&L65&M65&N65&O65&P65&Q65&R65&S65&T65&U65&V65&W65&X65&Y65&Z65&AA65&AB65&AC65&AD65&AE65&AF65&AG65&AH65&AI65)-LEN(SUBSTITUTE(D65&E65&F65&G65&H65&I65&J65&K65&L65&M65&N65&O65&P65&Q65&R65&S65&T65&U65&V65&W65&X65&Y65&Z65&AA65&AB65&AC65&AD65&AE65&AF65&AG65&AH65&AI65,"1","")) -> 0 | AP65: =LEN(D65&E65&F65&G65&H65&I65&J65&K65&L65&M65&N65&O65&P65&Q65&R65&S65&T65&U65&V65&W65&X65&Y65&Z65&AA65&AB65&AC65&AD65&AE65&AF65&AG65&AH65&AI65)-LEN(SUBSTITUTE(D65&E65&F65&G65&H65&I65&J65&K65&L65&M65&N65&O65&P65&Q65&R65&S65&T65&U65&V65&W65&X65&Y65&Z65&AA65&AB65&AC65&AD65&AE65&AF65&AG65&AH65&AI65,"2","")) -> 0 | AQ65: =LEN(D65&E65&F65&G65&H65&I65&J65&K65&L65&M65&N65&O65&P65&Q65&R65&S65&T65&U65&V65&W65&X65&Y65&Z65&AA65&AB65&AC65&AD65&AE65&AF65&AG65&AH65&AI65)-LEN(SUBSTITUTE(D65&E65&F65&G65&H65&I65&J65&K65&L65&M65&N65&O65&P65&Q65&R65&S65&T65&U65&V65&W65&X65&Y65&Z65&AA65&AB65&AC65&AD65&AE65&AF65&AG65&AH65&AI65,"3","")) -> 0 | AR65: =SUM(AO65:AQ65) -> 0 | AT65: =COUNTIF(D65:AI65,"*m*") -> 0 | AU65: =COUNTIF(D65:AI65,"*d*") -> 0 | AV65: =COUNTIF(D65:AI65,"*b*") -> 0 | AW65: =COUNTIF(D65:AI65,"*l*") -> 0 | AX65: =COUNTIF(D65:AI65,"*o*") -> 0 | AY65: =SUM(AT65:AX65) -> 0
A66: 63 | B66: =Üldinfo!B65 -> Alaealine | C66: =Üldinfo!C65 -> 4-8 a | AK66: =COUNTA(D66:AI66) -> 0 | AL66: =Üldinfo!AN65 -> 0 | AM66: =AK66/AL66 -> #DIV/0! | AO66: =LEN(D66&E66&F66&G66&H66&I66&J66&K66&L66&M66&N66&O66&P66&Q66&R66&S66&T66&U66&V66&W66&X66&Y66&Z66&AA66&AB66&AC66&AD66&AE66&AF66&AG66&AH66&AI66)-LEN(SUBSTITUTE(D66&E66&F66&G66&H66&I66&J66&K66&L66&M66&N66&O66&P66&Q66&R66&S66&T66&U66&V66&W66&X66&Y66&Z66&AA66&AB66&AC66&AD66&AE66&AF66&AG66&AH66&AI66,"1","")) -> 0 | AP66: =LEN(D66&E66&F66&G66&H66&I66&J66&K66&L66&M66&N66&O66&P66&Q66&R66&S66&T66&U66&V66&W66&X66&Y66&Z66&AA66&AB66&AC66&AD66&AE66&AF66&AG66&AH66&AI66)-LEN(SUBSTITUTE(D66&E66&F66&G66&H66&I66&J66&K66&L66&M66&N66&O66&P66&Q66&R66&S66&T66&U66&V66&W66&X66&Y66&Z66&AA66&AB66&AC66&AD66&AE66&AF66&AG66&AH66&AI66,"2","")) -> 0 | AQ66: =LEN(D66&E66&F66&G66&H66&I66&J66&K66&L66&M66&N66&O66&P66&Q66&R66&S66&T66&U66&V66&W66&X66&Y66&Z66&AA66&AB66&AC66&AD66&AE66&AF66&AG66&AH66&AI66)-LEN(SUBSTITUTE(D66&E66&F66&G66&H66&I66&J66&K66&L66&M66&N66&O66&P66&Q66&R66&S66&T66&U66&V66&W66&X66&Y66&Z66&AA66&AB66&AC66&AD66&AE66&AF66&AG66&AH66&AI66,"3","")) -> 0 | AR66: =SUM(AO66:AQ66) -> 0 | AT66: =COUNTIF(D66:AI66,"*m*") -> 0 | AU66: =COUNTIF(D66:AI66,"*d*") -> 0 | AV66: =COUNTIF(D66:AI66,"*b*") -> 0 | AW66: =COUNTIF(D66:AI66,"*l*") -> 0 | AX66: =COUNTIF(D66:AI66,"*o*") -> 0 | AY66: =SUM(AT66:AX66) -> 0
A67: 64 | B67: =Üldinfo!B66 -> Mees | C67: =Üldinfo!C66 -> 20-25 a | M67: 1b | O67: 1b | P67: 1b | Q67: 1b1d | R67: 1b | X67: 1m1b | Y67: 1b1l | Z67: 1m | AA67: 1b1l | AB67: 1b1l | AC67: 1b1l | AD67: 1b | AJ67: 1 | AK67: =COUNTA(D67:AI67) -> 12 | AL67: =Üldinfo!AN66 -> 23 | AM67: =AK67/AL67 -> 0.52173913 | AO67: =LEN(D67&E67&F67&G67&H67&I67&J67&K67&L67&M67&N67&O67&P67&Q67&R67&S67&T67&U67&V67&W67&X67&Y67&Z67&AA67&AB67&AC67&AD67&AE67&AF67&AG67&AH67&AI67)-LEN(SUBSTITUTE(D67&E67&F67&G67&H67&I67&J67&K67&L67&M67&N67&O67&P67&Q67&R67&S67&T67&U67&V67&W67&X67&Y67&Z67&AA67&AB67&AC67&AD67&AE67&AF67&AG67&AH67&AI67,"1","")) -> 18 | AP67: =LEN(D67&E67&F67&G67&H67&I67&J67&K67&L67&M67&N67&O67&P67&Q67&R67&S67&T67&U67&V67&W67&X67&Y67&Z67&AA67&AB67&AC67&AD67&AE67&AF67&AG67&AH67&AI67)-LEN(SUBSTITUTE(D67&E67&F67&G67&H67&I67&J67&K67&L67&M67&N67&O67&P67&Q67&R67&S67&T67&U67&V67&W67&X67&Y67&Z67&AA67&AB67&AC67&AD67&AE67&AF67&AG67&AH67&AI67,"2","")) -> 0 | AQ67: =LEN(D67&E67&F67&G67&H67&I67&J67&K67&L67&M67&N67&O67&P67&Q67&R67&S67&T67&U67&V67&W67&X67&Y67&Z67&AA67&AB67&AC67&AD67&AE67&AF67&AG67&AH67&AI67)-LEN(SUBSTITUTE(D67&E67&F67&G67&H67&I67&J67&K67&L67&M67&N67&O67&P67&Q67&R67&S67&T67&U67&V67&W67&X67&Y67&Z67&AA67&AB67&AC67&AD67&AE67&AF67&AG67&AH67&AI67,"3","")) -> 0 | AR67: =SUM(AO67:AQ67) -> 18 | AT67: =COUNTIF(D67:AI67,"*m*") -> 2 | AU67: =COUNTIF(D67:AI67,"*d*") -> 1 | AV67: =COUNTIF(D67:AI67,"*b*") -> 11 | AW67: =COUNTIF(D67:AI67,"*l*") -> 4 | AX67: =COUNTIF(D67:AI67,"*o*") -> 0 | AY67: =SUM(AT67:AX67) -> 18
A68: 65 | B68: =Üldinfo!B67 -> Mees | C68: =Üldinfo!C67 -> 35-45 a | U68: 1m1b1d1l | W68: 1m1b1d | X68: 1m1b1d1l | Y68: 3b2l1m1d | Z68: 3b1m1d1l | AA68: 3b1m1d1l | AB68: 3b3l1m1d | AC68: 1m1d1l | AD68: 2b1m1d1l | AE68: 1m1d1l | AJ68: 1 | AK68: =COUNTA(D68:AI68) -> 10 | AL68: =Üldinfo!AN67 -> 11 | AM68: =AK68/AL68 -> 0.90909091 | AO68: =LEN(D68&E68&F68&G68&H68&I68&J68&K68&L68&M68&N68&O68&P68&Q68&R68&S68&T68&U68&V68&W68&X68&Y68&Z68&AA68&AB68&AC68&AD68&AE68&AF68&AG68&AH68&AI68)-LEN(SUBSTITUTE(D68&E68&F68&G68&H68&I68&J68&K68&L68&M68&N68&O68&P68&Q68&R68&S68&T68&U68&V68&W68&X68&Y68&Z68&AA68&AB68&AC68&AD68&AE68&AF68&AG68&AH68&AI68,"1","")) -> 30 | AP68: =LEN(D68&E68&F68&G68&H68&I68&J68&K68&L68&M68&N68&O68&P68&Q68&R68&S68&T68&U68&V68&W68&X68&Y68&Z68&AA68&AB68&AC68&AD68&AE68&AF68&AG68&AH68&AI68)-LEN(SUBSTITUTE(D68&E68&F68&G68&H68&I68&J68&K68&L68&M68&N68&O68&P68&Q68&R68&S68&T68&U68&V68&W68&X68&Y68&Z68&AA68&AB68&AC68&AD68&AE68&AF68&AG68&AH68&AI68,"2","")) -> 2 | AQ68: =LEN(D68&E68&F68&G68&H68&I68&J68&K68&L68&M68&N68&O68&P68&Q68&R68&S68&T68&U68&V68&W68&X68&Y68&Z68&AA68&AB68&AC68&AD68&AE68&AF68&AG68&AH68&AI68)-LEN(SUBSTITUTE(D68&E68&F68&G68&H68&I68&J68&K68&L68&M68&N68&O68&P68&Q68&R68&S68&T68&U68&V68&W68&X68&Y68&Z68&AA68&AB68&AC68&AD68&AE68&AF68&AG68&AH68&AI68,"3","")) -> 5 | AR68: =SUM(AO68:AQ68) -> 37 | AT68: =COUNTIF(D68:AI68,"*m*") -> 10 | AU68: =COUNTIF(D68:AI68,"*d*") -> 10 | AV68: =COUNTIF(D68:AI68,"*b*") -> 8 | AW68: =COUNTIF(D68:AI68,"*l*") -> 9 | AX68: =COUNTIF(D68:AI68,"*o*") -> 0 | AY68: =SUM(AT68:AX68) -> 37
A69: 66 | B69: =Üldinfo!B68 -> Alaealine | C69: =Üldinfo!C68 -> 11-16 a | AK69: =COUNTA(D69:AI69) -> 0 | AL69: =Üldinfo!AN68 -> 1 | AM69: =AK69/AL69 -> 0 | AO69: =LEN(D69&E69&F69&G69&H69&I69&J69&K69&L69&M69&N69&O69&P69&Q69&R69&S69&T69&U69&V69&W69&X69&Y69&Z69&AA69&AB69&AC69&AD69&AE69&AF69&AG69&AH69&AI69)-LEN(SUBSTITUTE(D69&E69&F69&G69&H69&I69&J69&K69&L69&M69&N69&O69&P69&Q69&R69&S69&T69&U69&V69&W69&X69&Y69&Z69&AA69&AB69&AC69&AD69&AE69&AF69&AG69&AH69&AI69,"1","")) -> 0 | AP69: =LEN(D69&E69&F69&G69&H69&I69&J69&K69&L69&M69&N69&O69&P69&Q69&R69&S69&T69&U69&V69&W69&X69&Y69&Z69&AA69&AB69&AC69&AD69&AE69&AF69&AG69&AH69&AI69)-LEN(SUBSTITUTE(D69&E69&F69&G69&H69&I69&J69&K69&L69&M69&N69&O69&P69&Q69&R69&S69&T69&U69&V69&W69&X69&Y69&Z69&AA69&AB69&AC69&AD69&AE69&AF69&AG69&AH69&AI69,"2","")) -> 0 | AQ69: =LEN(D69&E69&F69&G69&H69&I69&J69&K69&L69&M69&N69&O69&P69&Q69&R69&S69&T69&U69&V69&W69&X69&Y69&Z69&AA69&AB69&AC69&AD69&AE69&AF69&AG69&AH69&AI69)-LEN(SUBSTITUTE(D69&E69&F69&G69&H69&I69&J69&K69&L69&M69&N69&O69&P69&Q69&R69&S69&T69&U69&V69&W69&X69&Y69&Z69&AA69&AB69&AC69&AD69&AE69&AF69&AG69&AH69&AI69,"3","")) -> 0 | AR69: =SUM(AO69:AQ69) -> 0 | AT69: =COUNTIF(D69:AI69,"*m*") -> 0 | AU69: =COUNTIF(D69:AI69,"*d*") -> 0 | AV69: =COUNTIF(D69:AI69,"*b*") -> 0 | AW69: =COUNTIF(D69:AI69,"*l*") -> 0 | AX69: =COUNTIF(D69:AI69,"*o*") -> 0 | AY69: =SUM(AT69:AX69) -> 0
A70: 67 | B70: =Üldinfo!B69 -> Mees | C70: =Üldinfo!C69 -> 22-24 a | D70: 1d | F70: 1m1l | H70: 1b | I70: 1b1l | J70: 1b1m | K70: 1b | N70: 1d | O70: 1b1m | P70: 1b | Q70: 1b1d1l | R70: 1b1d | S70: 1d | T70: 1m1d1l | U70: 1b1l | V70: 1b1l | W70: 1m1d | X70: 1m1d | Y70: 1b1d1l | Z70: 1m1b1d1l | AA70: 1m1b1d1l | AB70: 1b1l | AC70: 1b1l | AD70: 1m1d | AE70: 1m1b1d1l | AF70: 1l | AG70: 1l | AH70: 1l | AI70: 1b1d1l | AJ70: 1 | AK70: =COUNTA(D70:AI70) -> 28 | AL70: =Üldinfo!AN69 -> 31 | AM70: =AK70/AL70 -> 0.90322581 | AO70: =LEN(D70&E70&F70&G70&H70&I70&J70&K70&L70&M70&N70&O70&P70&Q70&R70&S70&T70&U70&V70&W70&X70&Y70&Z70&AA70&AB70&AC70&AD70&AE70&AF70&AG70&AH70&AI70)-LEN(SUBSTITUTE(D70&E70&F70&G70&H70&I70&J70&K70&L70&M70&N70&O70&P70&Q70&R70&S70&T70&U70&V70&W70&X70&Y70&Z70&AA70&AB70&AC70&AD70&AE70&AF70&AG70&AH70&AI70,"1","")) -> 57 | AP70: =LEN(D70&E70&F70&G70&H70&I70&J70&K70&L70&M70&N70&O70&P70&Q70&R70&S70&T70&U70&V70&W70&X70&Y70&Z70&AA70&AB70&AC70&AD70&AE70&AF70&AG70&AH70&AI70)-LEN(SUBSTITUTE(D70&E70&F70&G70&H70&I70&J70&K70&L70&M70&N70&O70&P70&Q70&R70&S70&T70&U70&V70&W70&X70&Y70&Z70&AA70&AB70&AC70&AD70&AE70&AF70&AG70&AH70&AI70,"2","")) -> 0 | AQ70: =LEN(D70&E70&F70&G70&H70&I70&J70&K70&L70&M70&N70&O70&P70&Q70&R70&S70&T70&U70&V70&W70&X70&Y70&Z70&AA70&AB70&AC70&AD70&AE70&AF70&AG70&AH70&AI70)-LEN(SUBSTITUTE(D70&E70&F70&G70&H70&I70&J70&K70&L70&M70&N70&O70&P70&Q70&R70&S70&T70&U70&V70&W70&X70&Y70&Z70&AA70&AB70&AC70&AD70&AE70&AF70&AG70&AH70&AI70,"3","")) -> 0 | AR70: =SUM(AO70:AQ70) -> 57 | AT70: =COUNTIF(D70:AI70,"*m*") -> 10 | AU70: =COUNTIF(D70:AI70,"*d*") -> 14 | AV70: =COUNTIF(D70:AI70,"*b*") -> 17 | AW70: =COUNTIF(D70:AI70,"*l*") -> 16 | AX70: =COUNTIF(D70:AI70,"*o*") -> 0 | AY70: =SUM(AT70:AX70) -> 57
A71: 68 | B71: =Üldinfo!B70 -> Alaealine | C71: =Üldinfo!C70 -> 3-9 k | AK71: =COUNTA(D71:AI71) -> 0 | AL71: =Üldinfo!AN70 -> 0 | AM71: =AK71/AL71 -> #DIV/0! | AO71: =LEN(D71&E71&F71&G71&H71&I71&J71&K71&L71&M71&N71&O71&P71&Q71&R71&S71&T71&U71&V71&W71&X71&Y71&Z71&AA71&AB71&AC71&AD71&AE71&AF71&AG71&AH71&AI71)-LEN(SUBSTITUTE(D71&E71&F71&G71&H71&I71&J71&K71&L71&M71&N71&O71&P71&Q71&R71&S71&T71&U71&V71&W71&X71&Y71&Z71&AA71&AB71&AC71&AD71&AE71&AF71&AG71&AH71&AI71,"1","")) -> 0 | AP71: =LEN(D71&E71&F71&G71&H71&I71&J71&K71&L71&M71&N71&O71&P71&Q71&R71&S71&T71&U71&V71&W71&X71&Y71&Z71&AA71&AB71&AC71&AD71&AE71&AF71&AG71&AH71&AI71)-LEN(SUBSTITUTE(D71&E71&F71&G71&H71&I71&J71&K71&L71&M71&N71&O71&P71&Q71&R71&S71&T71&U71&V71&W71&X71&Y71&Z71&AA71&AB71&AC71&AD71&AE71&AF71&AG71&AH71&AI71,"2","")) -> 0 | AQ71: =LEN(D71&E71&F71&G71&H71&I71&J71&K71&L71&M71&N71&O71&P71&Q71&R71&S71&T71&U71&V71&W71&X71&Y71&Z71&AA71&AB71&AC71&AD71&AE71&AF71&AG71&AH71&AI71)-LEN(SUBSTITUTE(D71&E71&F71&G71&H71&I71&J71&K71&L71&M71&N71&O71&P71&Q71&R71&S71&T71&U71&V71&W71&X71&Y71&Z71&AA71&AB71&AC71&AD71&AE71&AF71&AG71&AH71&AI71,"3","")) -> 0 | AR71: =SUM(AO71:AQ71) -> 0 | AT71: =COUNTIF(D71:AI71,"*m*") -> 0 | AU71: =COUNTIF(D71:AI71,"*d*") -> 0 | AV71: =COUNTIF(D71:AI71,"*b*") -> 0 | AW71: =COUNTIF(D71:AI71,"*l*") -> 0 | AX71: =COUNTIF(D71:AI71,"*o*") -> 0 | AY71: =SUM(AT71:AX71) -> 0
A72: 69 | B72: =Üldinfo!B71 -> Mees | C72: =Üldinfo!C71 -> 39-44 a | D72: 1m1b1d1l | E72: 1m1b1d1l | F72: 1b1l | G72: 1b | H72: 1b | I72: 2b1m | J72: 1b | K72: 1b | L72: 1b1l | M72: 1b1m1d | N72: 2b | O72: 2b | P72: 1b | Q72: 1m1b1d | R72: 1l | S72: 1m1b | T72: 1m1b1d1l | U72: 1m1b1d1l | V72: 1b1d1l | W72: 1m1b1l | X72: 1b1l | Y72: 1b1l | Z72: 1b1l | AA72: 1m1b1d1l | AB72: 2b2d2l1m | AC72: 1b1l | AD72: 1b1l | AE72: 1b1l | AG72: 1b1l | AH72: 1m1b1d1l | AI72: 1m1b1d1l | AJ72: 1 | AK72: =COUNTA(D72:AI72) -> 31 | AL72: =Üldinfo!AN71 -> 32 | AM72: =AK72/AL72 -> 0.96875 | AO72: =LEN(D72&E72&F72&G72&H72&I72&J72&K72&L72&M72&N72&O72&P72&Q72&R72&S72&T72&U72&V72&W72&X72&Y72&Z72&AA72&AB72&AC72&AD72&AE72&AF72&AG72&AH72&AI72)-LEN(SUBSTITUTE(D72&E72&F72&G72&H72&I72&J72&K72&L72&M72&N72&O72&P72&Q72&R72&S72&T72&U72&V72&W72&X72&Y72&Z72&AA72&AB72&AC72&AD72&AE72&AF72&AG72&AH72&AI72,"1","")) -> 68 | AP72: =LEN(D72&E72&F72&G72&H72&I72&J72&K72&L72&M72&N72&O72&P72&Q72&R72&S72&T72&U72&V72&W72&X72&Y72&Z72&AA72&AB72&AC72&AD72&AE72&AF72&AG72&AH72&AI72)-LEN(SUBSTITUTE(D72&E72&F72&G72&H72&I72&J72&K72&L72&M72&N72&O72&P72&Q72&R72&S72&T72&U72&V72&W72&X72&Y72&Z72&AA72&AB72&AC72&AD72&AE72&AF72&AG72&AH72&AI72,"2","")) -> 6 | AQ72: =LEN(D72&E72&F72&G72&H72&I72&J72&K72&L72&M72&N72&O72&P72&Q72&R72&S72&T72&U72&V72&W72&X72&Y72&Z72&AA72&AB72&AC72&AD72&AE72&AF72&AG72&AH72&AI72)-LEN(SUBSTITUTE(D72&E72&F72&G72&H72&I72&J72&K72&L72&M72&N72&O72&P72&Q72&R72&S72&T72&U72&V72&W72&X72&Y72&Z72&AA72&AB72&AC72&AD72&AE72&AF72&AG72&AH72&AI72,"3","")) -> 0 | AR72: =SUM(AO72:AQ72) -> 74 | AT72: =COUNTIF(D72:AI72,"*m*") -> 13 | AU72: =COUNTIF(D72:AI72,"*d*") -> 11 | AV72: =COUNTIF(D72:AI72,"*b*") -> 30 | AW72: =COUNTIF(D72:AI72,"*l*") -> 20 | AX72: =COUNTIF(D72:AI72,"*o*") -> 0 | AY72: =SUM(AT72:AX72) -> 74
A73: 70 | B73: =Üldinfo!B72 -> Mees | C73: =Üldinfo!C72 -> 25-35 a | E73: 2b1m1d1l | F73: 1m1b1d1l | G73: 1m1b1d1l | H73: 1m1b1d1l | J73: 3b1m1d1l | K73: 3b1m1d1l | L73: 3b1m1d1l | M73: 1m1b1d1l | O73: 1m1b1d | P73: 1m1b1d | Q73: 2b1m1d1l | R73: 1m1b1d1l | V73: 1b1d1l | W73: 1m1d1l | X73: 1m1b1d1l | Y73: 3b3l2m2d | Z73: 3b3l2m2d | AA73: 3b3m3d3l | AD73: 2b2l1m1d | AE73: 2l1m1b1d | AF73: 1m1b1d1l | AG73: 1m1b1d1l | AH73: 1m1b1d1l | AJ73: 1 | AK73: =COUNTA(D73:AI73) -> 23 | AL73: =Üldinfo!AN72 -> 24 | AM73: =AK73/AL73 -> 0.95833333 | AO73: =LEN(D73&E73&F73&G73&H73&I73&J73&K73&L73&M73&N73&O73&P73&Q73&R73&S73&T73&U73&V73&W73&X73&Y73&Z73&AA73&AB73&AC73&AD73&AE73&AF73&AG73&AH73&AI73)-LEN(SUBSTITUTE(D73&E73&F73&G73&H73&I73&J73&K73&L73&M73&N73&O73&P73&Q73&R73&S73&T73&U73&V73&W73&X73&Y73&Z73&AA73&AB73&AC73&AD73&AE73&AF73&AG73&AH73&AI73,"1","")) -> 68 | AP73: =LEN(D73&E73&F73&G73&H73&I73&J73&K73&L73&M73&N73&O73&P73&Q73&R73&S73&T73&U73&V73&W73&X73&Y73&Z73&AA73&AB73&AC73&AD73&AE73&AF73&AG73&AH73&AI73)-LEN(SUBSTITUTE(D73&E73&F73&G73&H73&I73&J73&K73&L73&M73&N73&O73&P73&Q73&R73&S73&T73&U73&V73&W73&X73&Y73&Z73&AA73&AB73&AC73&AD73&AE73&AF73&AG73&AH73&AI73,"2","")) -> 9 | AQ73: =LEN(D73&E73&F73&G73&H73&I73&J73&K73&L73&M73&N73&O73&P73&Q73&R73&S73&T73&U73&V73&W73&X73&Y73&Z73&AA73&AB73&AC73&AD73&AE73&AF73&AG73&AH73&AI73)-LEN(SUBSTITUTE(D73&E73&F73&G73&H73&I73&J73&K73&L73&M73&N73&O73&P73&Q73&R73&S73&T73&U73&V73&W73&X73&Y73&Z73&AA73&AB73&AC73&AD73&AE73&AF73&AG73&AH73&AI73,"3","")) -> 11 | AR73: =SUM(AO73:AQ73) -> 88 | AT73: =COUNTIF(D73:AI73,"*m*") -> 22 | AU73: =COUNTIF(D73:AI73,"*d*") -> 23 | AV73: =COUNTIF(D73:AI73,"*b*") -> 22 | AW73: =COUNTIF(D73:AI73,"*l*") -> 21 | AX73: =COUNTIF(D73:AI73,"*o*") -> 0 | AY73: =SUM(AT73:AX73) -> 88
A74: 71 | B74: =Üldinfo!B73 -> Mees | C74: =Üldinfo!C73 -> 17-20 a | E74: 1b1d1l | F74: 1m1b | G74: 1b | H74: 1b | I74: 1b1m | J74: 1b1d | K74: 1m1d | M74: 1b1d | N74: 2b1m | O74: 1b | P74: 1b | Q74: 1m1b1d | U74: 1l | V74: 1m1d1l | W74: 1m1b1d1l | X74: 1m1b1d1l | Y74: 2b1m1d1l | Z74: 1m1b1d1l | AA74: 1m1b1d1l | AB74: 1m1d1l | AC74: 1m1d1l | AD74: 2b1m1d1l | AE74: 2b1m1d1l | AF74: 1m1d1l | AG74: 1l | AH74: 1d1l | AJ74: 1 | AK74: =COUNTA(D74:AI74) -> 26 | AL74: =Üldinfo!AN73 -> 28 | AM74: =AK74/AL74 -> 0.92857143 | AO74: =LEN(D74&E74&F74&G74&H74&I74&J74&K74&L74&M74&N74&O74&P74&Q74&R74&S74&T74&U74&V74&W74&X74&Y74&Z74&AA74&AB74&AC74&AD74&AE74&AF74&AG74&AH74&AI74)-LEN(SUBSTITUTE(D74&E74&F74&G74&H74&I74&J74&K74&L74&M74&N74&O74&P74&Q74&R74&S74&T74&U74&V74&W74&X74&Y74&Z74&AA74&AB74&AC74&AD74&AE74&AF74&AG74&AH74&AI74,"1","")) -> 62 | AP74: =LEN(D74&E74&F74&G74&H74&I74&J74&K74&L74&M74&N74&O74&P74&Q74&R74&S74&T74&U74&V74&W74&X74&Y74&Z74&AA74&AB74&AC74&AD74&AE74&AF74&AG74&AH74&AI74)-LEN(SUBSTITUTE(D74&E74&F74&G74&H74&I74&J74&K74&L74&M74&N74&O74&P74&Q74&R74&S74&T74&U74&V74&W74&X74&Y74&Z74&AA74&AB74&AC74&AD74&AE74&AF74&AG74&AH74&AI74,"2","")) -> 4 | AQ74: =LEN(D74&E74&F74&G74&H74&I74&J74&K74&L74&M74&N74&O74&P74&Q74&R74&S74&T74&U74&V74&W74&X74&Y74&Z74&AA74&AB74&AC74&AD74&AE74&AF74&AG74&AH74&AI74)-LEN(SUBSTITUTE(D74&E74&F74&G74&H74&I74&J74&K74&L74&M74&N74&O74&P74&Q74&R74&S74&T74&U74&V74&W74&X74&Y74&Z74&AA74&AB74&AC74&AD74&AE74&AF74&AG74&AH74&AI74,"3","")) -> 0 | AR74: =SUM(AO74:AQ74) -> 66 | AT74: =COUNTIF(D74:AI74,"*m*") -> 16 | AU74: =COUNTIF(D74:AI74,"*d*") -> 17 | AV74: =COUNTIF(D74:AI74,"*b*") -> 18 | AW74: =COUNTIF(D74:AI74,"*l*") -> 15 | AX74: =COUNTIF(D74:AI74,"*o*") -> 0 | AY74: =SUM(AT74:AX74) -> 66
A75: 72 | B75: =Üldinfo!B74 -> Mees | C75: =Üldinfo!C74 -> 39-44 a | D75: 1l | F75: 1m1b1d1l | G75: 1m1b1d | H75: 1b | I75: 1b | K75: 1b | N75: 1b | S75: 1b1d | T75: 1m1l | X75: 1m | Y75: 1b1l | Z75: 1b1l | AH75: 1m1b1d1l | AI75: 1m1b1d1l | AJ75: 1 | AK75: =COUNTA(D75:AI75) -> 14 | AL75: =Üldinfo!AN74 -> 25 | AM75: =AK75/AL75 -> 0.56 | AO75: =LEN(D75&E75&F75&G75&H75&I75&J75&K75&L75&M75&N75&O75&P75&Q75&R75&S75&T75&U75&V75&W75&X75&Y75&Z75&AA75&AB75&AC75&AD75&AE75&AF75&AG75&AH75&AI75)-LEN(SUBSTITUTE(D75&E75&F75&G75&H75&I75&J75&K75&L75&M75&N75&O75&P75&Q75&R75&S75&T75&U75&V75&W75&X75&Y75&Z75&AA75&AB75&AC75&AD75&AE75&AF75&AG75&AH75&AI75,"1","")) -> 29 | AP75: =LEN(D75&E75&F75&G75&H75&I75&J75&K75&L75&M75&N75&O75&P75&Q75&R75&S75&T75&U75&V75&W75&X75&Y75&Z75&AA75&AB75&AC75&AD75&AE75&AF75&AG75&AH75&AI75)-LEN(SUBSTITUTE(D75&E75&F75&G75&H75&I75&J75&K75&L75&M75&N75&O75&P75&Q75&R75&S75&T75&U75&V75&W75&X75&Y75&Z75&AA75&AB75&AC75&AD75&AE75&AF75&AG75&AH75&AI75,"2","")) -> 0 | AQ75: =LEN(D75&E75&F75&G75&H75&I75&J75&K75&L75&M75&N75&O75&P75&Q75&R75&S75&T75&U75&V75&W75&X75&Y75&Z75&AA75&AB75&AC75&AD75&AE75&AF75&AG75&AH75&AI75)-LEN(SUBSTITUTE(D75&E75&F75&G75&H75&I75&J75&K75&L75&M75&N75&O75&P75&Q75&R75&S75&T75&U75&V75&W75&X75&Y75&Z75&AA75&AB75&AC75&AD75&AE75&AF75&AG75&AH75&AI75,"3","")) -> 0 | AR75: =SUM(AO75:AQ75) -> 29 | AT75: =COUNTIF(D75:AI75,"*m*") -> 6 | AU75: =COUNTIF(D75:AI75,"*d*") -> 5 | AV75: =COUNTIF(D75:AI75,"*b*") -> 11 | AW75: =COUNTIF(D75:AI75,"*l*") -> 7 | AX75: =COUNTIF(D75:AI75,"*o*") -> 0 | AY75: =SUM(AT75:AX75) -> 29
A76: 73 | B76: =Üldinfo!B75 -> Alaealine | C76: =Üldinfo!C75 -> 11-16 a | AB76: 1l | AJ76: 1 | AK76: =COUNTA(D76:AI76) -> 1 | AL76: =Üldinfo!AN75 -> 27 | AM76: =AK76/AL76 -> 0.037037037 | AO76: =LEN(D76&E76&F76&G76&H76&I76&J76&K76&L76&M76&N76&O76&P76&Q76&R76&S76&T76&U76&V76&W76&X76&Y76&Z76&AA76&AB76&AC76&AD76&AE76&AF76&AG76&AH76&AI76)-LEN(SUBSTITUTE(D76&E76&F76&G76&H76&I76&J76&K76&L76&M76&N76&O76&P76&Q76&R76&S76&T76&U76&V76&W76&X76&Y76&Z76&AA76&AB76&AC76&AD76&AE76&AF76&AG76&AH76&AI76,"1","")) -> 1 | AP76: =LEN(D76&E76&F76&G76&H76&I76&J76&K76&L76&M76&N76&O76&P76&Q76&R76&S76&T76&U76&V76&W76&X76&Y76&Z76&AA76&AB76&AC76&AD76&AE76&AF76&AG76&AH76&AI76)-LEN(SUBSTITUTE(D76&E76&F76&G76&H76&I76&J76&K76&L76&M76&N76&O76&P76&Q76&R76&S76&T76&U76&V76&W76&X76&Y76&Z76&AA76&AB76&AC76&AD76&AE76&AF76&AG76&AH76&AI76,"2","")) -> 0 | AQ76: =LEN(D76&E76&F76&G76&H76&I76&J76&K76&L76&M76&N76&O76&P76&Q76&R76&S76&T76&U76&V76&W76&X76&Y76&Z76&AA76&AB76&AC76&AD76&AE76&AF76&AG76&AH76&AI76)-LEN(SUBSTITUTE(D76&E76&F76&G76&H76&I76&J76&K76&L76&M76&N76&O76&P76&Q76&R76&S76&T76&U76&V76&W76&X76&Y76&Z76&AA76&AB76&AC76&AD76&AE76&AF76&AG76&AH76&AI76,"3","")) -> 0 | AR76: =SUM(AO76:AQ76) -> 1 | AT76: =COUNTIF(D76:AI76,"*m*") -> 0 | AU76: =COUNTIF(D76:AI76,"*d*") -> 0 | AV76: =COUNTIF(D76:AI76,"*b*") -> 0 | AW76: =COUNTIF(D76:AI76,"*l*") -> 1 | AX76: =COUNTIF(D76:AI76,"*o*") -> 0 | AY76: =SUM(AT76:AX76) -> 1
A77: 74 | B77: =Üldinfo!B76 -> Naine | C77: =Üldinfo!C76 -> 39-44 a | E77: 1b1l | F77: 1b | G77: 1b1d | H77: 1b1d | I77: 1b1d | J77: 1b1d | M77: 1b1d | N77: 1b | O77: 1b1d | Q77: 1b | R77: 1m1b1d | U77: 1d1l | X77: 1m1b1d1l | Y77: 1m1b1d1l | Z77: 1m1b1d1l | AA77: 1m1b1d1l | AB77: 1b1l | AC77: 1m1d | AD77: 1l | AE77: 1m1d1l | AF77: 1b1l | AG77: 1l1d | AH77: 1l1d | AJ77: 1 | AK77: =COUNTA(D77:AI77) -> 23 | AL77: =Üldinfo!AN76 -> 30 | AM77: =AK77/AL77 -> 0.76666667 | AO77: =LEN(D77&E77&F77&G77&H77&I77&J77&K77&L77&M77&N77&O77&P77&Q77&R77&S77&T77&U77&V77&W77&X77&Y77&Z77&AA77&AB77&AC77&AD77&AE77&AF77&AG77&AH77&AI77)-LEN(SUBSTITUTE(D77&E77&F77&G77&H77&I77&J77&K77&L77&M77&N77&O77&P77&Q77&R77&S77&T77&U77&V77&W77&X77&Y77&Z77&AA77&AB77&AC77&AD77&AE77&AF77&AG77&AH77&AI77,"1","")) -> 52 | AP77: =LEN(D77&E77&F77&G77&H77&I77&J77&K77&L77&M77&N77&O77&P77&Q77&R77&S77&T77&U77&V77&W77&X77&Y77&Z77&AA77&AB77&AC77&AD77&AE77&AF77&AG77&AH77&AI77)-LEN(SUBSTITUTE(D77&E77&F77&G77&H77&I77&J77&K77&L77&M77&N77&O77&P77&Q77&R77&S77&T77&U77&V77&W77&X77&Y77&Z77&AA77&AB77&AC77&AD77&AE77&AF77&AG77&AH77&AI77,"2","")) -> 0 | AQ77: =LEN(D77&E77&F77&G77&H77&I77&J77&K77&L77&M77&N77&O77&P77&Q77&R77&S77&T77&U77&V77&W77&X77&Y77&Z77&AA77&AB77&AC77&AD77&AE77&AF77&AG77&AH77&AI77)-LEN(SUBSTITUTE(D77&E77&F77&G77&H77&I77&J77&K77&L77&M77&N77&O77&P77&Q77&R77&S77&T77&U77&V77&W77&X77&Y77&Z77&AA77&AB77&AC77&AD77&AE77&AF77&AG77&AH77&AI77,"3","")) -> 0 | AR77: =SUM(AO77:AQ77) -> 52 | AT77: =COUNTIF(D77:AI77,"*m*") -> 7 | AU77: =COUNTIF(D77:AI77,"*d*") -> 16 | AV77: =COUNTIF(D77:AI77,"*b*") -> 17 | AW77: =COUNTIF(D77:AI77,"*l*") -> 12 | AX77: =COUNTIF(D77:AI77,"*o*") -> 0 | AY77: =SUM(AT77:AX77) -> 52
A78: 75 | B78: =Üldinfo!B77 -> Mees | C78: =Üldinfo!C77 -> Täisk | AK78: =COUNTA(D78:AI78) -> 0 | AL78: =Üldinfo!AN77 -> 0 | AM78: =AK78/AL78 -> #DIV/0! | AO78: =LEN(D78&E78&F78&G78&H78&I78&J78&K78&L78&M78&N78&O78&P78&Q78&R78&S78&T78&U78&V78&W78&X78&Y78&Z78&AA78&AB78&AC78&AD78&AE78&AF78&AG78&AH78&AI78)-LEN(SUBSTITUTE(D78&E78&F78&G78&H78&I78&J78&K78&L78&M78&N78&O78&P78&Q78&R78&S78&T78&U78&V78&W78&X78&Y78&Z78&AA78&AB78&AC78&AD78&AE78&AF78&AG78&AH78&AI78,"1","")) -> 0 | AP78: =LEN(D78&E78&F78&G78&H78&I78&J78&K78&L78&M78&N78&O78&P78&Q78&R78&S78&T78&U78&V78&W78&X78&Y78&Z78&AA78&AB78&AC78&AD78&AE78&AF78&AG78&AH78&AI78)-LEN(SUBSTITUTE(D78&E78&F78&G78&H78&I78&J78&K78&L78&M78&N78&O78&P78&Q78&R78&S78&T78&U78&V78&W78&X78&Y78&Z78&AA78&AB78&AC78&AD78&AE78&AF78&AG78&AH78&AI78,"2","")) -> 0 | AQ78: =LEN(D78&E78&F78&G78&H78&I78&J78&K78&L78&M78&N78&O78&P78&Q78&R78&S78&T78&U78&V78&W78&X78&Y78&Z78&AA78&AB78&AC78&AD78&AE78&AF78&AG78&AH78&AI78)-LEN(SUBSTITUTE(D78&E78&F78&G78&H78&I78&J78&K78&L78&M78&N78&O78&P78&Q78&R78&S78&T78&U78&V78&W78&X78&Y78&Z78&AA78&AB78&AC78&AD78&AE78&AF78&AG78&AH78&AI78,"3","")) -> 0 | AR78: =SUM(AO78:AQ78) -> 0 | AT78: =COUNTIF(D78:AI78,"*m*") -> 0 | AU78: =COUNTIF(D78:AI78,"*d*") -> 0 | AV78: =COUNTIF(D78:AI78,"*b*") -> 0 | AW78: =COUNTIF(D78:AI78,"*l*") -> 0 | AX78: =COUNTIF(D78:AI78,"*o*") -> 0 | AY78: =SUM(AT78:AX78) -> 0
A79: 76 | B79: =Üldinfo!B78 -> Naine | C79: =Üldinfo!C78 -> 44-50 a | E79: 1m1b1d1l | F79: 1m1b1d1l | G79: 1b1l | I79: 1b | O79: 1b | R79: 2b1m1d1l | T79: 1d1l | U79: 1d | X79: 1d1l | Y79: 1b1l | AC79: 1b1d1l | AD79: 1b1d1l | AE79: 1m1b1d1l | AF79: 1m1b1l | AI79: 1m1b1d1l | AJ79: 1 | AK79: =COUNTA(D79:AI79) -> 15 | AL79: =Üldinfo!AN78 -> 20 | AM79: =AK79/AL79 -> 0.75 | AO79: =LEN(D79&E79&F79&G79&H79&I79&J79&K79&L79&M79&N79&O79&P79&Q79&R79&S79&T79&U79&V79&W79&X79&Y79&Z79&AA79&AB79&AC79&AD79&AE79&AF79&AG79&AH79&AI79)-LEN(SUBSTITUTE(D79&E79&F79&G79&H79&I79&J79&K79&L79&M79&N79&O79&P79&Q79&R79&S79&T79&U79&V79&W79&X79&Y79&Z79&AA79&AB79&AC79&AD79&AE79&AF79&AG79&AH79&AI79,"1","")) -> 39 | AP79: =LEN(D79&E79&F79&G79&H79&I79&J79&K79&L79&M79&N79&O79&P79&Q79&R79&S79&T79&U79&V79&W79&X79&Y79&Z79&AA79&AB79&AC79&AD79&AE79&AF79&AG79&AH79&AI79)-LEN(SUBSTITUTE(D79&E79&F79&G79&H79&I79&J79&K79&L79&M79&N79&O79&P79&Q79&R79&S79&T79&U79&V79&W79&X79&Y79&Z79&AA79&AB79&AC79&AD79&AE79&AF79&AG79&AH79&AI79,"2","")) -> 1 | AQ79: =LEN(D79&E79&F79&G79&H79&I79&J79&K79&L79&M79&N79&O79&P79&Q79&R79&S79&T79&U79&V79&W79&X79&Y79&Z79&AA79&AB79&AC79&AD79&AE79&AF79&AG79&AH79&AI79)-LEN(SUBSTITUTE(D79&E79&F79&G79&H79&I79&J79&K79&L79&M79&N79&O79&P79&Q79&R79&S79&T79&U79&V79&W79&X79&Y79&Z79&AA79&AB79&AC79&AD79&AE79&AF79&AG79&AH79&AI79,"3","")) -> 0 | AR79: =SUM(AO79:AQ79) -> 40 | AT79: =COUNTIF(D79:AI79,"*m*") -> 6 | AU79: =COUNTIF(D79:AI79,"*d*") -> 10 | AV79: =COUNTIF(D79:AI79,"*b*") -> 12 | AW79: =COUNTIF(D79:AI79,"*l*") -> 12 | AX79: =COUNTIF(D79:AI79,"*o*") -> 0 | AY79: =SUM(AT79:AX79) -> 40
A80: 77 | B80: =Üldinfo!B79 -> Alaealine | C80: =Üldinfo!C79 -> 15-16 a | E80: 1b | F80: 1m1d | G80: 1m1b1d | H80: 1m1b1l | I80: 1m1b1d | J80: 1b | K80: 1b | L80: 1b | M80: 1b | N80: 1b | O80: 1m1b1d | P80: 1m1b1d | Q80: 1m1b1d1l | R80: 1m1b1d1l | U80: 1l1d | V80: 1l | X80: 1m1l | Z80: 1m1b | AA80: 1m1b1d1l | AB80: 1m1b1d1l | AC80: 1m1b1d1l | AD80: 1m1b | AE80: 1l | AF80: 1l | AJ80: 1 | AK80: =COUNTA(D80:AI80) -> 24 | AL80: =Üldinfo!AN79 -> 27 | AM80: =AK80/AL80 -> 0.88888889 | AO80: =LEN(D80&E80&F80&G80&H80&I80&J80&K80&L80&M80&N80&O80&P80&Q80&R80&S80&T80&U80&V80&W80&X80&Y80&Z80&AA80&AB80&AC80&AD80&AE80&AF80&AG80&AH80&AI80)-LEN(SUBSTITUTE(D80&E80&F80&G80&H80&I80&J80&K80&L80&M80&N80&O80&P80&Q80&R80&S80&T80&U80&V80&W80&X80&Y80&Z80&AA80&AB80&AC80&AD80&AE80&AF80&AG80&AH80&AI80,"1","")) -> 54 | AP80: =LEN(D80&E80&F80&G80&H80&I80&J80&K80&L80&M80&N80&O80&P80&Q80&R80&S80&T80&U80&V80&W80&X80&Y80&Z80&AA80&AB80&AC80&AD80&AE80&AF80&AG80&AH80&AI80)-LEN(SUBSTITUTE(D80&E80&F80&G80&H80&I80&J80&K80&L80&M80&N80&O80&P80&Q80&R80&S80&T80&U80&V80&W80&X80&Y80&Z80&AA80&AB80&AC80&AD80&AE80&AF80&AG80&AH80&AI80,"2","")) -> 0 | AQ80: =LEN(D80&E80&F80&G80&H80&I80&J80&K80&L80&M80&N80&O80&P80&Q80&R80&S80&T80&U80&V80&W80&X80&Y80&Z80&AA80&AB80&AC80&AD80&AE80&AF80&AG80&AH80&AI80)-LEN(SUBSTITUTE(D80&E80&F80&G80&H80&I80&J80&K80&L80&M80&N80&O80&P80&Q80&R80&S80&T80&U80&V80&W80&X80&Y80&Z80&AA80&AB80&AC80&AD80&AE80&AF80&AG80&AH80&AI80,"3","")) -> 0 | AR80: =SUM(AO80:AQ80) -> 54 | AT80: =COUNTIF(D80:AI80,"*m*") -> 14 | AU80: =COUNTIF(D80:AI80,"*d*") -> 11 | AV80: =COUNTIF(D80:AI80,"*b*") -> 18 | AW80: =COUNTIF(D80:AI80,"*l*") -> 11 | AX80: =COUNTIF(D80:AI80,"*o*") -> 0 | AY80: =SUM(AT80:AX80) -> 54
A81: 78 | B81: =Üldinfo!B80 -> Mees | C81: =Üldinfo!C80 -> 39-44 a | E81: 1m1b1d1l | F81: 1m1b1d1l | G81: 1m1b1d1l | H81: 1m1b1d1l | I81: 1m1b1d1l | J81: 1m1b1l | K81: 1m1b1d | L81: 1m1b1d1l | M81: 1m1b1d1l | N81: 1m1b1d1l | O81: 1b1l | P81: 1b1l | Q81: 1m1b1d1l | R81: 1b | S81: 1l1d | T81: 2d2l1b | U81: 1l | V81: 1l | W81: 1m1d1l | X81: 1m1b1d1l | Y81: 2l1b | Z81: 1b1l | AA81: 1b1l | AB81: 1b1l | AC81: 1b1l | AD81: 1m1b1d1l | AE81: 1l | AF81: 1l | AG81: 1l | AI81: 1d1l | AJ81: 1 | AK81: =COUNTA(D81:AI81) -> 30 | AL81: =Üldinfo!AN80 -> 31 | AM81: =AK81/AL81 -> 0.96774194 | AO81: =LEN(D81&E81&F81&G81&H81&I81&J81&K81&L81&M81&N81&O81&P81&Q81&R81&S81&T81&U81&V81&W81&X81&Y81&Z81&AA81&AB81&AC81&AD81&AE81&AF81&AG81&AH81&AI81)-LEN(SUBSTITUTE(D81&E81&F81&G81&H81&I81&J81&K81&L81&M81&N81&O81&P81&Q81&R81&S81&T81&U81&V81&W81&X81&Y81&Z81&AA81&AB81&AC81&AD81&AE81&AF81&AG81&AH81&AI81,"1","")) -> 77 | AP81: =LEN(D81&E81&F81&G81&H81&I81&J81&K81&L81&M81&N81&O81&P81&Q81&R81&S81&T81&U81&V81&W81&X81&Y81&Z81&AA81&AB81&AC81&AD81&AE81&AF81&AG81&AH81&AI81)-LEN(SUBSTITUTE(D81&E81&F81&G81&H81&I81&J81&K81&L81&M81&N81&O81&P81&Q81&R81&S81&T81&U81&V81&W81&X81&Y81&Z81&AA81&AB81&AC81&AD81&AE81&AF81&AG81&AH81&AI81,"2","")) -> 3 | AQ81: =LEN(D81&E81&F81&G81&H81&I81&J81&K81&L81&M81&N81&O81&P81&Q81&R81&S81&T81&U81&V81&W81&X81&Y81&Z81&AA81&AB81&AC81&AD81&AE81&AF81&AG81&AH81&AI81)-LEN(SUBSTITUTE(D81&E81&F81&G81&H81&I81&J81&K81&L81&M81&N81&O81&P81&Q81&R81&S81&T81&U81&V81&W81&X81&Y81&Z81&AA81&AB81&AC81&AD81&AE81&AF81&AG81&AH81&AI81,"3","")) -> 0 | AR81: =SUM(AO81:AQ81) -> 80 | AT81: =COUNTIF(D81:AI81,"*m*") -> 14 | AU81: =COUNTIF(D81:AI81,"*d*") -> 16 | AV81: =COUNTIF(D81:AI81,"*b*") -> 22 | AW81: =COUNTIF(D81:AI81,"*l*") -> 28 | AX81: =COUNTIF(D81:AI81,"*o*") -> 0 | AY81: =SUM(AT81:AX81) -> 80
A82: 79 | B82: =Üldinfo!B81 -> Naine | C82: =Üldinfo!C81 -> 44-50 a | E82: 1b1m | G82: 1d | H82: 1d | J82: 1m1b1d | U82: 1m1l | W82: 1m | Y82: 1m1b1d1l | Z82: 1m1b1d1l | AA82: 1m1b1d1l | AB82: 1m1b1d1l | AC82: 1m1b1d1l | AD82: 1m1b1d | AE82: 1m1b1d | AF82: 2b1m1d | AG82: 1m1b1d1l | AJ82: 1 | AK82: =COUNTA(D82:AI82) -> 15 | AL82: =Üldinfo!AN81 -> 16 | AM82: =AK82/AL82 -> 0.9375 | AO82: =LEN(D82&E82&F82&G82&H82&I82&J82&K82&L82&M82&N82&O82&P82&Q82&R82&S82&T82&U82&V82&W82&X82&Y82&Z82&AA82&AB82&AC82&AD82&AE82&AF82&AG82&AH82&AI82)-LEN(SUBSTITUTE(D82&E82&F82&G82&H82&I82&J82&K82&L82&M82&N82&O82&P82&Q82&R82&S82&T82&U82&V82&W82&X82&Y82&Z82&AA82&AB82&AC82&AD82&AE82&AF82&AG82&AH82&AI82,"1","")) -> 42 | AP82: =LEN(D82&E82&F82&G82&H82&I82&J82&K82&L82&M82&N82&O82&P82&Q82&R82&S82&T82&U82&V82&W82&X82&Y82&Z82&AA82&AB82&AC82&AD82&AE82&AF82&AG82&AH82&AI82)-LEN(SUBSTITUTE(D82&E82&F82&G82&H82&I82&J82&K82&L82&M82&N82&O82&P82&Q82&R82&S82&T82&U82&V82&W82&X82&Y82&Z82&AA82&AB82&AC82&AD82&AE82&AF82&AG82&AH82&AI82,"2","")) -> 1 | AQ82: =LEN(D82&E82&F82&G82&H82&I82&J82&K82&L82&M82&N82&O82&P82&Q82&R82&S82&T82&U82&V82&W82&X82&Y82&Z82&AA82&AB82&AC82&AD82&AE82&AF82&AG82&AH82&AI82)-LEN(SUBSTITUTE(D82&E82&F82&G82&H82&I82&J82&K82&L82&M82&N82&O82&P82&Q82&R82&S82&T82&U82&V82&W82&X82&Y82&Z82&AA82&AB82&AC82&AD82&AE82&AF82&AG82&AH82&AI82,"3","")) -> 0 | AR82: =SUM(AO82:AQ82) -> 43 | AT82: =COUNTIF(D82:AI82,"*m*") -> 13 | AU82: =COUNTIF(D82:AI82,"*d*") -> 12 | AV82: =COUNTIF(D82:AI82,"*b*") -> 11 | AW82: =COUNTIF(D82:AI82,"*l*") -> 7 | AX82: =COUNTIF(D82:AI82,"*o*") -> 0 | AY82: =SUM(AT82:AX82) -> 43
A83: 80 | B83: =Üldinfo!B82 -> Mees | C83: =Üldinfo!C82 -> Täisk | AK83: =COUNTA(D83:AI83) -> 0 | AL83: =Üldinfo!AN82 -> 0 | AM83: =AK83/AL83 -> #DIV/0! | AO83: =LEN(D83&E83&F83&G83&H83&I83&J83&K83&L83&M83&N83&O83&P83&Q83&R83&S83&T83&U83&V83&W83&X83&Y83&Z83&AA83&AB83&AC83&AD83&AE83&AF83&AG83&AH83&AI83)-LEN(SUBSTITUTE(D83&E83&F83&G83&H83&I83&J83&K83&L83&M83&N83&O83&P83&Q83&R83&S83&T83&U83&V83&W83&X83&Y83&Z83&AA83&AB83&AC83&AD83&AE83&AF83&AG83&AH83&AI83,"1","")) -> 0 | AP83: =LEN(D83&E83&F83&G83&H83&I83&J83&K83&L83&M83&N83&O83&P83&Q83&R83&S83&T83&U83&V83&W83&X83&Y83&Z83&AA83&AB83&AC83&AD83&AE83&AF83&AG83&AH83&AI83)-LEN(SUBSTITUTE(D83&E83&F83&G83&H83&I83&J83&K83&L83&M83&N83&O83&P83&Q83&R83&S83&T83&U83&V83&W83&X83&Y83&Z83&AA83&AB83&AC83&AD83&AE83&AF83&AG83&AH83&AI83,"2","")) -> 0 | AQ83: =LEN(D83&E83&F83&G83&H83&I83&J83&K83&L83&M83&N83&O83&P83&Q83&R83&S83&T83&U83&V83&W83&X83&Y83&Z83&AA83&AB83&AC83&AD83&AE83&AF83&AG83&AH83&AI83)-LEN(SUBSTITUTE(D83&E83&F83&G83&H83&I83&J83&K83&L83&M83&N83&O83&P83&Q83&R83&S83&T83&U83&V83&W83&X83&Y83&Z83&AA83&AB83&AC83&AD83&AE83&AF83&AG83&AH83&AI83,"3","")) -> 0 | AR83: =SUM(AO83:AQ83) -> 0 | AT83: =COUNTIF(D83:AI83,"*m*") -> 0 | AU83: =COUNTIF(D83:AI83,"*d*") -> 0 | AV83: =COUNTIF(D83:AI83,"*b*") -> 0 | AW83: =COUNTIF(D83:AI83,"*l*") -> 0 | AX83: =COUNTIF(D83:AI83,"*o*") -> 0 | AY83: =SUM(AT83:AX83) -> 0
A84: 81 | B84: =Üldinfo!B83 -> Mees | C84: =Üldinfo!C83 -> 39-44 a | J84: 1b | W84: 1l | AF84: 1l | AJ84: 1 | AK84: =COUNTA(D84:AI84) -> 3 | AL84: =Üldinfo!AN83 -> 0 | AM84: =AK84/AL84 -> #DIV/0! | AO84: =LEN(D84&E84&F84&G84&H84&I84&J84&K84&L84&M84&N84&O84&P84&Q84&R84&S84&T84&U84&V84&W84&X84&Y84&Z84&AA84&AB84&AC84&AD84&AE84&AF84&AG84&AH84&AI84)-LEN(SUBSTITUTE(D84&E84&F84&G84&H84&I84&J84&K84&L84&M84&N84&O84&P84&Q84&R84&S84&T84&U84&V84&W84&X84&Y84&Z84&AA84&AB84&AC84&AD84&AE84&AF84&AG84&AH84&AI84,"1","")) -> 3 | AP84: =LEN(D84&E84&F84&G84&H84&I84&J84&K84&L84&M84&N84&O84&P84&Q84&R84&S84&T84&U84&V84&W84&X84&Y84&Z84&AA84&AB84&AC84&AD84&AE84&AF84&AG84&AH84&AI84)-LEN(SUBSTITUTE(D84&E84&F84&G84&H84&I84&J84&K84&L84&M84&N84&O84&P84&Q84&R84&S84&T84&U84&V84&W84&X84&Y84&Z84&AA84&AB84&AC84&AD84&AE84&AF84&AG84&AH84&AI84,"2","")) -> 0 | AQ84: =LEN(D84&E84&F84&G84&H84&I84&J84&K84&L84&M84&N84&O84&P84&Q84&R84&S84&T84&U84&V84&W84&X84&Y84&Z84&AA84&AB84&AC84&AD84&AE84&AF84&AG84&AH84&AI84)-LEN(SUBSTITUTE(D84&E84&F84&G84&H84&I84&J84&K84&L84&M84&N84&O84&P84&Q84&R84&S84&T84&U84&V84&W84&X84&Y84&Z84&AA84&AB84&AC84&AD84&AE84&AF84&AG84&AH84&AI84,"3","")) -> 0 | AR84: =SUM(AO84:AQ84) -> 3 | AT84: =COUNTIF(D84:AI84,"*m*") -> 0 | AU84: =COUNTIF(D84:AI84,"*d*") -> 0 | AV84: =COUNTIF(D84:AI84,"*b*") -> 1 | AW84: =COUNTIF(D84:AI84,"*l*") -> 2 | AX84: =COUNTIF(D84:AI84,"*o*") -> 0 | AY84: =SUM(AT84:AX84) -> 3
A85: 82 | B85: =Üldinfo!B84 -> Alaealine | C85: =Üldinfo!C84 -> 4-8 a | AK85: =COUNTA(D85:AI85) -> 0 | AL85: =Üldinfo!AN84 -> 12 | AM85: =AK85/AL85 -> 0 | AO85: =LEN(D85&E85&F85&G85&H85&I85&J85&K85&L85&M85&N85&O85&P85&Q85&R85&S85&T85&U85&V85&W85&X85&Y85&Z85&AA85&AB85&AC85&AD85&AE85&AF85&AG85&AH85&AI85)-LEN(SUBSTITUTE(D85&E85&F85&G85&H85&I85&J85&K85&L85&M85&N85&O85&P85&Q85&R85&S85&T85&U85&V85&W85&X85&Y85&Z85&AA85&AB85&AC85&AD85&AE85&AF85&AG85&AH85&AI85,"1","")) -> 0 | AP85: =LEN(D85&E85&F85&G85&H85&I85&J85&K85&L85&M85&N85&O85&P85&Q85&R85&S85&T85&U85&V85&W85&X85&Y85&Z85&AA85&AB85&AC85&AD85&AE85&AF85&AG85&AH85&AI85)-LEN(SUBSTITUTE(D85&E85&F85&G85&H85&I85&J85&K85&L85&M85&N85&O85&P85&Q85&R85&S85&T85&U85&V85&W85&X85&Y85&Z85&AA85&AB85&AC85&AD85&AE85&AF85&AG85&AH85&AI85,"2","")) -> 0 | AQ85: =LEN(D85&E85&F85&G85&H85&I85&J85&K85&L85&M85&N85&O85&P85&Q85&R85&S85&T85&U85&V85&W85&X85&Y85&Z85&AA85&AB85&AC85&AD85&AE85&AF85&AG85&AH85&AI85)-LEN(SUBSTITUTE(D85&E85&F85&G85&H85&I85&J85&K85&L85&M85&N85&O85&P85&Q85&R85&S85&T85&U85&V85&W85&X85&Y85&Z85&AA85&AB85&AC85&AD85&AE85&AF85&AG85&AH85&AI85,"3","")) -> 0 | AR85: =SUM(AO85:AQ85) -> 0 | AT85: =COUNTIF(D85:AI85,"*m*") -> 0 | AU85: =COUNTIF(D85:AI85,"*d*") -> 0 | AV85: =COUNTIF(D85:AI85,"*b*") -> 0 | AW85: =COUNTIF(D85:AI85,"*l*") -> 0 | AX85: =COUNTIF(D85:AI85,"*o*") -> 0 | AY85: =SUM(AT85:AX85) -> 0
A86: 83 | B86: =Üldinfo!B85 -> Alaealine | C86: =Üldinfo!C85 -> 11-15 a | E86: 1b1d | F86: 2b1m1d | G86: 1b | H86: 1b | I86: 1b | J86: 1b | U86: 1l | V86: 1m1b1d1l | W86: 1b1l | X86: 1m1b1d1l | Y86: 1l | Z86: 1b1l | AA86: 1l | AB86: 1b1l | AC86: 1b1l | AD86: 1l | AG86: 1l | AJ86: 1 | AK86: =COUNTA(D86:AI86) -> 17 | AL86: =Üldinfo!AN85 -> 27 | AM86: =AK86/AL86 -> 0.62962963 | AO86: =LEN(D86&E86&F86&G86&H86&I86&J86&K86&L86&M86&N86&O86&P86&Q86&R86&S86&T86&U86&V86&W86&X86&Y86&Z86&AA86&AB86&AC86&AD86&AE86&AF86&AG86&AH86&AI86)-LEN(SUBSTITUTE(D86&E86&F86&G86&H86&I86&J86&K86&L86&M86&N86&O86&P86&Q86&R86&S86&T86&U86&V86&W86&X86&Y86&Z86&AA86&AB86&AC86&AD86&AE86&AF86&AG86&AH86&AI86,"1","")) -> 29 | AP86: =LEN(D86&E86&F86&G86&H86&I86&J86&K86&L86&M86&N86&O86&P86&Q86&R86&S86&T86&U86&V86&W86&X86&Y86&Z86&AA86&AB86&AC86&AD86&AE86&AF86&AG86&AH86&AI86)-LEN(SUBSTITUTE(D86&E86&F86&G86&H86&I86&J86&K86&L86&M86&N86&O86&P86&Q86&R86&S86&T86&U86&V86&W86&X86&Y86&Z86&AA86&AB86&AC86&AD86&AE86&AF86&AG86&AH86&AI86,"2","")) -> 1 | AQ86: =LEN(D86&E86&F86&G86&H86&I86&J86&K86&L86&M86&N86&O86&P86&Q86&R86&S86&T86&U86&V86&W86&X86&Y86&Z86&AA86&AB86&AC86&AD86&AE86&AF86&AG86&AH86&AI86)-LEN(SUBSTITUTE(D86&E86&F86&G86&H86&I86&J86&K86&L86&M86&N86&O86&P86&Q86&R86&S86&T86&U86&V86&W86&X86&Y86&Z86&AA86&AB86&AC86&AD86&AE86&AF86&AG86&AH86&AI86,"3","")) -> 0 | AR86: =SUM(AO86:AQ86) -> 30 | AT86: =COUNTIF(D86:AI86,"*m*") -> 3 | AU86: =COUNTIF(D86:AI86,"*d*") -> 4 | AV86: =COUNTIF(D86:AI86,"*b*") -> 12 | AW86: =COUNTIF(D86:AI86,"*l*") -> 11 | AX86: =COUNTIF(D86:AI86,"*o*") -> 0 | AY86: =SUM(AT86:AX86) -> 30
A87: 84 | B87: =Üldinfo!B86 -> Mees | C87: =Üldinfo!C86 -> 22-24 a | E87: 1m | G87: 1l | H87: 1l1d | I87: 1m1b1l | J87: 1m1b1d1l | K87: 1m1b1d1l | L87: 1m1b1d1l | M87: 1m1b1d1l | N87: 1m1b1d1l | O87: 1m1b1d1l | P87: 1m1b1d1l | R87: 3b2d2l | S87: 3b3d2l2o21m | T87: 1m1b1l | U87: 1m1b1d1l | V87: 1m1b1d1l | W87: 1l | X87: 1l1b | Y87: 1m1b1d1l | Z87: 2l1m1b1d | AA87: 2l1m1b1d1l | AB87: 2l1m1b1d | AC87: 2l1m1b1d | AD87: 2l1m1b1d1 | AE87: 1m1b1d1l1o | AF87: 1m1b1d1l1o | AG87: 2b1m1d1l | AH87: 1m1b1d1l | AJ87: 1 | AK87: =COUNTA(D87:AI87) -> 28 | AL87: =Üldinfo!AN86 -> 29 | AM87: =AK87/AL87 -> 0.96551724 | AO87: =LEN(D87&E87&F87&G87&H87&I87&J87&K87&L87&M87&N87&O87&P87&Q87&R87&S87&T87&U87&V87&W87&X87&Y87&Z87&AA87&AB87&AC87&AD87&AE87&AF87&AG87&AH87&AI87)-LEN(SUBSTITUTE(D87&E87&F87&G87&H87&I87&J87&K87&L87&M87&N87&O87&P87&Q87&R87&S87&T87&U87&V87&W87&X87&Y87&Z87&AA87&AB87&AC87&AD87&AE87&AF87&AG87&AH87&AI87,"1","")) -> 88 | AP87: =LEN(D87&E87&F87&G87&H87&I87&J87&K87&L87&M87&N87&O87&P87&Q87&R87&S87&T87&U87&V87&W87&X87&Y87&Z87&AA87&AB87&AC87&AD87&AE87&AF87&AG87&AH87&AI87)-LEN(SUBSTITUTE(D87&E87&F87&G87&H87&I87&J87&K87&L87&M87&N87&O87&P87&Q87&R87&S87&T87&U87&V87&W87&X87&Y87&Z87&AA87&AB87&AC87&AD87&AE87&AF87&AG87&AH87&AI87,"2","")) -> 11 | AQ87: =LEN(D87&E87&F87&G87&H87&I87&J87&K87&L87&M87&N87&O87&P87&Q87&R87&S87&T87&U87&V87&W87&X87&Y87&Z87&AA87&AB87&AC87&AD87&AE87&AF87&AG87&AH87&AI87)-LEN(SUBSTITUTE(D87&E87&F87&G87&H87&I87&J87&K87&L87&M87&N87&O87&P87&Q87&R87&S87&T87&U87&V87&W87&X87&Y87&Z87&AA87&AB87&AC87&AD87&AE87&AF87&AG87&AH87&AI87,"3","")) -> 3 | AR87: =SUM(AO87:AQ87) -> 102 | AT87: =COUNTIF(D87:AI87,"*m*") -> 23 | AU87: =COUNTIF(D87:AI87,"*d*") -> 22 | AV87: =COUNTIF(D87:AI87,"*b*") -> 24 | AW87: =COUNTIF(D87:AI87,"*l*") -> 27 | AX87: =COUNTIF(D87:AI87,"*o*") -> 3 | AY87: =SUM(AT87:AX87) -> 99
A88: 85 | B88: =Üldinfo!B87 -> Naine | C88: =Üldinfo!C87 -> 20-24 a | D88: 1d1l | E88: 1b1l | F88: 1b1d1l | G88: 1l | H88: 1b1d | I88: 1b | J88: 1b | K88: 1b | M88: 1b | Q88: 2b1m1d1l | R88: 1b1l | U88: 1l | Y88: 1l | Z88: 1m1d1l | AA88: 1m1d1l | AB88: 1l | AC88: 1l | AD88: 1l | AH88: 1d | AJ88: 1 | AK88: =COUNTA(D88:AI88) -> 19 | AL88: =Üldinfo!AN87 -> 26 | AM88: =AK88/AL88 -> 0.73076923 | AO88: =LEN(D88&E88&F88&G88&H88&I88&J88&K88&L88&M88&N88&O88&P88&Q88&R88&S88&T88&U88&V88&W88&X88&Y88&Z88&AA88&AB88&AC88&AD88&AE88&AF88&AG88&AH88&AI88)-LEN(SUBSTITUTE(D88&E88&F88&G88&H88&I88&J88&K88&L88&M88&N88&O88&P88&Q88&R88&S88&T88&U88&V88&W88&X88&Y88&Z88&AA88&AB88&AC88&AD88&AE88&AF88&AG88&AH88&AI88,"1","")) -> 31 | AP88: =LEN(D88&E88&F88&G88&H88&I88&J88&K88&L88&M88&N88&O88&P88&Q88&R88&S88&T88&U88&V88&W88&X88&Y88&Z88&AA88&AB88&AC88&AD88&AE88&AF88&AG88&AH88&AI88)-LEN(SUBSTITUTE(D88&E88&F88&G88&H88&I88&J88&K88&L88&M88&N88&O88&P88&Q88&R88&S88&T88&U88&V88&W88&X88&Y88&Z88&AA88&AB88&AC88&AD88&AE88&AF88&AG88&AH88&AI88,"2","")) -> 1 | AQ88: =LEN(D88&E88&F88&G88&H88&I88&J88&K88&L88&M88&N88&O88&P88&Q88&R88&S88&T88&U88&V88&W88&X88&Y88&Z88&AA88&AB88&AC88&AD88&AE88&AF88&AG88&AH88&AI88)-LEN(SUBSTITUTE(D88&E88&F88&G88&H88&I88&J88&K88&L88&M88&N88&O88&P88&Q88&R88&S88&T88&U88&V88&W88&X88&Y88&Z88&AA88&AB88&AC88&AD88&AE88&AF88&AG88&AH88&AI88,"3","")) -> 0 | AR88: =SUM(AO88:AQ88) -> 32 | AT88: =COUNTIF(D88:AI88,"*m*") -> 3 | AU88: =COUNTIF(D88:AI88,"*d*") -> 7 | AV88: =COUNTIF(D88:AI88,"*b*") -> 9 | AW88: =COUNTIF(D88:AI88,"*l*") -> 13 | AX88: =COUNTIF(D88:AI88,"*o*") -> 0 | AY88: =SUM(AT88:AX88) -> 32
A89: 86 | B89: =Üldinfo!B88 -> Alaealine | C89: =Üldinfo!C88 -> 11-14 a | F89: 1b1d | G89: 1b | H89: 1b | I89: 1b | J89: 1b | K89: 1b | L89: 1b | M89: 1b1l | N89: 1b1l | U89: 1l | V89: 1b1l | X89: 1b | Y89: 1b | Z89: 1m1b1d1l | AA89: 1m1b1d1l | AB89: 1m1b1d1l | AC89: 1m1b1d1l | AD89: 1l | AE89: 1l | AG89: 1l | AH89: 1b1d1l | AJ89: 1 | AK89: =COUNTA(D89:AI89) -> 21 | AL89: =Üldinfo!AN88 -> 29 | AM89: =AK89/AL89 -> 0.72413793 | AO89: =LEN(D89&E89&F89&G89&H89&I89&J89&K89&L89&M89&N89&O89&P89&Q89&R89&S89&T89&U89&V89&W89&X89&Y89&Z89&AA89&AB89&AC89&AD89&AE89&AF89&AG89&AH89&AI89)-LEN(SUBSTITUTE(D89&E89&F89&G89&H89&I89&J89&K89&L89&M89&N89&O89&P89&Q89&R89&S89&T89&U89&V89&W89&X89&Y89&Z89&AA89&AB89&AC89&AD89&AE89&AF89&AG89&AH89&AI89,"1","")) -> 39 | AP89: =LEN(D89&E89&F89&G89&H89&I89&J89&K89&L89&M89&N89&O89&P89&Q89&R89&S89&T89&U89&V89&W89&X89&Y89&Z89&AA89&AB89&AC89&AD89&AE89&AF89&AG89&AH89&AI89)-LEN(SUBSTITUTE(D89&E89&F89&G89&H89&I89&J89&K89&L89&M89&N89&O89&P89&Q89&R89&S89&T89&U89&V89&W89&X89&Y89&Z89&AA89&AB89&AC89&AD89&AE89&AF89&AG89&AH89&AI89,"2","")) -> 0 | AQ89: =LEN(D89&E89&F89&G89&H89&I89&J89&K89&L89&M89&N89&O89&P89&Q89&R89&S89&T89&U89&V89&W89&X89&Y89&Z89&AA89&AB89&AC89&AD89&AE89&AF89&AG89&AH89&AI89)-LEN(SUBSTITUTE(D89&E89&F89&G89&H89&I89&J89&K89&L89&M89&N89&O89&P89&Q89&R89&S89&T89&U89&V89&W89&X89&Y89&Z89&AA89&AB89&AC89&AD89&AE89&AF89&AG89&AH89&AI89,"3","")) -> 0 | AR89: =SUM(AO89:AQ89) -> 39 | AT89: =COUNTIF(D89:AI89,"*m*") -> 4 | AU89: =COUNTIF(D89:AI89,"*d*") -> 6 | AV89: =COUNTIF(D89:AI89,"*b*") -> 17 | AW89: =COUNTIF(D89:AI89,"*l*") -> 12 | AX89: =COUNTIF(D89:AI89,"*o*") -> 0 | AY89: =SUM(AT89:AX89) -> 39
A90: 87 | B90: =Üldinfo!B89 -> Alaealine | C90: =Üldinfo!C89 -> 5 a ± 16 k | W90: 1l | AF90: 1l | AJ90: 1 | AK90: =COUNTA(D90:AI90) -> 2 | AL90: =Üldinfo!AN89 -> 9 | AM90: =AK90/AL90 -> 0.22222222 | AO90: =LEN(D90&E90&F90&G90&H90&I90&J90&K90&L90&M90&N90&O90&P90&Q90&R90&S90&T90&U90&V90&W90&X90&Y90&Z90&AA90&AB90&AC90&AD90&AE90&AF90&AG90&AH90&AI90)-LEN(SUBSTITUTE(D90&E90&F90&G90&H90&I90&J90&K90&L90&M90&N90&O90&P90&Q90&R90&S90&T90&U90&V90&W90&X90&Y90&Z90&AA90&AB90&AC90&AD90&AE90&AF90&AG90&AH90&AI90,"1","")) -> 2 | AP90: =LEN(D90&E90&F90&G90&H90&I90&J90&K90&L90&M90&N90&O90&P90&Q90&R90&S90&T90&U90&V90&W90&X90&Y90&Z90&AA90&AB90&AC90&AD90&AE90&AF90&AG90&AH90&AI90)-LEN(SUBSTITUTE(D90&E90&F90&G90&H90&I90&J90&K90&L90&M90&N90&O90&P90&Q90&R90&S90&T90&U90&V90&W90&X90&Y90&Z90&AA90&AB90&AC90&AD90&AE90&AF90&AG90&AH90&AI90,"2","")) -> 0 | AQ90: =LEN(D90&E90&F90&G90&H90&I90&J90&K90&L90&M90&N90&O90&P90&Q90&R90&S90&T90&U90&V90&W90&X90&Y90&Z90&AA90&AB90&AC90&AD90&AE90&AF90&AG90&AH90&AI90)-LEN(SUBSTITUTE(D90&E90&F90&G90&H90&I90&J90&K90&L90&M90&N90&O90&P90&Q90&R90&S90&T90&U90&V90&W90&X90&Y90&Z90&AA90&AB90&AC90&AD90&AE90&AF90&AG90&AH90&AI90,"3","")) -> 0 | AR90: =SUM(AO90:AQ90) -> 2 | AT90: =COUNTIF(D90:AI90,"*m*") -> 0 | AU90: =COUNTIF(D90:AI90,"*d*") -> 0 | AV90: =COUNTIF(D90:AI90,"*b*") -> 0 | AW90: =COUNTIF(D90:AI90,"*l*") -> 2 | AX90: =COUNTIF(D90:AI90,"*o*") -> 0 | AY90: =SUM(AT90:AX90) -> 2
A91: 88 | B91: =Üldinfo!B90 -> Naine | C91: =Üldinfo!C90 -> 39-44 a | AK91: =COUNTA(D91:AI91) -> 0 | AL91: =Üldinfo!AN90 -> 0 | AM91: =AK91/AL91 -> #DIV/0! | AO91: =LEN(D91&E91&F91&G91&H91&I91&J91&K91&L91&M91&N91&O91&P91&Q91&R91&S91&T91&U91&V91&W91&X91&Y91&Z91&AA91&AB91&AC91&AD91&AE91&AF91&AG91&AH91&AI91)-LEN(SUBSTITUTE(D91&E91&F91&G91&H91&I91&J91&K91&L91&M91&N91&O91&P91&Q91&R91&S91&T91&U91&V91&W91&X91&Y91&Z91&AA91&AB91&AC91&AD91&AE91&AF91&AG91&AH91&AI91,"1","")) -> 0 | AP91: =LEN(D91&E91&F91&G91&H91&I91&J91&K91&L91&M91&N91&O91&P91&Q91&R91&S91&T91&U91&V91&W91&X91&Y91&Z91&AA91&AB91&AC91&AD91&AE91&AF91&AG91&AH91&AI91)-LEN(SUBSTITUTE(D91&E91&F91&G91&H91&I91&J91&K91&L91&M91&N91&O91&P91&Q91&R91&S91&T91&U91&V91&W91&X91&Y91&Z91&AA91&AB91&AC91&AD91&AE91&AF91&AG91&AH91&AI91,"2","")) -> 0 | AQ91: =LEN(D91&E91&F91&G91&H91&I91&J91&K91&L91&M91&N91&O91&P91&Q91&R91&S91&T91&U91&V91&W91&X91&Y91&Z91&AA91&AB91&AC91&AD91&AE91&AF91&AG91&AH91&AI91)-LEN(SUBSTITUTE(D91&E91&F91&G91&H91&I91&J91&K91&L91&M91&N91&O91&P91&Q91&R91&S91&T91&U91&V91&W91&X91&Y91&Z91&AA91&AB91&AC91&AD91&AE91&AF91&AG91&AH91&AI91,"3","")) -> 0 | AR91: =SUM(AO91:AQ91) -> 0 | AT91: =COUNTIF(D91:AI91,"*m*") -> 0 | AU91: =COUNTIF(D91:AI91,"*d*") -> 0 | AV91: =COUNTIF(D91:AI91,"*b*") -> 0 | AW91: =COUNTIF(D91:AI91,"*l*") -> 0 | AX91: =COUNTIF(D91:AI91,"*o*") -> 0 | AY91: =SUM(AT91:AX91) -> 0
A92: 89 | B92: =Üldinfo!B91 -> Naine | C92: =Üldinfo!C91 -> 19-21 a | AK92: =COUNTA(D92:AI92) -> 0 | AL92: =Üldinfo!AN91 -> 0 | AM92: =AK92/AL92 -> #DIV/0! | AO92: =LEN(D92&E92&F92&G92&H92&I92&J92&K92&L92&M92&N92&O92&P92&Q92&R92&S92&T92&U92&V92&W92&X92&Y92&Z92&AA92&AB92&AC92&AD92&AE92&AF92&AG92&AH92&AI92)-LEN(SUBSTITUTE(D92&E92&F92&G92&H92&I92&J92&K92&L92&M92&N92&O92&P92&Q92&R92&S92&T92&U92&V92&W92&X92&Y92&Z92&AA92&AB92&AC92&AD92&AE92&AF92&AG92&AH92&AI92,"1","")) -> 0 | AP92: =LEN(D92&E92&F92&G92&H92&I92&J92&K92&L92&M92&N92&O92&P92&Q92&R92&S92&T92&U92&V92&W92&X92&Y92&Z92&AA92&AB92&AC92&AD92&AE92&AF92&AG92&AH92&AI92)-LEN(SUBSTITUTE(D92&E92&F92&G92&H92&I92&J92&K92&L92&M92&N92&O92&P92&Q92&R92&S92&T92&U92&V92&W92&X92&Y92&Z92&AA92&AB92&AC92&AD92&AE92&AF92&AG92&AH92&AI92,"2","")) -> 0 | AQ92: =LEN(D92&E92&F92&G92&H92&I92&J92&K92&L92&M92&N92&O92&P92&Q92&R92&S92&T92&U92&V92&W92&X92&Y92&Z92&AA92&AB92&AC92&AD92&AE92&AF92&AG92&AH92&AI92)-LEN(SUBSTITUTE(D92&E92&F92&G92&H92&I92&J92&K92&L92&M92&N92&O92&P92&Q92&R92&S92&T92&U92&V92&W92&X92&Y92&Z92&AA92&AB92&AC92&AD92&AE92&AF92&AG92&AH92&AI92,"3","")) -> 0 | AR92: =SUM(AO92:AQ92) -> 0 | AT92: =COUNTIF(D92:AI92,"*m*") -> 0 | AU92: =COUNTIF(D92:AI92,"*d*") -> 0 | AV92: =COUNTIF(D92:AI92,"*b*") -> 0 | AW92: =COUNTIF(D92:AI92,"*l*") -> 0 | AX92: =COUNTIF(D92:AI92,"*o*") -> 0 | AY92: =SUM(AT92:AX92) -> 0
A93: 90 | B93: =Üldinfo!B92 -> Mees | C93: =Üldinfo!C92 -> 25-40 a | D93: 1m1b1d1l | E93: 1m1b1d1l | F93: 1m1b1d1l | G93: 1b1l | H93: 1b1l | I93: 1m1b1l | J93: 1m1b1d1l | K93: 1m1b1d1l | L93: 1m1b1d1l | M93: 1m1b1d1l | N93: 1m1b | O93: 1m1d1l | P93: 1l | Q93: 1m1b1d1l | R93: 1m1b1d1l | S93: 1b1d1l | T93: 1m1b1d1l | U93: 1m1b1d1l | V93: 1m1b1d1l | W93: 1m1d1l | X93: 1b1l | Y93: 1b1l | Z93: 1m1b1d1l | AA93: 2m1b1d1l | AB93: 1m1b1d1l | AC93: 1m1l | AD93: 1l | AE93: 1l | AF93: 1l | AH93: 1m1b1d1l | AI93: 1m1d1l | AJ93: 1 | AK93: =COUNTA(D93:AI93) -> 31 | AL93: =Üldinfo!AN92 -> 32 | AM93: =AK93/AL93 -> 0.96875 | AO93: =LEN(D93&E93&F93&G93&H93&I93&J93&K93&L93&M93&N93&O93&P93&Q93&R93&S93&T93&U93&V93&W93&X93&Y93&Z93&AA93&AB93&AC93&AD93&AE93&AF93&AG93&AH93&AI93)-LEN(SUBSTITUTE(D93&E93&F93&G93&H93&I93&J93&K93&L93&M93&N93&O93&P93&Q93&R93&S93&T93&U93&V93&W93&X93&Y93&Z93&AA93&AB93&AC93&AD93&AE93&AF93&AG93&AH93&AI93,"1","")) -> 94 | AP93: =LEN(D93&E93&F93&G93&H93&I93&J93&K93&L93&M93&N93&O93&P93&Q93&R93&S93&T93&U93&V93&W93&X93&Y93&Z93&AA93&AB93&AC93&AD93&AE93&AF93&AG93&AH93&AI93)-LEN(SUBSTITUTE(D93&E93&F93&G93&H93&I93&J93&K93&L93&M93&N93&O93&P93&Q93&R93&S93&T93&U93&V93&W93&X93&Y93&Z93&AA93&AB93&AC93&AD93&AE93&AF93&AG93&AH93&AI93,"2","")) -> 1 | AQ93: =LEN(D93&E93&F93&G93&H93&I93&J93&K93&L93&M93&N93&O93&P93&Q93&R93&S93&T93&U93&V93&W93&X93&Y93&Z93&AA93&AB93&AC93&AD93&AE93&AF93&AG93&AH93&AI93)-LEN(SUBSTITUTE(D93&E93&F93&G93&H93&I93&J93&K93&L93&M93&N93&O93&P93&Q93&R93&S93&T93&U93&V93&W93&X93&Y93&Z93&AA93&AB93&AC93&AD93&AE93&AF93&AG93&AH93&AI93,"3","")) -> 0 | AR93: =SUM(AO93:AQ93) -> 95 | AT93: =COUNTIF(D93:AI93,"*m*") -> 22 | AU93: =COUNTIF(D93:AI93,"*d*") -> 20 | AV93: =COUNTIF(D93:AI93,"*b*") -> 23 | AW93: =COUNTIF(D93:AI93,"*l*") -> 30 | AX93: =COUNTIF(D93:AI93,"*o*") -> 0 | AY93: =SUM(AT93:AX93) -> 95
A94: 91 | B94: =Üldinfo!B93 -> Alaealine | C94: =Üldinfo!C93 -> 1 a ± 4 k | AK94: =COUNTA(D94:AI94) -> 0 | AL94: =Üldinfo!AN93 -> 4 | AM94: =AK94/AL94 -> 0 | AO94: =LEN(D94&E94&F94&G94&H94&I94&J94&K94&L94&M94&N94&O94&P94&Q94&R94&S94&T94&U94&V94&W94&X94&Y94&Z94&AA94&AB94&AC94&AD94&AE94&AF94&AG94&AH94&AI94)-LEN(SUBSTITUTE(D94&E94&F94&G94&H94&I94&J94&K94&L94&M94&N94&O94&P94&Q94&R94&S94&T94&U94&V94&W94&X94&Y94&Z94&AA94&AB94&AC94&AD94&AE94&AF94&AG94&AH94&AI94,"1","")) -> 0 | AP94: =LEN(D94&E94&F94&G94&H94&I94&J94&K94&L94&M94&N94&O94&P94&Q94&R94&S94&T94&U94&V94&W94&X94&Y94&Z94&AA94&AB94&AC94&AD94&AE94&AF94&AG94&AH94&AI94)-LEN(SUBSTITUTE(D94&E94&F94&G94&H94&I94&J94&K94&L94&M94&N94&O94&P94&Q94&R94&S94&T94&U94&V94&W94&X94&Y94&Z94&AA94&AB94&AC94&AD94&AE94&AF94&AG94&AH94&AI94,"2","")) -> 0 | AQ94: =LEN(D94&E94&F94&G94&H94&I94&J94&K94&L94&M94&N94&O94&P94&Q94&R94&S94&T94&U94&V94&W94&X94&Y94&Z94&AA94&AB94&AC94&AD94&AE94&AF94&AG94&AH94&AI94)-LEN(SUBSTITUTE(D94&E94&F94&G94&H94&I94&J94&K94&L94&M94&N94&O94&P94&Q94&R94&S94&T94&U94&V94&W94&X94&Y94&Z94&AA94&AB94&AC94&AD94&AE94&AF94&AG94&AH94&AI94,"3","")) -> 0 | AR94: =SUM(AO94:AQ94) -> 0 | AT94: =COUNTIF(D94:AI94,"*m*") -> 0 | AU94: =COUNTIF(D94:AI94,"*d*") -> 0 | AV94: =COUNTIF(D94:AI94,"*b*") -> 0 | AW94: =COUNTIF(D94:AI94,"*l*") -> 0 | AX94: =COUNTIF(D94:AI94,"*o*") -> 0 | AY94: =SUM(AT94:AX94) -> 0
A95: 92 | B95: =Üldinfo!B94 -> Mees | C95: =Üldinfo!C94 -> 30-39 a | AK95: =COUNTA(D95:AI95) -> 0 | AL95: =Üldinfo!AN94 -> 0 | AM95: =AK95/AL95 -> #DIV/0! | AO95: =LEN(D95&E95&F95&G95&H95&I95&J95&K95&L95&M95&N95&O95&P95&Q95&R95&S95&T95&U95&V95&W95&X95&Y95&Z95&AA95&AB95&AC95&AD95&AE95&AF95&AG95&AH95&AI95)-LEN(SUBSTITUTE(D95&E95&F95&G95&H95&I95&J95&K95&L95&M95&N95&O95&P95&Q95&R95&S95&T95&U95&V95&W95&X95&Y95&Z95&AA95&AB95&AC95&AD95&AE95&AF95&AG95&AH95&AI95,"1","")) -> 0 | AP95: =LEN(D95&E95&F95&G95&H95&I95&J95&K95&L95&M95&N95&O95&P95&Q95&R95&S95&T95&U95&V95&W95&X95&Y95&Z95&AA95&AB95&AC95&AD95&AE95&AF95&AG95&AH95&AI95)-LEN(SUBSTITUTE(D95&E95&F95&G95&H95&I95&J95&K95&L95&M95&N95&O95&P95&Q95&R95&S95&T95&U95&V95&W95&X95&Y95&Z95&AA95&AB95&AC95&AD95&AE95&AF95&AG95&AH95&AI95,"2","")) -> 0 | AQ95: =LEN(D95&E95&F95&G95&H95&I95&J95&K95&L95&M95&N95&O95&P95&Q95&R95&S95&T95&U95&V95&W95&X95&Y95&Z95&AA95&AB95&AC95&AD95&AE95&AF95&AG95&AH95&AI95)-LEN(SUBSTITUTE(D95&E95&F95&G95&H95&I95&J95&K95&L95&M95&N95&O95&P95&Q95&R95&S95&T95&U95&V95&W95&X95&Y95&Z95&AA95&AB95&AC95&AD95&AE95&AF95&AG95&AH95&AI95,"3","")) -> 0 | AR95: =SUM(AO95:AQ95) -> 0 | AT95: =COUNTIF(D95:AI95,"*m*") -> 0 | AU95: =COUNTIF(D95:AI95,"*d*") -> 0 | AV95: =COUNTIF(D95:AI95,"*b*") -> 0 | AW95: =COUNTIF(D95:AI95,"*l*") -> 0 | AX95: =COUNTIF(D95:AI95,"*o*") -> 0 | AY95: =SUM(AT95:AX95) -> 0
