Workbook
Name Excel_BuiltIn__FilterDatabase: AM!$A$4:$AN$76
Name Excel_BuiltIn__FilterDatabase: PA!$A$4:$AN$74
Name Excel_BuiltIn__FilterDatabase: Üldinfo!$A$1:$BB$79

Sheet Üldinfo
E1: Ülalõug | U1: Alalõug
A2: Täida | E2: Parem | M2: Vasak | U2: Parem | AC2: Vasak | AM2: Kontrollarv (automaatne) | AU2: Kas esineb: tühi=ei; 1=jah | BB2: 0 kuni 6 (autom.)
A3: Nr | B3: Sugu | C3: Vanus | D3: Hambaid (1/0) | E3: M3 | F3: M2 | G3: M1 | H3: PM2 | I3: PM1 | J3: C | K3: I2 | L3: I1 | M3: I1 | N3: I2 | O3: C | P3: PM1 | Q3: PM2 | R3: M1 | S3: M2 | T3: M3 | U3: M3 | V3: M2 | W3: M1 | X3: PM2 | Y3: PM1 | Z3: C | AA3: I2 | AB3: I1 | AC3: I1 | AD3: I2 | AE3: C | AF3: PM1 | AG3: PM2 | AH3: M1 | AI3: M2 | AJ3: M3 | AK3: PH | AL3: JH | AM3: Säilinud | AN3: AM | AO3: PM | AQ3: Lõikunud | AR3: Lõikumata | AS3: KOKKU (lõikunud + lõikumata) | AT3: ? = NA | AU3: Kas? (1/0) | AV3: DC | AW3: Kaaries | AX3: DEH | AY3: PA | AZ3: AM | BA3: RED | BB3: Mitu pat. esineb | BD3: Muu hälve suus
A4: 1a | B4: Mees | C4: Täiskasvanu | D4: 0 | AK4: =COUNTIF(E4:AJ4,"PH") -> 0 | AL4: =COUNTIF(E4:AJ4,"1") -> 0 | AM4: =SUM((COUNTIF(E4:AJ4,"1"))+(COUNTIF(E4:AJ4,"PH"))) -> 0 | AN4: =COUNTIF(E4:AJ4,"am") -> 0 | AO4: =COUNTIF(E4:AJ4,"pm") -> 0 | AQ4: =SUM((COUNTIF(E4:AJ4,"1"))+(COUNTIF(E4:AJ4,"am"))+(COUNTIF(E4:AJ4,"pm"))) -> 0 | AR4: =COUNTIF(E4:AJ4,"x") -> 0 | AS4: =SUM(AQ4:AR4) -> 0 | AT4: =COUNTIF(E4:AJ4,"NA") -> 0 | BB4: =SUM(AV4:BA4) -> 0
A5: 1b | B5: Alaealine | C5: Alaealine | D5: 0 | AK5: =COUNTIF(E5:AJ5,"PH") -> 0 | AL5: =COUNTIF(E5:AJ5,"1") -> 0 | AM5: =SUM((COUNTIF(E5:AJ5,"1"))+(COUNTIF(E5:AJ5,"PH"))) -> 0 | AN5: =COUNTIF(E5:AJ5,"am") -> 0 | AO5: =COUNTIF(E5:AJ5,"pm") -> 0 | AQ5: =SUM((COUNTIF(E5:AJ5,"1"))+(COUNTIF(E5:AJ5,"am"))+(COUNTIF(E5:AJ5,"pm"))) -> 0 | AR5: =COUNTIF(E5:AJ5,"x") -> 0 | AS5: =SUM(AQ5:AR5) -> 0 | AT5: =COUNTIF(E5:AJ5,"NA") -> 0 | BB5: =SUM(AV5:BA5) -> 0
A6: 2 | B6: Naine | C6: Täiskasvanu | D6: 0 | AK6: =COUNTIF(E6:AJ6,"PH") -> 0 | AL6: =COUNTIF(E6:AJ6,"1") -> 0 | AM6: =SUM((COUNTIF(E6:AJ6,"1"))+(COUNTIF(E6:AJ6,"PH"))) -> 0 | AN6: =COUNTIF(E6:AJ6,"am") -> 0 | AO6: =COUNTIF(E6:AJ6,"pm") -> 0 | AQ6: =SUM((COUNTIF(E6:AJ6,"1"))+(COUNTIF(E6:AJ6,"am"))+(COUNTIF(E6:AJ6,"pm"))) -> 0 | AR6: =COUNTIF(E6:AJ6,"x") -> 0 | AS6: =SUM(AQ6:AR6) -> 0 | AT6: =COUNTIF(E6:AJ6,"NA") -> 0 | BB6: =SUM(AV6:BA6) -> 0
A7: 3 | B7: Alaealine | C7: 12-18 a | D7: 1 | E7: X | F7: 1 | G7: 1 | H7: 1 | I7: 1 | J7: 1 | K7: 1 | L7: 1 | M7: 1 | N7: pm | O7: pm | P7: 1 | Q7: 1 | R7: 1 | S7: 1 | T7: X | U7: X | V7: 1 | W7: 1 | X7: 1 | Y7: 1 | Z7: 1 | AA7: 1 | AB7: 1 | AC7: 1 | AD7: 1 | AE7: 1 | AF7: 1 | AG7: 1 | AH7: 1 | AI7: 1 | AJ7: X | AK7: =COUNTIF(E7:AJ7,"PH") -> 0 | AL7: =COUNTIF(E7:AJ7,"1") -> 26 | AM7: =SUM((COUNTIF(E7:AJ7,"1"))+(COUNTIF(E7:AJ7,"PH"))) -> 26 | AN7: =COUNTIF(E7:AJ7,"am") -> 0 | AO7: =COUNTIF(E7:AJ7,"pm") -> 2 | AQ7: =SUM((COUNTIF(E7:AJ7,"1"))+(COUNTIF(E7:AJ7,"am"))+(COUNTIF(E7:AJ7,"pm"))) -> 28 | AR7: =COUNTIF(E7:AJ7,"x") -> 4 | AS7: =SUM(AQ7:AR7) -> 32 | AT7: =COUNTIF(E7:AJ7,"NA") -> 0 | AU7: 1 | AX7: 1 | BB7: =SUM(AV7:BA7) -> 1
A8: 4 | B8: Täiskasvanu | C8: Täiskasvanu | D8: 0 | AK8: =COUNTIF(E8:AJ8,"PH") -> 0 | AL8: =COUNTIF(E8:AJ8,"1") -> 0 | AM8: =SUM((COUNTIF(E8:AJ8,"1"))+(COUNTIF(E8:AJ8,"PH"))) -> 0 | AN8: =COUNTIF(E8:AJ8,"am") -> 0 | AO8: =COUNTIF(E8:AJ8,"pm") -> 0 | AQ8: =SUM((COUNTIF(E8:AJ8,"1"))+(COUNTIF(E8:AJ8,"am"))+(COUNTIF(E8:AJ8,"pm"))) -> 0 | AR8: =COUNTIF(E8:AJ8,"x") -> 0 | AS8: =SUM(AQ8:AR8) -> 0 | AT8: =COUNTIF(E8:AJ8,"NA") -> 0 | BB8: =SUM(AV8:BA8) -> 0
A9: 5 | B9: Täiskasvanu | C9: Täiskasvanu | D9: 0 | AK9: =COUNTIF(E9:AJ9,"PH") -> 0 | AL9: =COUNTIF(E9:AJ9,"1") -> 0 | AM9: =SUM((COUNTIF(E9:AJ9,"1"))+(COUNTIF(E9:AJ9,"PH"))) -> 0 | AN9: =COUNTIF(E9:AJ9,"am") -> 0 | AO9: =COUNTIF(E9:AJ9,"pm") -> 0 | AQ9: =SUM((COUNTIF(E9:AJ9,"1"))+(COUNTIF(E9:AJ9,"am"))+(COUNTIF(E9:AJ9,"pm"))) -> 0 | AR9: =COUNTIF(E9:AJ9,"x") -> 0 | AS9: =SUM(AQ9:AR9) -> 0 | AT9: =COUNTIF(E9:AJ9,"NA") -> 0 | BB9: =SUM(AV9:BA9) -> 0
A10: 6 | B10: Täiskasvanu | C10: Täiskasvanu | D10: 0 | AK10: =COUNTIF(E10:AJ10,"PH") -> 0 | AL10: =COUNTIF(E10:AJ10,"1") -> 0 | AM10: =SUM((COUNTIF(E10:AJ10,"1"))+(COUNTIF(E10:AJ10,"PH"))) -> 0 | AN10: =COUNTIF(E10:AJ10,"am") -> 0 | AO10: =COUNTIF(E10:AJ10,"pm") -> 0 | AQ10: =SUM((COUNTIF(E10:AJ10,"1"))+(COUNTIF(E10:AJ10,"am"))+(COUNTIF(E10:AJ10,"pm"))) -> 0 | AR10: =COUNTIF(E10:AJ10,"x") -> 0 | AS10: =SUM(AQ10:AR10) -> 0 | AT10: =COUNTIF(E10:AJ10,"NA") -> 0 | BB10: =SUM(AV10:BA10) -> 0
A11: 7 | B11: Mees | C11: 25-35 a | D11: 1 | E11: 1 | F11: 1 | G11: 1 | H11: 1 | I11: 1 | J11: 1 | K11: 1 | L11: 1 | M11: 1 | N11: 1 | O11: 1 | P11: 1 | Q11: 1 | R11: 1 | S11: 1 | T11: 1 | U11: 1 | V11: 1 | W11: 1 | X11: 1 | Y11: 1 | Z11: 1 | AA11: 1 | AB11: 1 | AC11: 1 | AD11: 1 | AE11: 1 | AF11: 1 | AG11: 1 | AH11: 1 | AI11: 1 | AJ11: 1 | AK11: =COUNTIF(E11:AJ11,"PH") -> 0 | AL11: =COUNTIF(E11:AJ11,"1") -> 32 | AM11: =SUM((COUNTIF(E11:AJ11,"1"))+(COUNTIF(E11:AJ11,"PH"))) -> 32 | AN11: =COUNTIF(E11:AJ11,"am") -> 0 | AO11: =COUNTIF(E11:AJ11,"pm") -> 0 | AQ11: =SUM((COUNTIF(E11:AJ11,"1"))+(COUNTIF(E11:AJ11,"am"))+(COUNTIF(E11:AJ11,"pm"))) -> 32 | AR11: =COUNTIF(E11:AJ11,"x") -> 0 | AS11: =SUM(AQ11:AR11) -> 32 | AT11: =COUNTIF(E11:AJ11,"NA") -> 0 | AU11: 1 | AV11: 1 | AW11: 1 | AX11: 1 | BB11: =SUM(AV11:BA11) -> 3
A12: 8 | B12: Täiskasvanu | C12: Täiskasvanu | D12: 0 | AK12: =COUNTIF(E12:AJ12,"PH") -> 0 | AL12: =COUNTIF(E12:AJ12,"1") -> 0 | AM12: =SUM((COUNTIF(E12:AJ12,"1"))+(COUNTIF(E12:AJ12,"PH"))) -> 0 | AN12: =COUNTIF(E12:AJ12,"am") -> 0 | AO12: =COUNTIF(E12:AJ12,"pm") -> 0 | AQ12: =SUM((COUNTIF(E12:AJ12,"1"))+(COUNTIF(E12:AJ12,"am"))+(COUNTIF(E12:AJ12,"pm"))) -> 0 | AR12: =COUNTIF(E12:AJ12,"x") -> 0 | AS12: =SUM(AQ12:AR12) -> 0 | AT12: =COUNTIF(E12:AJ12,"NA") -> 0 | BB12: =SUM(AV12:BA12) -> 0
A13: 9 | B13: Naine | C13: 25-35 a | D13: 1 | E13: 1 | F13: 1 | G13: 1 | H13: 1 | I13: 1 | J13: 1 | K13: 1 | L13: 1 | M13: 1 | N13: 1 | O13: 1 | P13: 1 | Q13: 1 | R13: 1 | S13: 1 | T13: pm | U13: 1 | V13: 1 | W13: 1 | X13: 1 | Y13: 1 | Z13: 1 | AA13: 1 | AB13: 1 | AC13: 1 | AD13: 1 | AE13: 1 | AF13: 1 | AG13: 1 | AH13: 1 | AI13: 1 | AJ13: 1 | AK13: =COUNTIF(E13:AJ13,"PH") -> 0 | AL13: =COUNTIF(E13:AJ13,"1") -> 31 | AM13: =SUM((COUNTIF(E13:AJ13,"1"))+(COUNTIF(E13:AJ13,"PH"))) -> 31 | AN13: =COUNTIF(E13:AJ13,"am") -> 0 | AO13: =COUNTIF(E13:AJ13,"pm") -> 1 | AQ13: =SUM((COUNTIF(E13:AJ13,"1"))+(COUNTIF(E13:AJ13,"am"))+(COUNTIF(E13:AJ13,"pm"))) -> 32 | AR13: =COUNTIF(E13:AJ13,"x") -> 0 | AS13: =SUM(AQ13:AR13) -> 32 | AT13: =COUNTIF(E13:AJ13,"NA") -> 0 | AU13: 1 | AV13: 1 | AW13: 1 | AX13: 1 | AY13: 1 | BA13: 1 | BB13: =SUM(AV13:BA13) -> 5
A14: 10 | B14: Täiskasvanu | C14: Täiskasvanu | D14: 0 | AK14: =COUNTIF(E14:AJ14,"PH") -> 0 | AL14: =COUNTIF(E14:AJ14,"1") -> 0 | AM14: =SUM((COUNTIF(E14:AJ14,"1"))+(COUNTIF(E14:AJ14,"PH"))) -> 0 | AN14: =COUNTIF(E14:AJ14,"am") -> 0 | AO14: =COUNTIF(E14:AJ14,"pm") -> 0 | AQ14: =SUM((COUNTIF(E14:AJ14,"1"))+(COUNTIF(E14:AJ14,"am"))+(COUNTIF(E14:AJ14,"pm"))) -> 0 | AR14: =COUNTIF(E14:AJ14,"x") -> 0 | AS14: =SUM(AQ14:AR14) -> 0 | AT14: =COUNTIF(E14:AJ14,"NA") -> 0 | BB14: =SUM(AV14:BA14) -> 0
A15: 11 | B15: Täiskasvanu | C15: Täiskasvanu | D15: 0 | AK15: =COUNTIF(E15:AJ15,"PH") -> 0 | AL15: =COUNTIF(E15:AJ15,"1") -> 0 | AM15: =SUM((COUNTIF(E15:AJ15,"1"))+(COUNTIF(E15:AJ15,"PH"))) -> 0 | AN15: =COUNTIF(E15:AJ15,"am") -> 0 | AO15: =COUNTIF(E15:AJ15,"pm") -> 0 | AQ15: =SUM((COUNTIF(E15:AJ15,"1"))+(COUNTIF(E15:AJ15,"am"))+(COUNTIF(E15:AJ15,"pm"))) -> 0 | AR15: =COUNTIF(E15:AJ15,"x") -> 0 | AS15: =SUM(AQ15:AR15) -> 0 | AT15: =COUNTIF(E15:AJ15,"NA") -> 0 | BB15: =SUM(AV15:BA15) -> 0
A16: 12 | B16: Naine | C16: 25-30 a | D16: 1 | J16: 1 | K16: 1 | M16: 1 | N16: 1 | U16: 1 | V16: 1 | W16: 1 | X16: 1 | Y16: 1 | Z16: 1 | AA16: 1 | AB16: 1 | AC16: 1 | AD16: 1 | AE16: pm | AF16: 1 | AG16: 1 | AH16: 1 | AI16: 1 | AJ16: 1 | AK16: =COUNTIF(E16:AJ16,"PH") -> 0 | AL16: =COUNTIF(E16:AJ16,"1") -> 19 | AM16: =SUM((COUNTIF(E16:AJ16,"1"))+(COUNTIF(E16:AJ16,"PH"))) -> 19 | AN16: =COUNTIF(E16:AJ16,"am") -> 0 | AO16: =COUNTIF(E16:AJ16,"pm") -> 1 | AQ16: =SUM((COUNTIF(E16:AJ16,"1"))+(COUNTIF(E16:AJ16,"am"))+(COUNTIF(E16:AJ16,"pm"))) -> 20 | AR16: =COUNTIF(E16:AJ16,"x") -> 0 | AS16: =SUM(AQ16:AR16) -> 20 | AT16: =COUNTIF(E16:AJ16,"NA") -> 0 | AU16: 1 | AV16: 1 | AW16: 1 | BA16: 1 | BB16: =SUM(AV16:BA16) -> 3
A17: 14 | B17: Alaealine | C17: Alaealine | D17: 0 | AK17: =COUNTIF(E17:AJ17,"PH") -> 0 | AL17: =COUNTIF(E17:AJ17,"1") -> 0 | AM17: =SUM((COUNTIF(E17:AJ17,"1"))+(COUNTIF(E17:AJ17,"PH"))) -> 0 | AN17: =COUNTIF(E17:AJ17,"am") -> 0 | AO17: =COUNTIF(E17:AJ17,"pm") -> 0 | AQ17: =SUM((COUNTIF(E17:AJ17,"1"))+(COUNTIF(E17:AJ17,"am"))+(COUNTIF(E17:AJ17,"pm"))) -> 0 | AR17: =COUNTIF(E17:AJ17,"x") -> 0 | AS17: =SUM(AQ17:AR17) -> 0 | AT17: =COUNTIF(E17:AJ17,"NA") -> 0 | BB17: =SUM(AV17:BA17) -> 0
A18: 15 | B18: Täiskasvanu | C18: Täiskasvanu | D18: 0 | AK18: =COUNTIF(E18:AJ18,"PH") -> 0 | AL18: =COUNTIF(E18:AJ18,"1") -> 0 | AM18: =SUM((COUNTIF(E18:AJ18,"1"))+(COUNTIF(E18:AJ18,"PH"))) -> 0 | AN18: =COUNTIF(E18:AJ18,"am") -> 0 | AO18: =COUNTIF(E18:AJ18,"pm") -> 0 | AQ18: =SUM((COUNTIF(E18:AJ18,"1"))+(COUNTIF(E18:AJ18,"am"))+(COUNTIF(E18:AJ18,"pm"))) -> 0 | AR18: =COUNTIF(E18:AJ18,"x") -> 0 | AS18: =SUM(AQ18:AR18) -> 0 | AT18: =COUNTIF(E18:AJ18,"NA") -> 0 | BB18: =SUM(AV18:BA18) -> 0
A19: 16 | B19: Täiskasvanu | C19: Täiskasvanu | D19: 0 | AK19: =COUNTIF(E19:AJ19,"PH") -> 0 | AL19: =COUNTIF(E19:AJ19,"1") -> 0 | AM19: =SUM((COUNTIF(E19:AJ19,"1"))+(COUNTIF(E19:AJ19,"PH"))) -> 0 | AN19: =COUNTIF(E19:AJ19,"am") -> 0 | AO19: =COUNTIF(E19:AJ19,"pm") -> 0 | AQ19: =SUM((COUNTIF(E19:AJ19,"1"))+(COUNTIF(E19:AJ19,"am"))+(COUNTIF(E19:AJ19,"pm"))) -> 0 | AR19: =COUNTIF(E19:AJ19,"x") -> 0 | AS19: =SUM(AQ19:AR19) -> 0 | AT19: =COUNTIF(E19:AJ19,"NA") -> 0 | BB19: =SUM(AV19:BA19) -> 0
A20: 17 | B20: Täiskasvanu | C20: Täiskasvanu | D20: 0 | AK20: =COUNTIF(E20:AJ20,"PH") -> 0 | AL20: =COUNTIF(E20:AJ20,"1") -> 0 | AM20: =SUM((COUNTIF(E20:AJ20,"1"))+(COUNTIF(E20:AJ20,"PH"))) -> 0 | AN20: =COUNTIF(E20:AJ20,"am") -> 0 | AO20: =COUNTIF(E20:AJ20,"pm") -> 0 | AQ20: =SUM((COUNTIF(E20:AJ20,"1"))+(COUNTIF(E20:AJ20,"am"))+(COUNTIF(E20:AJ20,"pm"))) -> 0 | AR20: =COUNTIF(E20:AJ20,"x") -> 0 | AS20: =SUM(AQ20:AR20) -> 0 | AT20: =COUNTIF(E20:AJ20,"NA") -> 0 | BB20: =SUM(AV20:BA20) -> 0
A21: 19 | B21: Mees | C21: Täiskasvanu | D21: 1 | R21: 1 | AK21: =COUNTIF(E21:AJ21,"PH") -> 0 | AL21: =COUNTIF(E21:AJ21,"1") -> 1 | AM21: =SUM((COUNTIF(E21:AJ21,"1"))+(COUNTIF(E21:AJ21,"PH"))) -> 1 | AN21: =COUNTIF(E21:AJ21,"am") -> 0 | AO21: =COUNTIF(E21:AJ21,"pm") -> 0 | AQ21: =SUM((COUNTIF(E21:AJ21,"1"))+(COUNTIF(E21:AJ21,"am"))+(COUNTIF(E21:AJ21,"pm"))) -> 1 | AR21: =COUNTIF(E21:AJ21,"x") -> 0 | AS21: =SUM(AQ21:AR21) -> 1 | AT21: =COUNTIF(E21:AJ21,"NA") -> 0 | AU21: 0 | BB21: =SUM(AV21:BA21) -> 0
A22: 20 | B22: Mees | C22: Täiskasvanu | D22: 1 | T22: 1 | AK22: =COUNTIF(E22:AJ22,"PH") -> 0 | AL22: =COUNTIF(E22:AJ22,"1") -> 1 | AM22: =SUM((COUNTIF(E22:AJ22,"1"))+(COUNTIF(E22:AJ22,"PH"))) -> 1 | AN22: =COUNTIF(E22:AJ22,"am") -> 0 | AO22: =COUNTIF(E22:AJ22,"pm") -> 0 | AQ22: =SUM((COUNTIF(E22:AJ22,"1"))+(COUNTIF(E22:AJ22,"am"))+(COUNTIF(E22:AJ22,"pm"))) -> 1 | AR22: =COUNTIF(E22:AJ22,"x") -> 0 | AS22: =SUM(AQ22:AR22) -> 1 | AT22: =COUNTIF(E22:AJ22,"NA") -> 0 | AU22: 0 | BB22: =SUM(AV22:BA22) -> 0
A23: 21 | B23: Naine | C23: 20-25 a | D23: 1 | E23: 1 | F23: 1 | G23: 1 | H23: 1 | I23: 1 | J23: 1 | K23: 1 | L23: pm | M23: pm | N23: 1 | O23: 1 | P23: 1 | Q23: 1 | R23: 1 | S23: 1 | T23: 1 | U23: 1 | V23: 1 | W23: 1 | X23: 1 | Y23: 1 | Z23: 1 | AA23: 1 | AB23: 1 | AC23: 1 | AD23: 1 | AE23: 1 | AF23: 1 | AG23: 1 | AH23: 1 | AI23: 1 | AJ23: 1 | AK23: =COUNTIF(E23:AJ23,"PH") -> 0 | AL23: =COUNTIF(E23:AJ23,"1") -> 30 | AM23: =SUM((COUNTIF(E23:AJ23,"1"))+(COUNTIF(E23:AJ23,"PH"))) -> 30 | AN23: =COUNTIF(E23:AJ23,"am") -> 0 | AO23: =COUNTIF(E23:AJ23,"pm") -> 2 | AQ23: =SUM((COUNTIF(E23:AJ23,"1"))+(COUNTIF(E23:AJ23,"am"))+(COUNTIF(E23:AJ23,"pm"))) -> 32 | AR23: =COUNTIF(E23:AJ23,"x") -> 0 | AS23: =SUM(AQ23:AR23) -> 32 | AT23: =COUNTIF(E23:AJ23,"NA") -> 0 | AU23: 1 | AV23: 1 | AW23: 1 | AX23: 1 | BB23: =SUM(AV23:BA23) -> 3
A24: 22 | B24: Naine | C24: 17-20 a | D24: 1 | E24: 1 | F24: 1 | G24: 1 | H24: 1 | I24: 1 | J24: 1 | K24: 1 | L24: 1 | M24: pm | N24: 1 | O24: pm | P24: 1 | Q24: 1 | R24: 1 | S24: 1 | T24: 1 | U24: 1 | V24: 1 | W24: 1 | X24: 1 | Y24: 1 | Z24: 1 | AA24: 1 | AB24: 1 | AC24: pm | AD24: 1 | AE24: 1 | AF24: 1 | AG24: 1 | AH24: 1 | AI24: 1 | AJ24: 1 | AK24: =COUNTIF(E24:AJ24,"PH") -> 0 | AL24: =COUNTIF(E24:AJ24,"1") -> 29 | AM24: =SUM((COUNTIF(E24:AJ24,"1"))+(COUNTIF(E24:AJ24,"PH"))) -> 29 | AN24: =COUNTIF(E24:AJ24,"am") -> 0 | AO24: =COUNTIF(E24:AJ24,"pm") -> 3 | AQ24: =SUM((COUNTIF(E24:AJ24,"1"))+(COUNTIF(E24:AJ24,"am"))+(COUNTIF(E24:AJ24,"pm"))) -> 32 | AR24: =COUNTIF(E24:AJ24,"x") -> 0 | AS24: =SUM(AQ24:AR24) -> 32 | AT24: =COUNTIF(E24:AJ24,"NA") -> 0 | AU24: 1 | AV24: 1 | AW24: 1 | BB24: =SUM(AV24:BA24) -> 2 | BD24: 1 | BE24: Ülemise p I2, C1 emailist tükid väljas
A25: 23 | B25: Alaealine | C25: 10 a ± 30k | D25: 1 | E25: X | F25: X | G25: 1 | H25: PH | I25: PH | J25: PH | K25: 1 | L25: 1 | M25: 1 | N25: pm | O25: PH | P25: pm | Q25: PH | R25: 1 | S25: X | T25: X | U25: X | V25: X | W25: 1 | X25: PH | Y25: X | Z25: 1 | AA25: 1 | AB25: 1 | AC25: 1 | AD25: 1 | AE25: 1 | AF25: X | AG25: PH | AH25: 1 | AI25: X | AJ25: X | AK25: =COUNTIF(E25:AJ25,"PH") -> 7 | AL25: =COUNTIF(E25:AJ25,"1") -> 13 | AM25: =SUM((COUNTIF(E25:AJ25,"1"))+(COUNTIF(E25:AJ25,"PH"))) -> 20 | AN25: =COUNTIF(E25:AJ25,"am") -> 0 | AO25: =COUNTIF(E25:AJ25,"pm") -> 2 | AQ25: =SUM((COUNTIF(E25:AJ25,"1"))+(COUNTIF(E25:AJ25,"am"))+(COUNTIF(E25:AJ25,"pm"))+(COUNTIF(E25:AJ25,"PH"))) -> 22 | AR25: =COUNTIF(E25:AJ25,"x") -> 10 | AS25: =SUM(AQ25:AR25) -> 32 | AT25: =COUNTIF(E25:AJ25,"NA") -> 0 | AU25: 1 | AV25: 1 | AX25: 1 | BB25: =SUM(AV25:BA25) -> 2 | BD25: 1 | BE25: Ülemise v I1 emailist tükid väljas
A26: 24 | B26: Mees | C26: 39-44 a | D26: 0 | AK26: =COUNTIF(E26:AJ26,"PH") -> 0 | AL26: =COUNTIF(E26:AJ26,"1") -> 0 | AM26: =SUM((COUNTIF(E26:AJ26,"1"))+(COUNTIF(E26:AJ26,"PH"))) -> 0 | AN26: =COUNTIF(E26:AJ26,"am") -> 0 | AO26: =COUNTIF(E26:AJ26,"pm") -> 0 | AQ26: =SUM((COUNTIF(E26:AJ26,"1"))+(COUNTIF(E26:AJ26,"am"))+(COUNTIF(E26:AJ26,"pm"))) -> 0 | AR26: =COUNTIF(E26:AJ26,"x") -> 0 | AS26: =SUM(AQ26:AR26) -> 0 | AT26: =COUNTIF(E26:AJ26,"NA") -> 0 | BB26: =SUM(AV26:BA26) -> 0
A27: 25 | B27: Alaealine | C27: 7-11 a | D27: 1 | E27: X | F27: X | G27: 1 | H27: PH | I27: PH | J27: PH | K27: 1 | L27: 1 | M27: 1 | N27: 1 | O27: PH | P27: PH | Q27: PH | R27: 1 | S27: X | T27: X | U27: X | V27: X | W27: 1 | X27: PH | Y27: PH | Z27: PH | AA27: 1 | AB27: 1 | AC27: 1 | AD27: 1 | AE27: PH | AF27: PH | AG27: PH | AH27: 1 | AI27: X | AJ27: X | AK27: =COUNTIF(E27:AJ27,"PH") -> 12 | AL27: =COUNTIF(E27:AJ27,"1") -> 12 | AM27: =SUM((COUNTIF(E27:AJ27,"1"))+(COUNTIF(E27:AJ27,"PH"))) -> 24 | AN27: =COUNTIF(E27:AJ27,"am") -> 0 | AO27: =COUNTIF(E27:AJ27,"pm") -> 0 | AQ27: =SUM((COUNTIF(E27:AJ27,"1"))+(COUNTIF(E27:AJ27,"am"))+(COUNTIF(E27:AJ27,"pm"))) -> 12 | AR27: =COUNTIF(E27:AJ27,"x") -> 8 | AS27: =SUM(AQ27:AR27) -> 20 | AT27: =COUNTIF(E27:AJ27,"NA") -> 0 | AU27: 1 | AV27: 1 | AX27: 1 | BB27: =SUM(AV27:BA27) -> 2
A28: 26a | B28: Alaealine | C28: 12-18 a | D28: 0 | AK28: =COUNTIF(E28:AJ28,"PH") -> 0 | AL28: =COUNTIF(E28:AJ28,"1") -> 0 | AM28: =SUM((COUNTIF(E28:AJ28,"1"))+(COUNTIF(E28:AJ28,"PH"))) -> 0 | AN28: =COUNTIF(E28:AJ28,"am") -> 0 | AO28: =COUNTIF(E28:AJ28,"pm") -> 0 | AQ28: =SUM((COUNTIF(E28:AJ28,"1"))+(COUNTIF(E28:AJ28,"am"))+(COUNTIF(E28:AJ28,"pm"))) -> 0 | AR28: =COUNTIF(E28:AJ28,"x") -> 0 | AS28: =SUM(AQ28:AR28) -> 0 | AT28: =COUNTIF(E28:AJ28,"NA") -> 0 | BB28: =SUM(AV28:BA28) -> 0
A29: 26b | B29: Täiskasvanu | C29: Täiskasvanu | D29: 0 | AK29: =COUNTIF(E29:AJ29,"PH") -> 0 | AL29: =COUNTIF(E29:AJ29,"1") -> 0 | AM29: =SUM((COUNTIF(E29:AJ29,"1"))+(COUNTIF(E29:AJ29,"PH"))) -> 0 | AN29: =COUNTIF(E29:AJ29,"am") -> 0 | AO29: =COUNTIF(E29:AJ29,"pm") -> 0 | AQ29: =SUM((COUNTIF(E29:AJ29,"1"))+(COUNTIF(E29:AJ29,"am"))+(COUNTIF(E29:AJ29,"pm"))) -> 0 | AR29: =COUNTIF(E29:AJ29,"x") -> 0 | AS29: =SUM(AQ29:AR29) -> 0 | AT29: =COUNTIF(E29:AJ29,"NA") -> 0 | BB29: =SUM(AV29:BA29) -> 0
A30: 27 | B30: Mees | C30: 40-50 a | D30: 0 | AK30: =COUNTIF(E30:AJ30,"PH") -> 0 | AL30: =COUNTIF(E30:AJ30,"1") -> 0 | AM30: =SUM((COUNTIF(E30:AJ30,"1"))+(COUNTIF(E30:AJ30,"PH"))) -> 0 | AN30: =COUNTIF(E30:AJ30,"am") -> 0 | AO30: =COUNTIF(E30:AJ30,"pm") -> 0 | AQ30: =SUM((COUNTIF(E30:AJ30,"1"))+(COUNTIF(E30:AJ30,"am"))+(COUNTIF(E30:AJ30,"pm"))) -> 0 | AR30: =COUNTIF(E30:AJ30,"x") -> 0 | AS30: =SUM(AQ30:AR30) -> 0 | AT30: =COUNTIF(E30:AJ30,"NA") -> 0 | BB30: =SUM(AV30:BA30) -> 0
A31: 28 | B31: Naine | C31: 25-50 a | D31: 1 | E31: 1 | F31: 1 | G31: 1 | H31: 1 | I31: 1 | J31: 1 | K31: 1 | L31: 1 | M31: 1 | N31: 1 | O31: 1 | P31: 1 | Q31: 1 | R31: 1 | S31: 1 | T31: 1 | V31: 1 | W31: 1 | X31: 1 | Y31: 1 | Z31: 1 | AA31: 1 | AB31: 1 | AC31: 1 | AD31: 1 | AE31: 1 | AF31: 1 | AG31: 1 | AH31: 1 | AI31: 1 | AK31: =COUNTIF(E31:AJ31,"PH") -> 0 | AL31: =COUNTIF(E31:AJ31,"1") -> 30 | AM31: =SUM((COUNTIF(E31:AJ31,"1"))+(COUNTIF(E31:AJ31,"PH"))) -> 30 | AN31: =COUNTIF(E31:AJ31,"am") -> 0 | AO31: =COUNTIF(E31:AJ31,"pm") -> 0 | AQ31: =SUM((COUNTIF(E31:AJ31,"1"))+(COUNTIF(E31:AJ31,"am"))+(COUNTIF(E31:AJ31,"pm"))) -> 30 | AR31: =COUNTIF(E31:AJ31,"x") -> 0 | AS31: =SUM(AQ31:AR31) -> 30 | AT31: =COUNTIF(E31:AJ31,"NA") -> 0 | AU31: 1 | AV31: 1 | AW31: 1 | AX31: 1 | BB31: =SUM(AV31:BA31) -> 3
A32: 29 | B32: Mees | C32: 25-30a | D32: 1 | E32: 1 | F32: 1 | G32: 1 | H32: 1 | I32: 1 | J32: 1 | K32: 1 | L32: 1 | M32: 1 | N32: 1 | O32: 1 | P32: 1 | Q32: 1 | R32: 1 | S32: 1 | T32: 1 | U32: 1 | V32: 1 | W32: 1 | X32: 1 | Y32: 1 | Z32: 1 | AA32: 1 | AB32: 1 | AC32: 1 | AD32: 1 | AE32: 1 | AF32: 1 | AG32: 1 | AH32: 1 | AI32: 1 | AJ32: 1 | AK32: =COUNTIF(E32:AJ32,"PH") -> 0 | AL32: =COUNTIF(E32:AJ32,"1") -> 32 | AM32: =SUM((COUNTIF(E32:AJ32,"1"))+(COUNTIF(E32:AJ32,"PH"))) -> 32 | AN32: =COUNTIF(E32:AJ32,"am") -> 0 | AO32: =COUNTIF(E32:AJ32,"pm") -> 0 | AQ32: =SUM((COUNTIF(E32:AJ32,"1"))+(COUNTIF(E32:AJ32,"am"))+(COUNTIF(E32:AJ32,"pm"))) -> 32 | AR32: =COUNTIF(E32:AJ32,"x") -> 0 | AS32: =SUM(AQ32:AR32) -> 32 | AT32: =COUNTIF(E32:AJ32,"NA") -> 0 | AU32: 1 | AV32: 1 | AX32: 1 | BB32: =SUM(AV32:BA32) -> 2 | BD32: 1 | BE32: Ülemistel p C1, v I1, I2, C1 emailist tükk väljas
A33: 30 | B33: Naine | C33: 17-25 a | D33: 1 | J33: 1 | M33: pm | N33: 1 | O33: 1 | P33: 1 | Q33: pm | R33: pm | S33: pm | T33: pm | U33: 1 | V33: 1 | W33: 1 | X33: 1 | Y33: 1 | Z33: 1 | AA33: 1 | AB33: 1 | AC33: 1 | AD33: 1 | AE33: pm | AF33: pm | AG33: 1 | AH33: 1 | AI33: am | AJ33: 1 | AK33: =COUNTIF(E33:AJ33,"PH") -> 0 | AL33: =COUNTIF(E33:AJ33,"1") -> 17 | AM33: =SUM((COUNTIF(E33:AJ33,"1"))+(COUNTIF(E33:AJ33,"PH"))) -> 17 | AN33: =COUNTIF(E33:AJ33,"am") -> 1 | AO33: =COUNTIF(E33:AJ33,"pm") -> 7 | AQ33: =SUM((COUNTIF(E33:AJ33,"1"))+(COUNTIF(E33:AJ33,"am"))+(COUNTIF(E33:AJ33,"pm"))) -> 25 | AR33: =COUNTIF(E33:AJ33,"x") -> 0 | AS33: =SUM(AQ33:AR33) -> 25 | AT33: =COUNTIF(E33:AJ33,"NA") -> 0 | AU33: 1 | AV33: 1 | AW33: 1 | AX33: 1 | AY33: 1 | AZ33: 1 | BB33: =SUM(AV33:BA33) -> 5
A34: 31 | B34: Alaealine | C34: 5+ a | D34: 0 | AK34: =COUNTIF(E34:AJ34,"PH") -> 0 | AL34: =COUNTIF(E34:AJ34,"1") -> 0 | AM34: =SUM((COUNTIF(E34:AJ34,"1"))+(COUNTIF(E34:AJ34,"PH"))) -> 0 | AN34: =COUNTIF(E34:AJ34,"am") -> 0 | AO34: =COUNTIF(E34:AJ34,"pm") -> 0 | AQ34: =SUM((COUNTIF(E34:AJ34,"1"))+(COUNTIF(E34:AJ34,"am"))+(COUNTIF(E34:AJ34,"pm"))) -> 0 | AR34: =COUNTIF(E34:AJ34,"x") -> 0 | AS34: =SUM(AQ34:AR34) -> 0 | AT34: =COUNTIF(E34:AJ34,"NA") -> 0 | BB34: =SUM(AV34:BA34) -> 0
A35: 32 | B35: Alaealine | C35: 3-5 a | D35: 0 | AK35: =COUNTIF(E35:AJ35,"PH") -> 0 | AL35: =COUNTIF(E35:AJ35,"1") -> 0 | AM35: =SUM((COUNTIF(E35:AJ35,"1"))+(COUNTIF(E35:AJ35,"PH"))) -> 0 | AN35: =COUNTIF(E35:AJ35,"am") -> 0 | AO35: =COUNTIF(E35:AJ35,"pm") -> 0 | AQ35: =SUM((COUNTIF(E35:AJ35,"1"))+(COUNTIF(E35:AJ35,"am"))+(COUNTIF(E35:AJ35,"pm"))) -> 0 | AR35: =COUNTIF(E35:AJ35,"x") -> 0 | AS35: =SUM(AQ35:AR35) -> 0 | AT35: =COUNTIF(E35:AJ35,"NA") -> 0 | BB35: =SUM(AV35:BA35) -> 0
A36: 33 | B36: Alaealine | C36: 1-2 a | D36: 1 | O36: PH | AK36: =COUNTIF(E36:AJ36,"PH") -> 1 | AL36: =COUNTIF(E36:AJ36,"1") -> 0 | AM36: =SUM((COUNTIF(E36:AJ36,"1"))+(COUNTIF(E36:AJ36,"PH"))) -> 1 | AN36: =COUNTIF(E36:AJ36,"am") -> 0 | AO36: =COUNTIF(E36:AJ36,"pm") -> 0 | AQ36: =SUM((COUNTIF(E36:AJ36,"1"))+(COUNTIF(E36:AJ36,"am"))+(COUNTIF(E36:AJ36,"pm"))) -> 0 | AR36: =COUNTIF(E36:AJ36,"x") -> 0 | AS36: =SUM(AQ36:AR36) -> 0 | AT36: =COUNTIF(E36:AJ36,"NA") -> 0 | AU36: 0 | BB36: =SUM(AV36:BA36) -> 0
A37: 34 | B37: Mees ? | C37: Täiskasvanu | D37: 0 | AK37: =COUNTIF(E37:AJ37,"PH") -> 0 | AL37: =COUNTIF(E37:AJ37,"1") -> 0 | AM37: =SUM((COUNTIF(E37:AJ37,"1"))+(COUNTIF(E37:AJ37,"PH"))) -> 0 | AN37: =COUNTIF(E37:AJ37,"am") -> 0 | AO37: =COUNTIF(E37:AJ37,"pm") -> 0 | AQ37: =SUM((COUNTIF(E37:AJ37,"1"))+(COUNTIF(E37:AJ37,"am"))+(COUNTIF(E37:AJ37,"pm"))) -> 0 | AR37: =COUNTIF(E37:AJ37,"x") -> 0 | AS37: =SUM(AQ37:AR37) -> 0 | AT37: =COUNTIF(E37:AJ37,"NA") -> 0 | BB37: =SUM(AV37:BA37) -> 0
A38: 35 | B38: Naine | C38: Täiskasvanu | D38: 0 | AK38: =COUNTIF(E38:AJ38,"PH") -> 0 | AL38: =COUNTIF(E38:AJ38,"1") -> 0 | AM38: =SUM((COUNTIF(E38:AJ38,"1"))+(COUNTIF(E38:AJ38,"PH"))) -> 0 | AN38: =COUNTIF(E38:AJ38,"am") -> 0 | AO38: =COUNTIF(E38:AJ38,"pm") -> 0 | AQ38: =SUM((COUNTIF(E38:AJ38,"1"))+(COUNTIF(E38:AJ38,"am"))+(COUNTIF(E38:AJ38,"pm"))) -> 0 | AR38: =COUNTIF(E38:AJ38,"x") -> 0 | AS38: =SUM(AQ38:AR38) -> 0 | AT38: =COUNTIF(E38:AJ38,"NA") -> 0 | BB38: =SUM(AV38:BA38) -> 0
A39: 36 | B39: Mees ? | C39: 40-50 a | D39: 0 | AK39: =COUNTIF(E39:AJ39,"PH") -> 0 | AL39: =COUNTIF(E39:AJ39,"1") -> 0 | AM39: =SUM((COUNTIF(E39:AJ39,"1"))+(COUNTIF(E39:AJ39,"PH"))) -> 0 | AN39: =COUNTIF(E39:AJ39,"am") -> 0 | AO39: =COUNTIF(E39:AJ39,"pm") -> 0 | AQ39: =SUM((COUNTIF(E39:AJ39,"1"))+(COUNTIF(E39:AJ39,"am"))+(COUNTIF(E39:AJ39,"pm"))) -> 0 | AR39: =COUNTIF(E39:AJ39,"x") -> 0 | AS39: =SUM(AQ39:AR39) -> 0 | AT39: =COUNTIF(E39:AJ39,"NA") -> 0 | BB39: =SUM(AV39:BA39) -> 0
A40: 37 | B40: Alaealine | C40: 12-18 a | D40: 1 | M40: 1 | N40: 1 | O40: 1 | P40: pm | Q40: pm | R40: 1 | S40: pm | T40: 1 | AB40: 1 | AC40: 1 | AD40: 1 | AE40: 1 | AF40: X | AG40: PH | AH40: 1 | AI40: 1 | AK40: =COUNTIF(E40:AJ40,"PH") -> 1 | AL40: =COUNTIF(E40:AJ40,"1") -> 11 | AM40: =SUM((COUNTIF(E40:AJ40,"1"))+(COUNTIF(E40:AJ40,"PH"))) -> 12 | AN40: =COUNTIF(E40:AJ40,"am") -> 0 | AO40: =COUNTIF(E40:AJ40,"pm") -> 3 | AQ40: =SUM((COUNTIF(E40:AJ40,"1"))+(COUNTIF(E40:AJ40,"am"))+(COUNTIF(E40:AJ40,"pm"))) -> 14 | AR40: =COUNTIF(E40:AJ40,"x") -> 1 | AS40: =SUM(AQ40:AR40) -> 15 | AT40: =COUNTIF(E40:AJ40,"NA") -> 0 | AU40: 1 | AV40: 1 | AX40: 1 | BB40: =SUM(AV40:BA40) -> 2
A41: 38 | B41: Naine | C41: 40-50 a | D41: 1 | E41: 1 | F41: 1 | G41: 1 | H41: 1 | I41: 1 | J41: pm | K41: pm | L41: pm | M41: 1 | N41: 1 | O41: 1 | P41: 1 | Q41: 1 | R41: 1 | S41: am | T41: am | U41: 1 | V41: 1 | W41: 1 | X41: 1 | Y41: 1 | Z41: 1 | AA41: 1 | AB41: 1 | AC41: 1 | AD41: 1 | AE41: 1 | AF41: 1 | AG41: 1 | AH41: 1 | AI41: 1 | AJ41: 1 | AK41: =COUNTIF(E41:AJ41,"PH") -> 0 | AL41: =COUNTIF(E41:AJ41,"1") -> 27 | AM41: =SUM((COUNTIF(E41:AJ41,"1"))+(COUNTIF(E41:AJ41,"PH"))) -> 27 | AN41: =COUNTIF(E41:AJ41,"am") -> 2 | AO41: =COUNTIF(E41:AJ41,"pm") -> 3 | AQ41: =SUM((COUNTIF(E41:AJ41,"1"))+(COUNTIF(E41:AJ41,"am"))+(COUNTIF(E41:AJ41,"pm"))) -> 32 | AR41: =COUNTIF(E41:AJ41,"x") -> 0 | AS41: =SUM(AQ41:AR41) -> 32 | AT41: =COUNTIF(E41:AJ41,"NA") -> 0 | AU41: 1 | AV41: 1 | AW41: 1 | AX41: 1 | AY41: 1 | AZ41: 1 | BA41: 1 | BB41: =SUM(AV41:BA41) -> 6
A42: 39 | B42: Alaealine | C42: 6-11 a | D42: 0 | AK42: =COUNTIF(E42:AJ42,"PH") -> 0 | AL42: =COUNTIF(E42:AJ42,"1") -> 0 | AM42: =SUM((COUNTIF(E42:AJ42,"1"))+(COUNTIF(E42:AJ42,"PH"))) -> 0 | AN42: =COUNTIF(E42:AJ42,"am") -> 0 | AO42: =COUNTIF(E42:AJ42,"pm") -> 0 | AQ42: =SUM((COUNTIF(E42:AJ42,"1"))+(COUNTIF(E42:AJ42,"am"))+(COUNTIF(E42:AJ42,"pm"))) -> 0 | AR42: =COUNTIF(E42:AJ42,"x") -> 0 | AS42: =SUM(AQ42:AR42) -> 0 | AT42: =COUNTIF(E42:AJ42,"NA") -> 0 | BB42: =SUM(AV42:BA42) -> 0
A43: 40 | B43: Mees | C43: 40+ a | D43: 0 | AK43: =COUNTIF(E43:AJ43,"PH") -> 0 | AL43: =COUNTIF(E43:AJ43,"1") -> 0 | AM43: =SUM((COUNTIF(E43:AJ43,"1"))+(COUNTIF(E43:AJ43,"PH"))) -> 0 | AN43: =COUNTIF(E43:AJ43,"am") -> 0 | AO43: =COUNTIF(E43:AJ43,"pm") -> 0 | AQ43: =SUM((COUNTIF(E43:AJ43,"1"))+(COUNTIF(E43:AJ43,"am"))+(COUNTIF(E43:AJ43,"pm"))) -> 0 | AR43: =COUNTIF(E43:AJ43,"x") -> 0 | AS43: =SUM(AQ43:AR43) -> 0 | AT43: =COUNTIF(E43:AJ43,"NA") -> 0 | BB43: =SUM(AV43:BA43) -> 0
A44: 41 | B44: Alaealine | C44: 12-15 a | D44: 0 | AK44: =COUNTIF(E44:AJ44,"PH") -> 0 | AL44: =COUNTIF(E44:AJ44,"1") -> 0 | AM44: =SUM((COUNTIF(E44:AJ44,"1"))+(COUNTIF(E44:AJ44,"PH"))) -> 0 | AN44: =COUNTIF(E44:AJ44,"am") -> 0 | AO44: =COUNTIF(E44:AJ44,"pm") -> 0 | AQ44: =SUM((COUNTIF(E44:AJ44,"1"))+(COUNTIF(E44:AJ44,"am"))+(COUNTIF(E44:AJ44,"pm"))) -> 0 | AR44: =COUNTIF(E44:AJ44,"x") -> 0 | AS44: =SUM(AQ44:AR44) -> 0 | AT44: =COUNTIF(E44:AJ44,"NA") -> 0 | BB44: =SUM(AV44:BA44) -> 0
A45: 42 | B45: Alaealine | C45: 24-32 k | D45: 1 | H45: X | I45: pm | J45: pm | K45: pm | L45: pm | M45: pm | N45: pm | O45: pm | P45: PH | Q45: X | R45: X | W45: X | X45: X | Y45: PH | Z45: pm | AA45: PH | AB45: PH | AC45: pm | AD45: PH | AE45: PH | AF45: PH | AG45: X | AH45: X | AK45: =COUNTIF(E45:AJ45,"PH") -> 7 | AL45: =COUNTIF(E45:AJ45,"1") -> 0 | AM45: =SUM((COUNTIF(E45:AJ45,"1"))+(COUNTIF(E45:AJ45,"PH"))) -> 7 | AN45: =COUNTIF(E45:AJ45,"am") -> 0 | AO45: =COUNTIF(E45:AJ45,"pm") -> 9 | AQ45: =SUM((COUNTIF(E45:AJ45,"1"))+(COUNTIF(E45:AJ45,"am"))+(COUNTIF(E45:AJ45,"pm"))) -> 9 | AR45: =COUNTIF(E45:AJ45,"x") -> 7 | AS45: =SUM(AQ45:AR45) -> 16 | AT45: =COUNTIF(E45:AJ45,"NA") -> 0 | AU45: 0
A46: 43 | B46: Naine ? | C46: 18-19 a | D46: 0 | AK46: =COUNTIF(E46:AJ46,"PH") -> 0 | AL46: =COUNTIF(E46:AJ46,"1") -> 0 | AM46: =SUM((COUNTIF(E46:AJ46,"1"))+(COUNTIF(E46:AJ46,"PH"))) -> 0 | AN46: =COUNTIF(E46:AJ46,"am") -> 0 | AO46: =COUNTIF(E46:AJ46,"pm") -> 0 | AQ46: =SUM((COUNTIF(E46:AJ46,"1"))+(COUNTIF(E46:AJ46,"am"))+(COUNTIF(E46:AJ46,"pm"))) -> 0 | AR46: =COUNTIF(E46:AJ46,"x") -> 0 | AS46: =SUM(AQ46:AR46) -> 0 | AT46: =COUNTIF(E46:AJ46,"NA") -> 0 | BB46: =SUM(AV46:BA46) -> 0
A47: 44 | B47: Mees | C47: 40+ a | D47: 0 | AK47: =COUNTIF(E47:AJ47,"PH") -> 0 | AL47: =COUNTIF(E47:AJ47,"1") -> 0 | AM47: =SUM((COUNTIF(E47:AJ47,"1"))+(COUNTIF(E47:AJ47,"PH"))) -> 0 | AN47: =COUNTIF(E47:AJ47,"am") -> 0 | AO47: =COUNTIF(E47:AJ47,"pm") -> 0 | AQ47: =SUM((COUNTIF(E47:AJ47,"1"))+(COUNTIF(E47:AJ47,"am"))+(COUNTIF(E47:AJ47,"pm"))) -> 0 | AR47: =COUNTIF(E47:AJ47,"x") -> 0 | AS47: =SUM(AQ47:AR47) -> 0 | AT47: =COUNTIF(E47:AJ47,"NA") -> 0 | BB47: =SUM(AV47:BA47) -> 0
A48: 45 | B48: Mees | C48: 40+ a | D48: 0 | AK48: =COUNTIF(E48:AJ48,"PH") -> 0 | AL48: =COUNTIF(E48:AJ48,"1") -> 0 | AM48: =SUM((COUNTIF(E48:AJ48,"1"))+(COUNTIF(E48:AJ48,"PH"))) -> 0 | AN48: =COUNTIF(E48:AJ48,"am") -> 0 | AO48: =COUNTIF(E48:AJ48,"pm") -> 0 | AQ48: =SUM((COUNTIF(E48:AJ48,"1"))+(COUNTIF(E48:AJ48,"am"))+(COUNTIF(E48:AJ48,"pm"))) -> 0 | AR48: =COUNTIF(E48:AJ48,"x") -> 0 | AS48: =SUM(AQ48:AR48) -> 0 | AT48: =COUNTIF(E48:AJ48,"NA") -> 0 | BB48: =SUM(AV48:BA48) -> 0
A49: 46 | B49: Täiskasvanu | C49: Täiskasvanu | D49: 0 | AK49: =COUNTIF(E49:AJ49,"PH") -> 0 | AL49: =COUNTIF(E49:AJ49,"1") -> 0 | AM49: =SUM((COUNTIF(E49:AJ49,"1"))+(COUNTIF(E49:AJ49,"PH"))) -> 0 | AN49: =COUNTIF(E49:AJ49,"am") -> 0 | AO49: =COUNTIF(E49:AJ49,"pm") -> 0 | AQ49: =SUM((COUNTIF(E49:AJ49,"1"))+(COUNTIF(E49:AJ49,"am"))+(COUNTIF(E49:AJ49,"pm"))) -> 0 | AR49: =COUNTIF(E49:AJ49,"x") -> 0 | AS49: =SUM(AQ49:AR49) -> 0 | AT49: =COUNTIF(E49:AJ49,"NA") -> 0 | BB49: =SUM(AV49:BA49) -> 0
A50: 47 | B50: Mees | C50: 40+ a | D50: 0 | AK50: =COUNTIF(E50:AJ50,"PH") -> 0 | AL50: =COUNTIF(E50:AJ50,"1") -> 0 | AM50: =SUM((COUNTIF(E50:AJ50,"1"))+(COUNTIF(E50:AJ50,"PH"))) -> 0 | AN50: =COUNTIF(E50:AJ50,"am") -> 0 | AO50: =COUNTIF(E50:AJ50,"pm") -> 0 | AQ50: =SUM((COUNTIF(E50:AJ50,"1"))+(COUNTIF(E50:AJ50,"am"))+(COUNTIF(E50:AJ50,"pm"))) -> 0 | AR50: =COUNTIF(E50:AJ50,"x") -> 0 | AS50: =SUM(AQ50:AR50) -> 0 | AT50: =COUNTIF(E50:AJ50,"NA") -> 0 | BB50: =SUM(AV50:BA50) -> 0
A51: 48 | B51: Alaealine | C51: 2-5 a | D51: 0 | AK51: =COUNTIF(E51:AJ51,"PH") -> 0 | AL51: =COUNTIF(E51:AJ51,"1") -> 0 | AM51: =SUM((COUNTIF(E51:AJ51,"1"))+(COUNTIF(E51:AJ51,"PH"))) -> 0 | AN51: =COUNTIF(E51:AJ51,"am") -> 0 | AO51: =COUNTIF(E51:AJ51,"pm") -> 0 | AQ51: =SUM((COUNTIF(E51:AJ51,"1"))+(COUNTIF(E51:AJ51,"am"))+(COUNTIF(E51:AJ51,"pm"))) -> 0 | AR51: =COUNTIF(E51:AJ51,"x") -> 0 | AS51: =SUM(AQ51:AR51) -> 0 | AT51: =COUNTIF(E51:AJ51,"NA") -> 0 | BB51: =SUM(AV51:BA51) -> 0
A52: 49 | B52: Alaealine | C52: 12-15 a | D52: 1 | AC52: pm | AD52: pm | AE52: pm | AF52: 1 | AG52: 1 | AH52: 1 | AI52: 1 | AJ52: X | AK52: =COUNTIF(E52:AJ52,"PH") -> 0 | AL52: =COUNTIF(E52:AJ52,"1") -> 4 | AM52: =SUM((COUNTIF(E52:AJ52,"1"))+(COUNTIF(E52:AJ52,"PH"))) -> 4 | AN52: =COUNTIF(E52:AJ52,"am") -> 0 | AO52: =COUNTIF(E52:AJ52,"pm") -> 3 | AQ52: =SUM((COUNTIF(E52:AJ52,"1"))+(COUNTIF(E52:AJ52,"am"))+(COUNTIF(E52:AJ52,"pm"))) -> 7 | AR52: =COUNTIF(E52:AJ52,"x") -> 1 | AS52: =SUM(AQ52:AR52) -> 8 | AT52: =COUNTIF(E52:AJ52,"NA") -> 0 | AU52: 0 | BB52: =SUM(AV52:BA52) -> 0
A53: 50 | B53: Mees | C53: 40+ a | D53: 1 | E53: NA | F53: NA | G53: am | H53: am | I53: am | J53: pm | K53: 1 | L53: 1 | M53: pm | N53: 1 | O53: pm | P53: am | Q53: am | R53: am | S53: NA | T53: NA | U53: 1 | V53: 1 | W53: am | X53: 1 | Y53: 1 | Z53: 1 | AA53: pm | AB53: 1 | AC53: am | AD53: 1 | AE53: 1 | AF53: 1 | AG53: 1 | AH53: pm | AI53: pm | AJ53: pm | AK53: =COUNTIF(E53:AJ53,"PH") -> 0 | AL53: =COUNTIF(E53:AJ53,"1") -> 13 | AM53: =SUM((COUNTIF(E53:AJ53,"1"))+(COUNTIF(E53:AJ53,"PH"))) -> 13 | AN53: =COUNTIF(E53:AJ53,"am") -> 8 | AO53: =COUNTIF(E53:AJ53,"pm") -> 7 | AQ53: =SUM((COUNTIF(E53:AJ53,"1"))+(COUNTIF(E53:AJ53,"am"))+(COUNTIF(E53:AJ53,"pm"))) -> 28 | AR53: =COUNTIF(E53:AJ53,"x") -> 0 | AS53: =SUM(AQ53:AR53) -> 28 | AT53: =COUNTIF(E53:AJ53,"NA") -> 4 | AU53: 1 | AV53: 1 | AW53: 1 | AX53: 1 | AY53: 1 | AZ53: 1 | BA53: 1 | BB53: =SUM(AV53:BA53) -> 6 | BD53: 1 | BE53: Ülemise p ja v I2 emailist tükid väljas
A54: 51 | B54: Naine | C54: 40+ a | D54: 0 | AK54: =COUNTIF(E54:AJ54,"PH") -> 0 | AL54: =COUNTIF(E54:AJ54,"1") -> 0 | AM54: =SUM((COUNTIF(E54:AJ54,"1"))+(COUNTIF(E54:AJ54,"PH"))) -> 0 | AN54: =COUNTIF(E54:AJ54,"am") -> 0 | AO54: =COUNTIF(E54:AJ54,"pm") -> 0 | AQ54: =SUM((COUNTIF(E54:AJ54,"1"))+(COUNTIF(E54:AJ54,"am"))+(COUNTIF(E54:AJ54,"pm"))) -> 0 | AR54: =COUNTIF(E54:AJ54,"x") -> 0 | AS54: =SUM(AQ54:AR54) -> 0 | AT54: =COUNTIF(E54:AJ54,"NA") -> 0 | BB54: =SUM(AV54:BA54) -> 0
A55: 52 | B55: Naine | C55: 17-25 a | D55: 1 | E55: NA | F55: pm | G55: pm | H55: pm | I55: pm | J55: 1 | K55: pm | L55: pm | M55: pm | N55: pm | O55: 1 | P55: 1 | Q55: 1 | R55: 1 | S55: 1 | V55: 1 | W55: 1 | X55: 1 | Y55: 1 | Z55: 1 | AA55: 1 | AB55: 1 | AC55: pm | AD55: pm | AE55: pm | AF55: 1 | AG55: 1 | AH55: 1 | AI55: 1 | AK55: =COUNTIF(E55:AJ55,"PH") -> 0 | AL55: =COUNTIF(E55:AJ55,"1") -> 17 | AM55: =SUM((COUNTIF(E55:AJ55,"1"))+(COUNTIF(E55:AJ55,"PH"))) -> 17 | AN55: =COUNTIF(E55:AJ55,"am") -> 0 | AO55: =COUNTIF(E55:AJ55,"pm") -> 11 | AQ55: =SUM((COUNTIF(E55:AJ55,"1"))+(COUNTIF(E55:AJ55,"am"))+(COUNTIF(E55:AJ55,"pm"))) -> 28 | AR55: =COUNTIF(E55:AJ55,"x") -> 0 | AS55: =SUM(AQ55:AR55) -> 28 | AT55: =COUNTIF(E55:AJ55,"NA") -> 1 | AU55: 1 | AV55: 1 | AX55: 1 | BB55: =SUM(AV55:BA55) -> 2
A56: 53 | B56: Täiskasvanu | C56: Täiskasvanu | D56: 0 | AK56: =COUNTIF(E56:AJ56,"PH") -> 0 | AL56: =COUNTIF(E56:AJ56,"1") -> 0 | AM56: =SUM((COUNTIF(E56:AJ56,"1"))+(COUNTIF(E56:AJ56,"PH"))) -> 0 | AN56: =COUNTIF(E56:AJ56,"am") -> 0 | AO56: =COUNTIF(E56:AJ56,"pm") -> 0 | AQ56: =SUM((COUNTIF(E56:AJ56,"1"))+(COUNTIF(E56:AJ56,"am"))+(COUNTIF(E56:AJ56,"pm"))) -> 0 | AR56: =COUNTIF(E56:AJ56,"x") -> 0 | AS56: =SUM(AQ56:AR56) -> 0 | AT56: =COUNTIF(E56:AJ56,"NA") -> 0 | BB56: =SUM(AV56:BA56) -> 0
A57: 54 | B57: Täiskasvanu | C57: Täiskasvanu | D57: 0 | AK57: =COUNTIF(E57:AJ57,"PH") -> 0 | AL57: =COUNTIF(E57:AJ57,"1") -> 0 | AM57: =SUM((COUNTIF(E57:AJ57,"1"))+(COUNTIF(E57:AJ57,"PH"))) -> 0 | AN57: =COUNTIF(E57:AJ57,"am") -> 0 | AO57: =COUNTIF(E57:AJ57,"pm") -> 0 | AQ57: =SUM((COUNTIF(E57:AJ57,"1"))+(COUNTIF(E57:AJ57,"am"))+(COUNTIF(E57:AJ57,"pm"))) -> 0 | AR57: =COUNTIF(E57:AJ57,"x") -> 0 | AS57: =SUM(AQ57:AR57) -> 0 | AT57: =COUNTIF(E57:AJ57,"NA") -> 0 | BB57: =SUM(AV57:BA57) -> 0
A58: 55 | B58: Naine | C58: 18-19 a | D58: 1 | AC58: 1 | AD58: 1 | AE58: 1 | AF58: 1 | AG58: 1 | AH58: 1 | AI58: 1 | AJ58: pm | AK58: =COUNTIF(E58:AJ58,"PH") -> 0 | AL58: =COUNTIF(E58:AJ58,"1") -> 7 | AM58: =SUM((COUNTIF(E58:AJ58,"1"))+(COUNTIF(E58:AJ58,"PH"))) -> 7 | AN58: =COUNTIF(E58:AJ58,"am") -> 0 | AO58: =COUNTIF(E58:AJ58,"pm") -> 1 | AQ58: =SUM((COUNTIF(E58:AJ58,"1"))+(COUNTIF(E58:AJ58,"am"))+(COUNTIF(E58:AJ58,"pm"))) -> 8 | AR58: =COUNTIF(E58:AJ58,"x") -> 0 | AS58: =SUM(AQ58:AR58) -> 8 | AT58: =COUNTIF(E58:AJ58,"NA") -> 0 | AU58: 1 | AV58: 1 | AX58: 1 | BB58: =SUM(AV58:BA58) -> 2
A59: 56 | B59: Naine | C59: 40+ a | D59: 0 | AK59: =COUNTIF(E59:AJ59,"PH") -> 0 | AL59: =COUNTIF(E59:AJ59,"1") -> 0 | AM59: =SUM((COUNTIF(E59:AJ59,"1"))+(COUNTIF(E59:AJ59,"PH"))) -> 0 | AN59: =COUNTIF(E59:AJ59,"am") -> 0 | AO59: =COUNTIF(E59:AJ59,"pm") -> 0 | AQ59: =SUM((COUNTIF(E59:AJ59,"1"))+(COUNTIF(E59:AJ59,"am"))+(COUNTIF(E59:AJ59,"pm"))) -> 0 | AR59: =COUNTIF(E59:AJ59,"x") -> 0 | AS59: =SUM(AQ59:AR59) -> 0 | AT59: =COUNTIF(E59:AJ59,"NA") -> 0 | BB59: =SUM(AV59:BA59) -> 0
A60: 57 | B60: Alaealine | C60: 7-11 a | D60: 1 | E60: X | F60: X | G60: 1 | H60: PH | I60: PH | J60: PH | K60: 1 | L60: 1 | M60: 1 | N60: pm | O60: PH | P60: PH | Q60: PH | R60: 1 | S60: X | T60: X | U60: X | V60: X | W60: 1 | X60: PH | Y60: PH | Z60: pm | AA60: 1 | AB60: 1 | AC60: 1 | AD60: 1 | AE60: PH | AF60: PH | AG60: PH | AH60: 1 | AI60: X | AJ60: X | AK60: =COUNTIF(E60:AJ60,"PH") -> 11 | AL60: =COUNTIF(E60:AJ60,"1") -> 11 | AM60: =SUM((COUNTIF(E60:AJ60,"1"))+(COUNTIF(E60:AJ60,"PH"))) -> 22 | AN60: =COUNTIF(E60:AJ60,"am") -> 0 | AO60: =COUNTIF(E60:AJ60,"pm") -> 2 | AQ60: =SUM((COUNTIF(E60:AJ60,"1"))+(COUNTIF(E60:AJ60,"am"))+(COUNTIF(E60:AJ60,"pm"))) -> 13 | AR60: =COUNTIF(E60:AJ60,"x") -> 8 | AS60: =SUM(AQ60:AR60) -> 21 | AT60: =COUNTIF(E60:AJ60,"NA") -> 0 | AU60: 1 | AV60: 1 | AW60: 1 | AX60: 1 | BB60: =SUM(AV60:BA60) -> 3
A61: 58 | B61: Alaealine | C61: 1 a ± 4 k | D61: 1 | I61: X | K61: PH | P61: X | Q61: X | Z61: X | AD61: X | AE61: X | AF61: X | AG61: X | AH61: X | AK61: =COUNTIF(E61:AJ61,"PH") -> 1 | AL61: =COUNTIF(E61:AJ61,"1") -> 0 | AM61: =SUM((COUNTIF(E61:AJ61,"1"))+(COUNTIF(E61:AJ61,"PH"))) -> 1 | AN61: =COUNTIF(E61:AJ61,"am") -> 0 | AO61: =COUNTIF(E61:AJ61,"pm") -> 0 | AQ61: =SUM((COUNTIF(E61:AJ61,"1"))+(COUNTIF(E61:AJ61,"am"))+(COUNTIF(E61:AJ61,"pm"))) -> 0 | AR61: =COUNTIF(E61:AJ61,"x") -> 9 | AS61: =SUM(AQ61:AR61) -> 9 | AT61: =COUNTIF(E61:AJ61,"NA") -> 0 | AU61: 0 | BB61: =SUM(AV61:BA61) -> 0
A62: 59 | B62: Mees | C62: 17-22 a | D62: 1 | E62: 1 | F62: 1 | G62: 1 | H62: 1 | I62: 1 | J62: 1 | K62: 1 | L62: 1 | M62: 1 | N62: 1 | O62: 1 | P62: 1 | Q62: 1 | R62: 1 | S62: 1 | T62: 1 | U62: 1 | V62: 1 | W62: 1 | X62: 1 | Y62: 1 | Z62: 1 | AA62: 1 | AB62: 1 | AC62: 1 | AD62: 1 | AE62: 1 | AF62: 1 | AG62: 1 | AH62: 1 | AI62: 1 | AJ62: 1 | AK62: =COUNTIF(E62:AJ62,"PH") -> 0 | AL62: =COUNTIF(E62:AJ62,"1") -> 32 | AM62: =SUM((COUNTIF(E62:AJ62,"1"))+(COUNTIF(E62:AJ62,"PH"))) -> 32 | AN62: =COUNTIF(E62:AJ62,"am") -> 0 | AO62: =COUNTIF(E62:AJ62,"pm") -> 0 | AQ62: =SUM((COUNTIF(E62:AJ62,"1"))+(COUNTIF(E62:AJ62,"am"))+(COUNTIF(E62:AJ62,"pm"))) -> 32 | AR62: =COUNTIF(E62:AJ62,"x") -> 0 | AS62: =SUM(AQ62:AR62) -> 32 | AT62: =COUNTIF(E62:AJ62,"NA") -> 0 | AU62: 1 | AV62: 1 | AX62: 1 | BB62: =SUM(AV62:BA62) -> 2 | BD62: 1 | BE62: Ülemisel p I1, I2, C, v I1, I2, alumisel p I1 emailist tükid väljas
A63: 60 | B63: Täiskasvanu | C63: Täiskasvanu | D63: 0 | AK63: =COUNTIF(E63:AJ63,"PH") -> 0 | AL63: =COUNTIF(E63:AJ63,"1") -> 0 | AM63: =SUM((COUNTIF(E63:AJ63,"1"))+(COUNTIF(E63:AJ63,"PH"))) -> 0 | AN63: =COUNTIF(E63:AJ63,"am") -> 0 | AO63: =COUNTIF(E63:AJ63,"pm") -> 0 | AQ63: =SUM((COUNTIF(E63:AJ63,"1"))+(COUNTIF(E63:AJ63,"am"))+(COUNTIF(E63:AJ63,"pm"))) -> 0 | AR63: =COUNTIF(E63:AJ63,"x") -> 0 | AS63: =SUM(AQ63:AR63) -> 0 | AT63: =COUNTIF(E63:AJ63,"NA") -> 0 | BB63: =SUM(AV63:BA63) -> 0
A64: 61 | B64: Mees | C64: 50+ a | D64: 1 | U64: NA | V64: am | W64: am | X64: 1 | Y64: 1 | Z64: 1 | AA64: 1 | AB64: 1 | AC64: am | AD64: 1 | AE64: 1 | AF64: 1 | AG64: 1 | AH64: am | AI64: am | AJ64: 1 | AK64: =COUNTIF(E64:AJ64,"PH") -> 0 | AL64: =COUNTIF(E64:AJ64,"1") -> 10 | AM64: =SUM((COUNTIF(E64:AJ64,"1"))+(COUNTIF(E64:AJ64,"PH"))) -> 10 | AN64: =COUNTIF(E64:AJ64,"am") -> 5 | AO64: =COUNTIF(E64:AJ64,"pm") -> 0 | AQ64: =SUM((COUNTIF(E64:AJ64,"1"))+(COUNTIF(E64:AJ64,"am"))+(COUNTIF(E64:AJ64,"pm"))) -> 15 | AR64: =COUNTIF(E64:AJ64,"x") -> 0 | AS64: =SUM(AQ64:AR64) -> 15 | AT64: =COUNTIF(E64:AJ64,"NA") -> 1 | AU64: 1 | AV64: 1 | AW64: 1 | AY64: 1 | AZ64: 1 | BA64: 1 | BB64: =SUM(AV64:BA64) -> 5
A65: 62 | B65: Mees | C65: Täiskasvanu | D65: 0 | AK65: =COUNTIF(E65:AJ65,"PH") -> 0 | AL65: =COUNTIF(E65:AJ65,"1") -> 0 | AM65: =SUM((COUNTIF(E65:AJ65,"1"))+(COUNTIF(E65:AJ65,"PH"))) -> 0 | AN65: =COUNTIF(E65:AJ65,"am") -> 0 | AO65: =COUNTIF(E65:AJ65,"pm") -> 0 | AQ65: =SUM((COUNTIF(E65:AJ65,"1"))+(COUNTIF(E65:AJ65,"am"))+(COUNTIF(E65:AJ65,"pm"))) -> 0 | AR65: =COUNTIF(E65:AJ65,"x") -> 0 | AS65: =SUM(AQ65:AR65) -> 0 | AT65: =COUNTIF(E65:AJ65,"NA") -> 0 | BB65: =SUM(AV65:BA65) -> 0
A66: 63 | B66: Mees | C66: Täiskasvanu | D66: 0 | AK66: =COUNTIF(E66:AJ66,"PH") -> 0 | AL66: =COUNTIF(E66:AJ66,"1") -> 0 | AM66: =SUM((COUNTIF(E66:AJ66,"1"))+(COUNTIF(E66:AJ66,"PH"))) -> 0 | AN66: =COUNTIF(E66:AJ66,"am") -> 0 | AO66: =COUNTIF(E66:AJ66,"pm") -> 0 | AQ66: =SUM((COUNTIF(E66:AJ66,"1"))+(COUNTIF(E66:AJ66,"am"))+(COUNTIF(E66:AJ66,"pm"))) -> 0 | AR66: =COUNTIF(E66:AJ66,"x") -> 0 | AS66: =SUM(AQ66:AR66) -> 0 | AT66: =COUNTIF(E66:AJ66,"NA") -> 0 | BB66: =SUM(AV66:BA66) -> 0
A67: 64 | B67: Mees | C67: Täiskasvanu | D67: 0 | AK67: =COUNTIF(E67:AJ67,"PH") -> 0 | AL67: =COUNTIF(E67:AJ67,"1") -> 0 | AM67: =SUM((COUNTIF(E67:AJ67,"1"))+(COUNTIF(E67:AJ67,"PH"))) -> 0 | AN67: =COUNTIF(E67:AJ67,"am") -> 0 | AO67: =COUNTIF(E67:AJ67,"pm") -> 0 | AQ67: =SUM((COUNTIF(E67:AJ67,"1"))+(COUNTIF(E67:AJ67,"am"))+(COUNTIF(E67:AJ67,"pm"))) -> 0 | AR67: =COUNTIF(E67:AJ67,"x") -> 0 | AS67: =SUM(AQ67:AR67) -> 0 | AT67: =COUNTIF(E67:AJ67,"NA") -> 0 | BB67: =SUM(AV67:BA67) -> 0
A68: 65 | B68: Mees | C68: 39-44 a | D68: 0 | AK68: =COUNTIF(E68:AJ68,"PH") -> 0 | AL68: =COUNTIF(E68:AJ68,"1") -> 0 | AM68: =SUM((COUNTIF(E68:AJ68,"1"))+(COUNTIF(E68:AJ68,"PH"))) -> 0 | AN68: =COUNTIF(E68:AJ68,"am") -> 0 | AO68: =COUNTIF(E68:AJ68,"pm") -> 0 | AQ68: =SUM((COUNTIF(E68:AJ68,"1"))+(COUNTIF(E68:AJ68,"am"))+(COUNTIF(E68:AJ68,"pm"))) -> 0 | AR68: =COUNTIF(E68:AJ68,"x") -> 0 | AS68: =SUM(AQ68:AR68) -> 0 | AT68: =COUNTIF(E68:AJ68,"NA") -> 0 | BB68: =SUM(AV68:BA68) -> 0
A69: 66 | B69: Täiskasvanu | C69: Täiskasvanu | D69: 0 | AK69: =COUNTIF(E69:AJ69,"PH") -> 0 | AL69: =COUNTIF(E69:AJ69,"1") -> 0 | AM69: =SUM((COUNTIF(E69:AJ69,"1"))+(COUNTIF(E69:AJ69,"PH"))) -> 0 | AN69: =COUNTIF(E69:AJ69,"am") -> 0 | AO69: =COUNTIF(E69:AJ69,"pm") -> 0 | AQ69: =SUM((COUNTIF(E69:AJ69,"1"))+(COUNTIF(E69:AJ69,"am"))+(COUNTIF(E69:AJ69,"pm"))) -> 0 | AR69: =COUNTIF(E69:AJ69,"x") -> 0 | AS69: =SUM(AQ69:AR69) -> 0 | AT69: =COUNTIF(E69:AJ69,"NA") -> 0 | BB69: =SUM(AV69:BA69) -> 0
A70: 67 | B70: Alaealine | C70: 7-11 a | D70: 1 | N70: PH | O70: PH | V70: X | W70: 1 | X70: PH | Y70: PH | Z70: PH | AA70: PH | AB70: 1 | AC70: 1 | AD70: pm | AE70: PH | AF70: PH | AG70: PH | AH70: 1 | AI70: X | AK70: =COUNTIF(E70:AJ70,"PH") -> 9 | AL70: =COUNTIF(E70:AJ70,"1") -> 4 | AM70: =SUM((COUNTIF(E70:AJ70,"1"))+(COUNTIF(E70:AJ70,"PH"))) -> 13 | AN70: =COUNTIF(E70:AJ70,"am") -> 0 | AO70: =COUNTIF(E70:AJ70,"pm") -> 1 | AQ70: =SUM((COUNTIF(E70:AJ70,"1"))+(COUNTIF(E70:AJ70,"am"))+(COUNTIF(E70:AJ70,"pm"))) -> 5 | AR70: =COUNTIF(E70:AJ70,"x") -> 2 | AS70: =SUM(AQ70:AR70) -> 7 | AT70: =COUNTIF(E70:AJ70,"NA") -> 0 | AU70: 1 | AV70: 1 | BB70: =SUM(AV70:BA70) -> 1
A71: 68 | B71: Naine | C71: 40+ a | D71: 0 | AK71: =COUNTIF(E71:AJ71,"PH") -> 0 | AL71: =COUNTIF(E71:AJ71,"1") -> 0 | AM71: =SUM((COUNTIF(E71:AJ71,"1"))+(COUNTIF(E71:AJ71,"PH"))) -> 0 | AN71: =COUNTIF(E71:AJ71,"am") -> 0 | AO71: =COUNTIF(E71:AJ71,"pm") -> 0 | AQ71: =SUM((COUNTIF(E71:AJ71,"1"))+(COUNTIF(E71:AJ71,"am"))+(COUNTIF(E71:AJ71,"pm"))) -> 0 | AR71: =COUNTIF(E71:AJ71,"x") -> 0 | AS71: =SUM(AQ71:AR71) -> 0 | AT71: =COUNTIF(E71:AJ71,"NA") -> 0 | BB71: =SUM(AV71:BA71) -> 0
A72: 69 | B72: Mees | C72: 25-40 a | D72: 0 | AK72: =COUNTIF(E72:AJ72,"PH") -> 0 | AL72: =COUNTIF(E72:AJ72,"1") -> 0 | AM72: =SUM((COUNTIF(E72:AJ72,"1"))+(COUNTIF(E72:AJ72,"PH"))) -> 0 | AN72: =COUNTIF(E72:AJ72,"am") -> 0 | AO72: =COUNTIF(E72:AJ72,"pm") -> 0 | AQ72: =SUM((COUNTIF(E72:AJ72,"1"))+(COUNTIF(E72:AJ72,"am"))+(COUNTIF(E72:AJ72,"pm"))) -> 0 | AR72: =COUNTIF(E72:AJ72,"x") -> 0 | AS72: =SUM(AQ72:AR72) -> 0 | AT72: =COUNTIF(E72:AJ72,"NA") -> 0 | BB72: =SUM(AV72:BA72) -> 0
A73: =COUNTA(A$4:A$72) -> 69 | C73: Kokku | D73: =COUNTIF(D$4:D$72,"1") -> 26 | E73: =COUNTA(E$4:E$72) -> 14 | F73: =COUNTA(F$4:F$72) -> 14 | G73: =COUNTA(G$4:G$72) -> 14 | H73: =COUNTA(H$4:H$72) -> 15 | I73: =COUNTA(I$4:I$72) -> 16 | J73: =COUNTA(J$4:J$72) -> 17 | K73: =COUNTA(K$4:K$72) -> 17 | L73: =COUNTA(L$4:L$72) -> 15 | ... AJ73: =COUNTA(AJ$4:AJ$72) -> 17 | AK73: =SUM(AK4:AK72) -> 49 | AL73: =SUM(AL4:AL72) -> 409 | AM73: =SUM(AM4:AM72) -> 458 | AN73: =SUM(AN4:AN72) -> 16 | AO73: =SUM(AO4:AO72) -> 58 | AQ73: =SUM(AQ4:AQ72) -> 490 | AR73: =SUM(AR4:AR72) -> 50 | AS73: =SUM(AQ73:AR73) -> 540 | AT73: =SUM(AT4:AT72) -> 6 | AU73: =SUM(AU4:AU72) -> 20 | AV73: =SUM(AV4:AV72) -> 19 | AW73: =SUM(AW4:AW72) -> 11 | AX73: =SUM(AX4:AX72) -> 16 | AY73: =SUM(AY4:AY72) -> 5 | AZ73: =SUM(AZ4:AZ72) -> 4 | BA73: =SUM(BA4:BA72) -> 5 | BD73: =SUM(BD4:BD72) -> 5
C74: Säilinud | E74: =SUM((COUNTIF(E$4:E$72,"1"))+(COUNTIF(E$4:E$72,"PH"))) -> 8 | F74: =SUM((COUNTIF(F$4:F$72,"1"))+(COUNTIF(F$4:F$72,"PH"))) -> 9 | G74: =SUM((COUNTIF(G$4:G$72,"1"))+(COUNTIF(G$4:G$72,"PH"))) -> 12 | H74: =SUM((COUNTIF(H$4:H$72,"1"))+(COUNTIF(H$4:H$72,"PH"))) -> 12 | I74: =SUM((COUNTIF(I$4:I$72,"1"))+(COUNTIF(I$4:I$72,"PH"))) -> 12 | J74: =SUM((COUNTIF(J$4:J$72,"1"))+(COUNTIF(J$4:J$72,"PH"))) -> 14 | K74: =SUM((COUNTIF(K$4:K$72,"1"))+(COUNTIF(K$4:K$72,"PH"))) -> 14 | L74: =SUM((COUNTIF(L$4:L$72,"1"))+(COUNTIF(L$4:L$72,"PH"))) -> 11 | ... AJ74: =SUM((COUNTIF(AJ$4:AJ$72,"1"))+(COUNTIF(AJ$4:AJ$72,"PH"))) -> 10 | AM74: =SUM(E74:AJ74) -> 458 | AU74: =AU73/$D$73 -> 0.76923077 | AV74: =AV73/$D$73 -> 0.73076923 | AW74: =AW73/$D$73 -> 0.42307692 | AX74: =AX73/$D$73 -> 0.61538462 | AY74: =AY73/$D$73 -> 0.19230769 | AZ74: =AZ73/$D$73 -> 0.15384615 | BA74: =BA73/$D$73 -> 0.19230769
C75: AM | E75: =COUNTIF(E$4:E$72,"am") -> 0 | F75: =COUNTIF(F$4:F$72,"am") -> 0 | G75: =COUNTIF(G$4:G$72,"am") -> 1 | H75: =COUNTIF(H$4:H$72,"am") -> 1 | I75: =COUNTIF(I$4:I$72,"am") -> 1 | J75: =COUNTIF(J$4:J$72,"am") -> 0 | K75: =COUNTIF(K$4:K$72,"am") -> 0 | L75: =COUNTIF(L$4:L$72,"am") -> 0 | ... AJ75: =COUNTIF(AJ$4:AJ$72,"am") -> 0 | AM75: =SUM(E75:AJ75) -> 16
C76: PM | E76: =COUNTIF(E$4:E$72,"pm") -> 0 | F76: =COUNTIF(F$4:F$72,"pm") -> 1 | G76: =COUNTIF(G$4:G$72,"pm") -> 1 | H76: =COUNTIF(H$4:H$72,"pm") -> 1 | I76: =COUNTIF(I$4:I$72,"pm") -> 2 | J76: =COUNTIF(J$4:J$72,"pm") -> 3 | K76: =COUNTIF(K$4:K$72,"pm") -> 3 | L76: =COUNTIF(L$4:L$72,"pm") -> 4 | ... AJ76: =COUNTIF(AJ$4:AJ$72,"pm") -> 2 | AM76: =SUM(E76:AJ76) -> 58
C77: Lõikunud | E77: =SUM(E$74:E$76) -> 8 | F77: =SUM(F$74:F$76) -> 10 | G77: =SUM(G$74:G$76) -> 14 | H77: =SUM(H$74:H$76) -> 14 | I77: =SUM(I$74:I$76) -> 15 | J77: =SUM(J$74:J$76) -> 17 | K77: =SUM(K$74:K$76) -> 17 | L77: =SUM(L$74:L$76) -> 15 | ... AJ77: =SUM(AJ$74:AJ$76) -> 12 | AM77: =SUM(E77:AJ77) -> 532
C78: Lõikumata | E78: =COUNTIF(E$4:E$72,"X") -> 4 | F78: =COUNTIF(F$4:F$72,"X") -> 3 | G78: =COUNTIF(G$4:G$72,"X") -> 0 | H78: =COUNTIF(H$4:H$72,"X") -> 1 | I78: =COUNTIF(I$4:I$72,"X") -> 1 | J78: =COUNTIF(J$4:J$72,"X") -> 0 | K78: =COUNTIF(K$4:K$72,"X") -> 0 | L78: =COUNTIF(L$4:L$72,"X") -> 0 | ... AJ78: =COUNTIF(AJ$4:AJ$72,"X") -> 5 | AM78: =SUM(E78:AJ78) -> 50
C79: ? = NA | E79: =COUNTIF(E$4:E$72,"NA") -> 2 | F79: =COUNTIF(F$4:F$72,"NA") -> 1 | G79: =COUNTIF(G$4:G$72,"NA") -> 0 | H79: =COUNTIF(H$4:H$72,"NA") -> 0 | I79: =COUNTIF(I$4:I$72,"NA") -> 0 | J79: =COUNTIF(J$4:J$72,"NA") -> 0 | K79: =COUNTIF(K$4:K$72,"NA") -> 0 | L79: =COUNTIF(L$4:L$72,"NA") -> 0 | ... AJ79: =COUNTIF(AJ$4:AJ$72,"NA") -> 0 | AM79: =SUM(E79:AJ79) -> 6
C81: Mees | D81: =COUNTIF(B$4:B$72,"Mees") -> 19
C82: Mees ? | D82: =COUNTIF(B$4:B$72,"Mees ?") -> 2
C83: Naine | D83: =COUNTIF(B$4:B$72,"Naine") -> 14
C84: Naine ? | D84: =COUNTIF(B$4:B$72,"Naine ?") -> 1
C85: Täiskasvanu | D85: =COUNTIF(B$4:B$72,"Täiskasvanu") -> 15
C86: Alaealine | D86: =COUNTIF(B$4:B$72,"Alaealine") -> 18
C87: KOKKU | D87: =SUM(D81:D86) -> 69

Sheet DC
D1: Hambakivi asukoht ja ulatus
D2: Ülalõug | T2: Alalõug | AO2: automaatne | AT2: automaatne
D3: Parem | L3: Vasak | T3: Parem | AB3: Vasak | AK3: autom. | AL3: autom. esilehelt | AM3: autom. | AO3: Hambakivi aste | AT3: Hambakivi asukoht
A4: Nr | B4: Sugu | C4: Vanus | D4: 8 | E4: 7 | F4: 6 | G4: 5 | H4: 4 | I4: 3 | J4: 2 | K4: 1 | L4: 1 | M4: 2 | N4: 3 | O4: 4 | P4: 5 | Q4: 6 | R4: 7 | S4: 8 | T4: 8 | U4: 7 | V4: 6 | W4: 5 | X4: 4 | Y4: 3 | Z4: 2 | AA4: 1 | AB4: 1 | AC4: 2 | AD4: 3 | AE4: 4 | AF4: 5 | AG4: 6 | AH4: 7 | AI4: 8 | AJ4: Kas on hambakivi? Jah=1; ei=tühi | AK4: DC hammaste arv | AL4: Säil. hammaste arv | AM4: DC hammaste osakaal | AO4: 1 | AP4: 2 | AQ4: 3 | AR4: Kokku | AT4: m | AU4: d | AV4: b | AW4: l | AX4: o | AY4: Kokku
A5: =Üldinfo!A4 -> 1a | B5: =Üldinfo!B4 -> Mees | C5: =Üldinfo!C4 -> Täiskasvanu | AK5: =COUNTA(D5:AI5) -> 0 | AL5: =Üldinfo!AM4 -> 0 | AM5: =AK5/AL5 -> #DIV/0! | AO5: =LEN(D5&E5&F5&G5&H5&I5&J5&K5&L5&M5&N5&O5&P5&Q5&R5&S5&T5&U5&V5&W5&X5&Y5&Z5&AA5&AB5&AC5&AD5&AE5&AF5&AG5&AH5&AI5)-LEN(SUBSTITUTE(D5&E5&F5&G5&H5&I5&J5&K5&L5&M5&N5&O5&P5&Q5&R5&S5&T5&U5&V5&W5&X5&Y5&Z5&AA5&AB5&AC5&AD5&AE5&AF5&AG5&AH5&AI5,"1","")) -> 0 | AP5: =LEN(D5&E5&F5&G5&H5&I5&J5&K5&L5&M5&N5&O5&P5&Q5&R5&S5&T5&U5&V5&W5&X5&Y5&Z5&AA5&AB5&AC5&AD5&AE5&AF5&AG5&AH5&AI5)-LEN(SUBSTITUTE(D5&E5&F5&G5&H5&I5&J5&K5&L5&M5&N5&O5&P5&Q5&R5&S5&T5&U5&V5&W5&X5&Y5&Z5&AA5&AB5&AC5&AD5&AE5&AF5&AG5&AH5&AI5,"2","")) -> 0 | AQ5: =LEN(D5&E5&F5&G5&H5&I5&J5&K5&L5&M5&N5&O5&P5&Q5&R5&S5&T5&U5&V5&W5&X5&Y5&Z5&AA5&AB5&AC5&AD5&AE5&AF5&AG5&AH5&AI5)-LEN(SUBSTITUTE(D5&E5&F5&G5&H5&I5&J5&K5&L5&M5&N5&O5&P5&Q5&R5&S5&T5&U5&V5&W5&X5&Y5&Z5&AA5&AB5&AC5&AD5&AE5&AF5&AG5&AH5&AI5,"3","")) -> 0 | AR5: =SUM(AO5:AQ5) -> 0 | AT5: =COUNTIF(D5:AI5,"*m*") -> 0 | AU5: =COUNTIF(D5:AI5,"*d*") -> 0 | AV5: =COUNTIF(D5:AI5,"*b*") -> 0 | AW5: =COUNTIF(D5:AI5,"*l*") -> 0 | AX5: =COUNTIF(D5:AI5,"*o*") -> 0 | AY5: =SUM(AT5:AX5) -> 0
A6: =Üldinfo!A5 -> 1b | B6: =Üldinfo!B5 -> Alaealine | C6: =Üldinfo!C5 -> Alaealine | AK6: =COUNTA(D6:AI6) -> 0 | AL6: =Üldinfo!AM5 -> 0 | AM6: =AK6/AL6 -> #DIV/0! | AO6: =LEN(D6&E6&F6&G6&H6&I6&J6&K6&L6&M6&N6&O6&P6&Q6&R6&S6&T6&U6&V6&W6&X6&Y6&Z6&AA6&AB6&AC6&AD6&AE6&AF6&AG6&AH6&AI6)-LEN(SUBSTITUTE(D6&E6&F6&G6&H6&I6&J6&K6&L6&M6&N6&O6&P6&Q6&R6&S6&T6&U6&V6&W6&X6&Y6&Z6&AA6&AB6&AC6&AD6&AE6&AF6&AG6&AH6&AI6,"1","")) -> 0 | AP6: =LEN(D6&E6&F6&G6&H6&I6&J6&K6&L6&M6&N6&O6&P6&Q6&R6&S6&T6&U6&V6&W6&X6&Y6&Z6&AA6&AB6&AC6&AD6&AE6&AF6&AG6&AH6&AI6)-LEN(SUBSTITUTE(D6&E6&F6&G6&H6&I6&J6&K6&L6&M6&N6&O6&P6&Q6&R6&S6&T6&U6&V6&W6&X6&Y6&Z6&AA6&AB6&AC6&AD6&AE6&AF6&AG6&AH6&AI6,"2","")) -> 0 | AQ6: =LEN(D6&E6&F6&G6&H6&I6&J6&K6&L6&M6&N6&O6&P6&Q6&R6&S6&T6&U6&V6&W6&X6&Y6&Z6&AA6&AB6&AC6&AD6&AE6&AF6&AG6&AH6&AI6)-LEN(SUBSTITUTE(D6&E6&F6&G6&H6&I6&J6&K6&L6&M6&N6&O6&P6&Q6&R6&S6&T6&U6&V6&W6&X6&Y6&Z6&AA6&AB6&AC6&AD6&AE6&AF6&AG6&AH6&AI6,"3","")) -> 0 | AR6: =SUM(AO6:AQ6) -> 0 | AT6: =COUNTIF(D6:AI6,"*m*") -> 0 | AU6: =COUNTIF(D6:AI6,"*d*") -> 0 | AV6: =COUNTIF(D6:AI6,"*b*") -> 0 | AW6: =COUNTIF(D6:AI6,"*l*") -> 0 | AX6: =COUNTIF(D6:AI6,"*o*") -> 0 | AY6: =SUM(AT6:AX6) -> 0
A7: =Üldinfo!A6 -> 2 | B7: =Üldinfo!B6 -> Naine | C7: =Üldinfo!C6 -> Täiskasvanu | AK7: =COUNTA(D7:AI7) -> 0 | AL7: =Üldinfo!AM6 -> 0 | AM7: =AK7/AL7 -> #DIV/0! | AO7: =LEN(D7&E7&F7&G7&H7&I7&J7&K7&L7&M7&N7&O7&P7&Q7&R7&S7&T7&U7&V7&W7&X7&Y7&Z7&AA7&AB7&AC7&AD7&AE7&AF7&AG7&AH7&AI7)-LEN(SUBSTITUTE(D7&E7&F7&G7&H7&I7&J7&K7&L7&M7&N7&O7&P7&Q7&R7&S7&T7&U7&V7&W7&X7&Y7&Z7&AA7&AB7&AC7&AD7&AE7&AF7&AG7&AH7&AI7,"1","")) -> 0 | AP7: =LEN(D7&E7&F7&G7&H7&I7&J7&K7&L7&M7&N7&O7&P7&Q7&R7&S7&T7&U7&V7&W7&X7&Y7&Z7&AA7&AB7&AC7&AD7&AE7&AF7&AG7&AH7&AI7)-LEN(SUBSTITUTE(D7&E7&F7&G7&H7&I7&J7&K7&L7&M7&N7&O7&P7&Q7&R7&S7&T7&U7&V7&W7&X7&Y7&Z7&AA7&AB7&AC7&AD7&AE7&AF7&AG7&AH7&AI7,"2","")) -> 0 | AQ7: =LEN(D7&E7&F7&G7&H7&I7&J7&K7&L7&M7&N7&O7&P7&Q7&R7&S7&T7&U7&V7&W7&X7&Y7&Z7&AA7&AB7&AC7&AD7&AE7&AF7&AG7&AH7&AI7)-LEN(SUBSTITUTE(D7&E7&F7&G7&H7&I7&J7&K7&L7&M7&N7&O7&P7&Q7&R7&S7&T7&U7&V7&W7&X7&Y7&Z7&AA7&AB7&AC7&AD7&AE7&AF7&AG7&AH7&AI7,"3","")) -> 0 | AR7: =SUM(AO7:AQ7) -> 0 | AT7: =COUNTIF(D7:AI7,"*m*") -> 0 | AU7: =COUNTIF(D7:AI7,"*d*") -> 0 | AV7: =COUNTIF(D7:AI7,"*b*") -> 0 | AW7: =COUNTIF(D7:AI7,"*l*") -> 0 | AX7: =COUNTIF(D7:AI7,"*o*") -> 0 | AY7: =SUM(AT7:AX7) -> 0
A8: =Üldinfo!A7 -> 3 | B8: =Üldinfo!B7 -> Alaealine | C8: =Üldinfo!C7 -> 12-18 a | AK8: =COUNTA(D8:AI8) -> 0 | AL8: =Üldinfo!AM7 -> 26 | AM8: =AK8/AL8 -> 0 | AO8: =LEN(D8&E8&F8&G8&H8&I8&J8&K8&L8&M8&N8&O8&P8&Q8&R8&S8&T8&U8&V8&W8&X8&Y8&Z8&AA8&AB8&AC8&AD8&AE8&AF8&AG8&AH8&AI8)-LEN(SUBSTITUTE(D8&E8&F8&G8&H8&I8&J8&K8&L8&M8&N8&O8&P8&Q8&R8&S8&T8&U8&V8&W8&X8&Y8&Z8&AA8&AB8&AC8&AD8&AE8&AF8&AG8&AH8&AI8,"1","")) -> 0 | AP8: =LEN(D8&E8&F8&G8&H8&I8&J8&K8&L8&M8&N8&O8&P8&Q8&R8&S8&T8&U8&V8&W8&X8&Y8&Z8&AA8&AB8&AC8&AD8&AE8&AF8&AG8&AH8&AI8)-LEN(SUBSTITUTE(D8&E8&F8&G8&H8&I8&J8&K8&L8&M8&N8&O8&P8&Q8&R8&S8&T8&U8&V8&W8&X8&Y8&Z8&AA8&AB8&AC8&AD8&AE8&AF8&AG8&AH8&AI8,"2","")) -> 0 | AQ8: =LEN(D8&E8&F8&G8&H8&I8&J8&K8&L8&M8&N8&O8&P8&Q8&R8&S8&T8&U8&V8&W8&X8&Y8&Z8&AA8&AB8&AC8&AD8&AE8&AF8&AG8&AH8&AI8)-LEN(SUBSTITUTE(D8&E8&F8&G8&H8&I8&J8&K8&L8&M8&N8&O8&P8&Q8&R8&S8&T8&U8&V8&W8&X8&Y8&Z8&AA8&AB8&AC8&AD8&AE8&AF8&AG8&AH8&AI8,"3","")) -> 0 | AR8: =SUM(AO8:AQ8) -> 0 | AT8: =COUNTIF(D8:AI8,"*m*") -> 0 | AU8: =COUNTIF(D8:AI8,"*d*") -> 0 | AV8: =COUNTIF(D8:AI8,"*b*") -> 0 | AW8: =COUNTIF(D8:AI8,"*l*") -> 0 | AX8: =COUNTIF(D8:AI8,"*o*") -> 0 | AY8: =SUM(AT8:AX8) -> 0
A9: =Üldinfo!A8 -> 4 | B9: =Üldinfo!B8 -> Täiskasvanu | C9: =Üldinfo!C8 -> Täiskasvanu | AK9: =COUNTA(D9:AI9) -> 0 | AL9: =Üldinfo!AM8 -> 0 | AM9: =AK9/AL9 -> #DIV/0! | AO9: =LEN(D9&E9&F9&G9&H9&I9&J9&K9&L9&M9&N9&O9&P9&Q9&R9&S9&T9&U9&V9&W9&X9&Y9&Z9&AA9&AB9&AC9&AD9&AE9&AF9&AG9&AH9&AI9)-LEN(SUBSTITUTE(D9&E9&F9&G9&H9&I9&J9&K9&L9&M9&N9&O9&P9&Q9&R9&S9&T9&U9&V9&W9&X9&Y9&Z9&AA9&AB9&AC9&AD9&AE9&AF9&AG9&AH9&AI9,"1","")) -> 0 | AP9: =LEN(D9&E9&F9&G9&H9&I9&J9&K9&L9&M9&N9&O9&P9&Q9&R9&S9&T9&U9&V9&W9&X9&Y9&Z9&AA9&AB9&AC9&AD9&AE9&AF9&AG9&AH9&AI9)-LEN(SUBSTITUTE(D9&E9&F9&G9&H9&I9&J9&K9&L9&M9&N9&O9&P9&Q9&R9&S9&T9&U9&V9&W9&X9&Y9&Z9&AA9&AB9&AC9&AD9&AE9&AF9&AG9&AH9&AI9,"2","")) -> 0 | AQ9: =LEN(D9&E9&F9&G9&H9&I9&J9&K9&L9&M9&N9&O9&P9&Q9&R9&S9&T9&U9&V9&W9&X9&Y9&Z9&AA9&AB9&AC9&AD9&AE9&AF9&AG9&AH9&AI9)-LEN(SUBSTITUTE(D9&E9&F9&G9&H9&I9&J9&K9&L9&M9&N9&O9&P9&Q9&R9&S9&T9&U9&V9&W9&X9&Y9&Z9&AA9&AB9&AC9&AD9&AE9&AF9&AG9&AH9&AI9,"3","")) -> 0 | AR9: =SUM(AO9:AQ9) -> 0 | AT9: =COUNTIF(D9:AI9,"*m*") -> 0 | AU9: =COUNTIF(D9:AI9,"*d*") -> 0 | AV9: =COUNTIF(D9:AI9,"*b*") -> 0 | AW9: =COUNTIF(D9:AI9,"*l*") -> 0 | AX9: =COUNTIF(D9:AI9,"*o*") -> 0 | AY9: =SUM(AT9:AX9) -> 0
A10: =Üldinfo!A9 -> 5 | B10: =Üldinfo!B9 -> Täiskasvanu | C10: =Üldinfo!C9 -> Täiskasvanu | AK10: =COUNTA(D10:AI10) -> 0 | AL10: =Üldinfo!AM9 -> 0 | AM10: =AK10/AL10 -> #DIV/0! | AO10: =LEN(D10&E10&F10&G10&H10&I10&J10&K10&L10&M10&N10&O10&P10&Q10&R10&S10&T10&U10&V10&W10&X10&Y10&Z10&AA10&AB10&AC10&AD10&AE10&AF10&AG10&AH10&AI10)-LEN(SUBSTITUTE(D10&E10&F10&G10&H10&I10&J10&K10&L10&M10&N10&O10&P10&Q10&R10&S10&T10&U10&V10&W10&X10&Y10&Z10&AA10&AB10&AC10&AD10&AE10&AF10&AG10&AH10&AI10,"1","")) -> 0 | AP10: =LEN(D10&E10&F10&G10&H10&I10&J10&K10&L10&M10&N10&O10&P10&Q10&R10&S10&T10&U10&V10&W10&X10&Y10&Z10&AA10&AB10&AC10&AD10&AE10&AF10&AG10&AH10&AI10)-LEN(SUBSTITUTE(D10&E10&F10&G10&H10&I10&J10&K10&L10&M10&N10&O10&P10&Q10&R10&S10&T10&U10&V10&W10&X10&Y10&Z10&AA10&AB10&AC10&AD10&AE10&AF10&AG10&AH10&AI10,"2","")) -> 0 | AQ10: =LEN(D10&E10&F10&G10&H10&I10&J10&K10&L10&M10&N10&O10&P10&Q10&R10&S10&T10&U10&V10&W10&X10&Y10&Z10&AA10&AB10&AC10&AD10&AE10&AF10&AG10&AH10&AI10)-LEN(SUBSTITUTE(D10&E10&F10&G10&H10&I10&J10&K10&L10&M10&N10&O10&P10&Q10&R10&S10&T10&U10&V10&W10&X10&Y10&Z10&AA10&AB10&AC10&AD10&AE10&AF10&AG10&AH10&AI10,"3","")) -> 0 | AR10: =SUM(AO10:AQ10) -> 0 | AT10: =COUNTIF(D10:AI10,"*m*") -> 0 | AU10: =COUNTIF(D10:AI10,"*d*") -> 0 | AV10: =COUNTIF(D10:AI10,"*b*") -> 0 | AW10: =COUNTIF(D10:AI10,"*l*") -> 0 | AX10: =COUNTIF(D10:AI10,"*o*") -> 0 | AY10: =SUM(AT10:AX10) -> 0
A11: =Üldinfo!A10 -> 6 | B11: =Üldinfo!B10 -> Täiskasvanu | C11: =Üldinfo!C10 -> Täiskasvanu | AK11: =COUNTA(D11:AI11) -> 0 | AL11: =Üldinfo!AM10 -> 0 | AM11: =AK11/AL11 -> #DIV/0! | AO11: =LEN(D11&E11&F11&G11&H11&I11&J11&K11&L11&M11&N11&O11&P11&Q11&R11&S11&T11&U11&V11&W11&X11&Y11&Z11&AA11&AB11&AC11&AD11&AE11&AF11&AG11&AH11&AI11)-LEN(SUBSTITUTE(D11&E11&F11&G11&H11&I11&J11&K11&L11&M11&N11&O11&P11&Q11&R11&S11&T11&U11&V11&W11&X11&Y11&Z11&AA11&AB11&AC11&AD11&AE11&AF11&AG11&AH11&AI11,"1","")) -> 0 | AP11: =LEN(D11&E11&F11&G11&H11&I11&J11&K11&L11&M11&N11&O11&P11&Q11&R11&S11&T11&U11&V11&W11&X11&Y11&Z11&AA11&AB11&AC11&AD11&AE11&AF11&AG11&AH11&AI11)-LEN(SUBSTITUTE(D11&E11&F11&G11&H11&I11&J11&K11&L11&M11&N11&O11&P11&Q11&R11&S11&T11&U11&V11&W11&X11&Y11&Z11&AA11&AB11&AC11&AD11&AE11&AF11&AG11&AH11&AI11,"2","")) -> 0 | AQ11: =LEN(D11&E11&F11&G11&H11&I11&J11&K11&L11&M11&N11&O11&P11&Q11&R11&S11&T11&U11&V11&W11&X11&Y11&Z11&AA11&AB11&AC11&AD11&AE11&AF11&AG11&AH11&AI11)-LEN(SUBSTITUTE(D11&E11&F11&G11&H11&I11&J11&K11&L11&M11&N11&O11&P11&Q11&R11&S11&T11&U11&V11&W11&X11&Y11&Z11&AA11&AB11&AC11&AD11&AE11&AF11&AG11&AH11&AI11,"3","")) -> 0 | AR11: =SUM(AO11:AQ11) -> 0 | AT11: =COUNTIF(D11:AI11,"*m*") -> 0 | AU11: =COUNTIF(D11:AI11,"*d*") -> 0 | AV11: =COUNTIF(D11:AI11,"*b*") -> 0 | AW11: =COUNTIF(D11:AI11,"*l*") -> 0 | AX11: =COUNTIF(D11:AI11,"*o*") -> 0 | AY11: =SUM(AT11:AX11) -> 0
A12: =Üldinfo!A11 -> 7 | B12: =Üldinfo!B11 -> Mees | C12: =Üldinfo!C11 -> 25-35 a | E12: 1m | F12: 1b | H12: 1b | I12: 1b1m | J12: 1b | K12: 1b | L12: 1b | M12: 1b | O12: 1b | P12: 1d | R12: 1b | W12: 1m1b1d1l | X12: 1m1b1d1l | Y12: 2b1m1d1l | Z12: 2b1m1d1l | AA12: 2b1m1d1l | AB12: 2b1m1d1l | AC12: 3b1m1d1l | AD12: 1m1b1d1l | AE12: 1m1b1d1l | AF12: 1b | AK12: =COUNTA(D12:AI12) -> 21 | AL12: =Üldinfo!AM11 -> 32 | AM12: =AK12/AL12 -> 0.65625 | AO12: =LEN(D12&E12&F12&G12&H12&I12&J12&K12&L12&M12&N12&O12&P12&Q12&R12&S12&T12&U12&V12&W12&X12&Y12&Z12&AA12&AB12&AC12&AD12&AE12&AF12&AG12&AH12&AI12)-LEN(SUBSTITUTE(D12&E12&F12&G12&H12&I12&J12&K12&L12&M12&N12&O12&P12&Q12&R12&S12&T12&U12&V12&W12&X12&Y12&Z12&AA12&AB12&AC12&AD12&AE12&AF12&AG12&AH12&AI12,"1","")) -> 44 | AP12: =LEN(D12&E12&F12&G12&H12&I12&J12&K12&L12&M12&N12&O12&P12&Q12&R12&S12&T12&U12&V12&W12&X12&Y12&Z12&AA12&AB12&AC12&AD12&AE12&AF12&AG12&AH12&AI12)-LEN(SUBSTITUTE(D12&E12&F12&G12&H12&I12&J12&K12&L12&M12&N12&O12&P12&Q12&R12&S12&T12&U12&V12&W12&X12&Y12&Z12&AA12&AB12&AC12&AD12&AE12&AF12&AG12&AH12&AI12,"2","")) -> 4 | AQ12: =LEN(D12&E12&F12&G12&H12&I12&J12&K12&L12&M12&N12&O12&P12&Q12&R12&S12&T12&U12&V12&W12&X12&Y12&Z12&AA12&AB12&AC12&AD12&AE12&AF12&AG12&AH12&AI12)-LEN(SUBSTITUTE(D12&E12&F12&G12&H12&I12&J12&K12&L12&M12&N12&O12&P12&Q12&R12&S12&T12&U12&V12&W12&X12&Y12&Z12&AA12&AB12&AC12&AD12&AE12&AF12&AG12&AH12&AI12,"3","")) -> 1 | AR12: =SUM(AO12:AQ12) -> 49 | AT12: =COUNTIF(D12:AI12,"*m*") -> 11 | AU12: =COUNTIF(D12:AI12,"*d*") -> 10 | AV12: =COUNTIF(D12:AI12,"*b*") -> 19 | AW12: =COUNTIF(D12:AI12,"*l*") -> 9 | AX12: =COUNTIF(D12:AI12,"*o*") -> 0 | AY12: =SUM(AT12:AX12) -> 49
A13: =Üldinfo!A12 -> 8 | B13: =Üldinfo!B12 -> Täiskasvanu | C13: =Üldinfo!C12 -> Täiskasvanu | AK13: =COUNTA(D13:AI13) -> 0 | AL13: =Üldinfo!AM12 -> 0 | AM13: =AK13/AL13 -> #DIV/0! | AO13: =LEN(D13&E13&F13&G13&H13&I13&J13&K13&L13&M13&N13&O13&P13&Q13&R13&S13&T13&U13&V13&W13&X13&Y13&Z13&AA13&AB13&AC13&AD13&AE13&AF13&AG13&AH13&AI13)-LEN(SUBSTITUTE(D13&E13&F13&G13&H13&I13&J13&K13&L13&M13&N13&O13&P13&Q13&R13&S13&T13&U13&V13&W13&X13&Y13&Z13&AA13&AB13&AC13&AD13&AE13&AF13&AG13&AH13&AI13,"1","")) -> 0 | AP13: =LEN(D13&E13&F13&G13&H13&I13&J13&K13&L13&M13&N13&O13&P13&Q13&R13&S13&T13&U13&V13&W13&X13&Y13&Z13&AA13&AB13&AC13&AD13&AE13&AF13&AG13&AH13&AI13)-LEN(SUBSTITUTE(D13&E13&F13&G13&H13&I13&J13&K13&L13&M13&N13&O13&P13&Q13&R13&S13&T13&U13&V13&W13&X13&Y13&Z13&AA13&AB13&AC13&AD13&AE13&AF13&AG13&AH13&AI13,"2","")) -> 0 | AQ13: =LEN(D13&E13&F13&G13&H13&I13&J13&K13&L13&M13&N13&O13&P13&Q13&R13&S13&T13&U13&V13&W13&X13&Y13&Z13&AA13&AB13&AC13&AD13&AE13&AF13&AG13&AH13&AI13)-LEN(SUBSTITUTE(D13&E13&F13&G13&H13&I13&J13&K13&L13&M13&N13&O13&P13&Q13&R13&S13&T13&U13&V13&W13&X13&Y13&Z13&AA13&AB13&AC13&AD13&AE13&AF13&AG13&AH13&AI13,"3","")) -> 0 | AR13: =SUM(AO13:AQ13) -> 0 | AT13: =COUNTIF(D13:AI13,"*m*") -> 0 | AU13: =COUNTIF(D13:AI13,"*d*") -> 0 | AV13: =COUNTIF(D13:AI13,"*b*") -> 0 | AW13: =COUNTIF(D13:AI13,"*l*") -> 0 | AX13: =COUNTIF(D13:AI13,"*o*") -> 0 | AY13: =SUM(AT13:AX13) -> 0
A14: =Üldinfo!A13 -> 9 | B14: =Üldinfo!B13 -> Naine | C14: =Üldinfo!C13 -> 25-35 a | D14: 1m | E14: 1d | K14: 1b1d | R14: 1d | Y14: 1m1b1d1l | Z14: 1m1b1d1l | AA14: 1b | AD14: 1b | AG14: 1b | AK14: =COUNTA(D14:AI14) -> 9 | AL14: =Üldinfo!AM13 -> 31 | AM14: =AK14/AL14 -> 0.29032258 | AO14: =LEN(D14&E14&F14&G14&H14&I14&J14&K14&L14&M14&N14&O14&P14&Q14&R14&S14&T14&U14&V14&W14&X14&Y14&Z14&AA14&AB14&AC14&AD14&AE14&AF14&AG14&AH14&AI14)-LEN(SUBSTITUTE(D14&E14&F14&G14&H14&I14&J14&K14&L14&M14&N14&O14&P14&Q14&R14&S14&T14&U14&V14&W14&X14&Y14&Z14&AA14&AB14&AC14&AD14&AE14&AF14&AG14&AH14&AI14,"1","")) -> 16 | AP14: =LEN(D14&E14&F14&G14&H14&I14&J14&K14&L14&M14&N14&O14&P14&Q14&R14&S14&T14&U14&V14&W14&X14&Y14&Z14&AA14&AB14&AC14&AD14&AE14&AF14&AG14&AH14&AI14)-LEN(SUBSTITUTE(D14&E14&F14&G14&H14&I14&J14&K14&L14&M14&N14&O14&P14&Q14&R14&S14&T14&U14&V14&W14&X14&Y14&Z14&AA14&AB14&AC14&AD14&AE14&AF14&AG14&AH14&AI14,"2","")) -> 0 | AQ14: =LEN(D14&E14&F14&G14&H14&I14&J14&K14&L14&M14&N14&O14&P14&Q14&R14&S14&T14&U14&V14&W14&X14&Y14&Z14&AA14&AB14&AC14&AD14&AE14&AF14&AG14&AH14&AI14)-LEN(SUBSTITUTE(D14&E14&F14&G14&H14&I14&J14&K14&L14&M14&N14&O14&P14&Q14&R14&S14&T14&U14&V14&W14&X14&Y14&Z14&AA14&AB14&AC14&AD14&AE14&AF14&AG14&AH14&AI14,"3","")) -> 0 | AR14: =SUM(AO14:AQ14) -> 16 | AT14: =COUNTIF(D14:AI14,"*m*") -> 3 | AU14: =COUNTIF(D14:AI14,"*d*") -> 5 | AV14: =COUNTIF(D14:AI14,"*b*") -> 6 | AW14: =COUNTIF(D14:AI14,"*l*") -> 2 | AX14: =COUNTIF(D14:AI14,"*o*") -> 0 | AY14: =SUM(AT14:AX14) -> 16
A15: =Üldinfo!A14 -> 10 | B15: =Üldinfo!B14 -> Täiskasvanu | C15: =Üldinfo!C14 -> Täiskasvanu | AK15: =COUNTA(D15:AI15) -> 0 | AL15: =Üldinfo!AM14 -> 0 | AM15: =AK15/AL15 -> #DIV/0! | AO15: =LEN(D15&E15&F15&G15&H15&I15&J15&K15&L15&M15&N15&O15&P15&Q15&R15&S15&T15&U15&V15&W15&X15&Y15&Z15&AA15&AB15&AC15&AD15&AE15&AF15&AG15&AH15&AI15)-LEN(SUBSTITUTE(D15&E15&F15&G15&H15&I15&J15&K15&L15&M15&N15&O15&P15&Q15&R15&S15&T15&U15&V15&W15&X15&Y15&Z15&AA15&AB15&AC15&AD15&AE15&AF15&AG15&AH15&AI15,"1","")) -> 0 | AP15: =LEN(D15&E15&F15&G15&H15&I15&J15&K15&L15&M15&N15&O15&P15&Q15&R15&S15&T15&U15&V15&W15&X15&Y15&Z15&AA15&AB15&AC15&AD15&AE15&AF15&AG15&AH15&AI15)-LEN(SUBSTITUTE(D15&E15&F15&G15&H15&I15&J15&K15&L15&M15&N15&O15&P15&Q15&R15&S15&T15&U15&V15&W15&X15&Y15&Z15&AA15&AB15&AC15&AD15&AE15&AF15&AG15&AH15&AI15,"2","")) -> 0 | AQ15: =LEN(D15&E15&F15&G15&H15&I15&J15&K15&L15&M15&N15&O15&P15&Q15&R15&S15&T15&U15&V15&W15&X15&Y15&Z15&AA15&AB15&AC15&AD15&AE15&AF15&AG15&AH15&AI15)-LEN(SUBSTITUTE(D15&E15&F15&G15&H15&I15&J15&K15&L15&M15&N15&O15&P15&Q15&R15&S15&T15&U15&V15&W15&X15&Y15&Z15&AA15&AB15&AC15&AD15&AE15&AF15&AG15&AH15&AI15,"3","")) -> 0 | AR15: =SUM(AO15:AQ15) -> 0 | AT15: =COUNTIF(D15:AI15,"*m*") -> 0 | AU15: =COUNTIF(D15:AI15,"*d*") -> 0 | AV15: =COUNTIF(D15:AI15,"*b*") -> 0 | AW15: =COUNTIF(D15:AI15,"*l*") -> 0 | AX15: =COUNTIF(D15:AI15,"*o*") -> 0 | AY15: =SUM(AT15:AX15) -> 0
A16: =Üldinfo!A15 -> 11 | B16: =Üldinfo!B15 -> Täiskasvanu | C16: =Üldinfo!C15 -> Täiskasvanu | AK16: =COUNTA(D16:AI16) -> 0 | AL16: =Üldinfo!AM15 -> 0 | AM16: =AK16/AL16 -> #DIV/0! | AO16: =LEN(D16&E16&F16&G16&H16&I16&J16&K16&L16&M16&N16&O16&P16&Q16&R16&S16&T16&U16&V16&W16&X16&Y16&Z16&AA16&AB16&AC16&AD16&AE16&AF16&AG16&AH16&AI16)-LEN(SUBSTITUTE(D16&E16&F16&G16&H16&I16&J16&K16&L16&M16&N16&O16&P16&Q16&R16&S16&T16&U16&V16&W16&X16&Y16&Z16&AA16&AB16&AC16&AD16&AE16&AF16&AG16&AH16&AI16,"1","")) -> 0 | AP16: =LEN(D16&E16&F16&G16&H16&I16&J16&K16&L16&M16&N16&O16&P16&Q16&R16&S16&T16&U16&V16&W16&X16&Y16&Z16&AA16&AB16&AC16&AD16&AE16&AF16&AG16&AH16&AI16)-LEN(SUBSTITUTE(D16&E16&F16&G16&H16&I16&J16&K16&L16&M16&N16&O16&P16&Q16&R16&S16&T16&U16&V16&W16&X16&Y16&Z16&AA16&AB16&AC16&AD16&AE16&AF16&AG16&AH16&AI16,"2","")) -> 0 | AQ16: =LEN(D16&E16&F16&G16&H16&I16&J16&K16&L16&M16&N16&O16&P16&Q16&R16&S16&T16&U16&V16&W16&X16&Y16&Z16&AA16&AB16&AC16&AD16&AE16&AF16&AG16&AH16&AI16)-LEN(SUBSTITUTE(D16&E16&F16&G16&H16&I16&J16&K16&L16&M16&N16&O16&P16&Q16&R16&S16&T16&U16&V16&W16&X16&Y16&Z16&AA16&AB16&AC16&AD16&AE16&AF16&AG16&AH16&AI16,"3","")) -> 0 | AR16: =SUM(AO16:AQ16) -> 0 | AT16: =COUNTIF(D16:AI16,"*m*") -> 0 | AU16: =COUNTIF(D16:AI16,"*d*") -> 0 | AV16: =COUNTIF(D16:AI16,"*b*") -> 0 | AW16: =COUNTIF(D16:AI16,"*l*") -> 0 | AX16: =COUNTIF(D16:AI16,"*o*") -> 0 | AY16: =SUM(AT16:AX16) -> 0
A17: =Üldinfo!A16 -> 12 | B17: =Üldinfo!B16 -> Naine | C17: =Üldinfo!C16 -> 25-30 a | I17: 1b | Z17: 1b | AA17: 1b | AB17: 1b | AC17: 1b | AK17: =COUNTA(D17:AI17) -> 5 | AL17: =Üldinfo!AM16 -> 19 | AM17: =AK17/AL17 -> 0.26315789 | AO17: =LEN(D17&E17&F17&G17&H17&I17&J17&K17&L17&M17&N17&O17&P17&Q17&R17&S17&T17&U17&V17&W17&X17&Y17&Z17&AA17&AB17&AC17&AD17&AE17&AF17&AG17&AH17&AI17)-LEN(SUBSTITUTE(D17&E17&F17&G17&H17&I17&J17&K17&L17&M17&N17&O17&P17&Q17&R17&S17&T17&U17&V17&W17&X17&Y17&Z17&AA17&AB17&AC17&AD17&AE17&AF17&AG17&AH17&AI17,"1","")) -> 5 | AP17: =LEN(D17&E17&F17&G17&H17&I17&J17&K17&L17&M17&N17&O17&P17&Q17&R17&S17&T17&U17&V17&W17&X17&Y17&Z17&AA17&AB17&AC17&AD17&AE17&AF17&AG17&AH17&AI17)-LEN(SUBSTITUTE(D17&E17&F17&G17&H17&I17&J17&K17&L17&M17&N17&O17&P17&Q17&R17&S17&T17&U17&V17&W17&X17&Y17&Z17&AA17&AB17&AC17&AD17&AE17&AF17&AG17&AH17&AI17,"2","")) -> 0 | AQ17: =LEN(D17&E17&F17&G17&H17&I17&J17&K17&L17&M17&N17&O17&P17&Q17&R17&S17&T17&U17&V17&W17&X17&Y17&Z17&AA17&AB17&AC17&AD17&AE17&AF17&AG17&AH17&AI17)-LEN(SUBSTITUTE(D17&E17&F17&G17&H17&I17&J17&K17&L17&M17&N17&O17&P17&Q17&R17&S17&T17&U17&V17&W17&X17&Y17&Z17&AA17&AB17&AC17&AD17&AE17&AF17&AG17&AH17&AI17,"3","")) -> 0 | AR17: =SUM(AO17:AQ17) -> 5 | AT17: =COUNTIF(D17:AI17,"*m*") -> 0 | AU17: =COUNTIF(D17:AI17,"*d*") -> 0 | AV17: =COUNTIF(D17:AI17,"*b*") -> 5 | AW17: =COUNTIF(D17:AI17,"*l*") -> 0 | AX17: =COUNTIF(D17:AI17,"*o*") -> 0 | AY17: =SUM(AT17:AX17) -> 5
A18: =Üldinfo!A17 -> 14 | B18: =Üldinfo!B17 -> Alaealine | C18: =Üldinfo!C17 -> Alaealine | AK18: =COUNTA(D18:AI18) -> 0 | AL18: =Üldinfo!AM17 -> 0 | AM18: =AK18/AL18 -> #DIV/0! | AO18: =LEN(D18&E18&F18&G18&H18&I18&J18&K18&L18&M18&N18&O18&P18&Q18&R18&S18&T18&U18&V18&W18&X18&Y18&Z18&AA18&AB18&AC18&AD18&AE18&AF18&AG18&AH18&AI18)-LEN(SUBSTITUTE(D18&E18&F18&G18&H18&I18&J18&K18&L18&M18&N18&O18&P18&Q18&R18&S18&T18&U18&V18&W18&X18&Y18&Z18&AA18&AB18&AC18&AD18&AE18&AF18&AG18&AH18&AI18,"1","")) -> 0 | AP18: =LEN(D18&E18&F18&G18&H18&I18&J18&K18&L18&M18&N18&O18&P18&Q18&R18&S18&T18&U18&V18&W18&X18&Y18&Z18&AA18&AB18&AC18&AD18&AE18&AF18&AG18&AH18&AI18)-LEN(SUBSTITUTE(D18&E18&F18&G18&H18&I18&J18&K18&L18&M18&N18&O18&P18&Q18&R18&S18&T18&U18&V18&W18&X18&Y18&Z18&AA18&AB18&AC18&AD18&AE18&AF18&AG18&AH18&AI18,"2","")) -> 0 | AQ18: =LEN(D18&E18&F18&G18&H18&I18&J18&K18&L18&M18&N18&O18&P18&Q18&R18&S18&T18&U18&V18&W18&X18&Y18&Z18&AA18&AB18&AC18&AD18&AE18&AF18&AG18&AH18&AI18)-LEN(SUBSTITUTE(D18&E18&F18&G18&H18&I18&J18&K18&L18&M18&N18&O18&P18&Q18&R18&S18&T18&U18&V18&W18&X18&Y18&Z18&AA18&AB18&AC18&AD18&AE18&AF18&AG18&AH18&AI18,"3","")) -> 0 | AR18: =SUM(AO18:AQ18) -> 0 | AT18: =COUNTIF(D18:AI18,"*m*") -> 0 | AU18: =COUNTIF(D18:AI18,"*d*") -> 0 | AV18: =COUNTIF(D18:AI18,"*b*") -> 0 | AW18: =COUNTIF(D18:AI18,"*l*") -> 0 | AX18: =COUNTIF(D18:AI18,"*o*") -> 0 | AY18: =SUM(AT18:AX18) -> 0
A19: =Üldinfo!A18 -> 15 | B19: =Üldinfo!B18 -> Täiskasvanu | C19: =Üldinfo!C18 -> Täiskasvanu | AK19: =COUNTA(D19:AI19) -> 0 | AL19: =Üldinfo!AM18 -> 0 | AM19: =AK19/AL19 -> #DIV/0! | AO19: =LEN(D19&E19&F19&G19&H19&I19&J19&K19&L19&M19&N19&O19&P19&Q19&R19&S19&T19&U19&V19&W19&X19&Y19&Z19&AA19&AB19&AC19&AD19&AE19&AF19&AG19&AH19&AI19)-LEN(SUBSTITUTE(D19&E19&F19&G19&H19&I19&J19&K19&L19&M19&N19&O19&P19&Q19&R19&S19&T19&U19&V19&W19&X19&Y19&Z19&AA19&AB19&AC19&AD19&AE19&AF19&AG19&AH19&AI19,"1","")) -> 0 | AP19: =LEN(D19&E19&F19&G19&H19&I19&J19&K19&L19&M19&N19&O19&P19&Q19&R19&S19&T19&U19&V19&W19&X19&Y19&Z19&AA19&AB19&AC19&AD19&AE19&AF19&AG19&AH19&AI19)-LEN(SUBSTITUTE(D19&E19&F19&G19&H19&I19&J19&K19&L19&M19&N19&O19&P19&Q19&R19&S19&T19&U19&V19&W19&X19&Y19&Z19&AA19&AB19&AC19&AD19&AE19&AF19&AG19&AH19&AI19,"2","")) -> 0 | AQ19: =LEN(D19&E19&F19&G19&H19&I19&J19&K19&L19&M19&N19&O19&P19&Q19&R19&S19&T19&U19&V19&W19&X19&Y19&Z19&AA19&AB19&AC19&AD19&AE19&AF19&AG19&AH19&AI19)-LEN(SUBSTITUTE(D19&E19&F19&G19&H19&I19&J19&K19&L19&M19&N19&O19&P19&Q19&R19&S19&T19&U19&V19&W19&X19&Y19&Z19&AA19&AB19&AC19&AD19&AE19&AF19&AG19&AH19&AI19,"3","")) -> 0 | AR19: =SUM(AO19:AQ19) -> 0 | AT19: =COUNTIF(D19:AI19,"*m*") -> 0 | AU19: =COUNTIF(D19:AI19,"*d*") -> 0 | AV19: =COUNTIF(D19:AI19,"*b*") -> 0 | AW19: =COUNTIF(D19:AI19,"*l*") -> 0 | AX19: =COUNTIF(D19:AI19,"*o*") -> 0 | AY19: =SUM(AT19:AX19) -> 0
A20: =Üldinfo!A19 -> 16 | B20: =Üldinfo!B19 -> Täiskasvanu | C20: =Üldinfo!C19 -> Täiskasvanu | AK20: =COUNTA(D20:AI20) -> 0 | AL20: =Üldinfo!AM19 -> 0 | AM20: =AK20/AL20 -> #DIV/0! | AO20: =LEN(D20&E20&F20&G20&H20&I20&J20&K20&L20&M20&N20&O20&P20&Q20&R20&S20&T20&U20&V20&W20&X20&Y20&Z20&AA20&AB20&AC20&AD20&AE20&AF20&AG20&AH20&AI20)-LEN(SUBSTITUTE(D20&E20&F20&G20&H20&I20&J20&K20&L20&M20&N20&O20&P20&Q20&R20&S20&T20&U20&V20&W20&X20&Y20&Z20&AA20&AB20&AC20&AD20&AE20&AF20&AG20&AH20&AI20,"1","")) -> 0 | AP20: =LEN(D20&E20&F20&G20&H20&I20&J20&K20&L20&M20&N20&O20&P20&Q20&R20&S20&T20&U20&V20&W20&X20&Y20&Z20&AA20&AB20&AC20&AD20&AE20&AF20&AG20&AH20&AI20)-LEN(SUBSTITUTE(D20&E20&F20&G20&H20&I20&J20&K20&L20&M20&N20&O20&P20&Q20&R20&S20&T20&U20&V20&W20&X20&Y20&Z20&AA20&AB20&AC20&AD20&AE20&AF20&AG20&AH20&AI20,"2","")) -> 0 | AQ20: =LEN(D20&E20&F20&G20&H20&I20&J20&K20&L20&M20&N20&O20&P20&Q20&R20&S20&T20&U20&V20&W20&X20&Y20&Z20&AA20&AB20&AC20&AD20&AE20&AF20&AG20&AH20&AI20)-LEN(SUBSTITUTE(D20&E20&F20&G20&H20&I20&J20&K20&L20&M20&N20&O20&P20&Q20&R20&S20&T20&U20&V20&W20&X20&Y20&Z20&AA20&AB20&AC20&AD20&AE20&AF20&AG20&AH20&AI20,"3","")) -> 0 | AR20: =SUM(AO20:AQ20) -> 0 | AT20: =COUNTIF(D20:AI20,"*m*") -> 0 | AU20: =COUNTIF(D20:AI20,"*d*") -> 0 | AV20: =COUNTIF(D20:AI20,"*b*") -> 0 | AW20: =COUNTIF(D20:AI20,"*l*") -> 0 | AX20: =COUNTIF(D20:AI20,"*o*") -> 0 | AY20: =SUM(AT20:AX20) -> 0
A21: =Üldinfo!A20 -> 17 | B21: =Üldinfo!B20 -> Täiskasvanu | C21: =Üldinfo!C20 -> Täiskasvanu | AK21: =COUNTA(D21:AI21) -> 0 | AL21: =Üldinfo!AM20 -> 0 | AM21: =AK21/AL21 -> #DIV/0! | AO21: =LEN(D21&E21&F21&G21&H21&I21&J21&K21&L21&M21&N21&O21&P21&Q21&R21&S21&T21&U21&V21&W21&X21&Y21&Z21&AA21&AB21&AC21&AD21&AE21&AF21&AG21&AH21&AI21)-LEN(SUBSTITUTE(D21&E21&F21&G21&H21&I21&J21&K21&L21&M21&N21&O21&P21&Q21&R21&S21&T21&U21&V21&W21&X21&Y21&Z21&AA21&AB21&AC21&AD21&AE21&AF21&AG21&AH21&AI21,"1","")) -> 0 | AP21: =LEN(D21&E21&F21&G21&H21&I21&J21&K21&L21&M21&N21&O21&P21&Q21&R21&S21&T21&U21&V21&W21&X21&Y21&Z21&AA21&AB21&AC21&AD21&AE21&AF21&AG21&AH21&AI21)-LEN(SUBSTITUTE(D21&E21&F21&G21&H21&I21&J21&K21&L21&M21&N21&O21&P21&Q21&R21&S21&T21&U21&V21&W21&X21&Y21&Z21&AA21&AB21&AC21&AD21&AE21&AF21&AG21&AH21&AI21,"2","")) -> 0 | AQ21: =LEN(D21&E21&F21&G21&H21&I21&J21&K21&L21&M21&N21&O21&P21&Q21&R21&S21&T21&U21&V21&W21&X21&Y21&Z21&AA21&AB21&AC21&AD21&AE21&AF21&AG21&AH21&AI21)-LEN(SUBSTITUTE(D21&E21&F21&G21&H21&I21&J21&K21&L21&M21&N21&O21&P21&Q21&R21&S21&T21&U21&V21&W21&X21&Y21&Z21&AA21&AB21&AC21&AD21&AE21&AF21&AG21&AH21&AI21,"3","")) -> 0 | AR21: =SUM(AO21:AQ21) -> 0 | AT21: =COUNTIF(D21:AI21,"*m*") -> 0 | AU21: =COUNTIF(D21:AI21,"*d*") -> 0 | AV21: =COUNTIF(D21:AI21,"*b*") -> 0 | AW21: =COUNTIF(D21:AI21,"*l*") -> 0 | AX21: =COUNTIF(D21:AI21,"*o*") -> 0 | AY21: =SUM(AT21:AX21) -> 0
A22: =Üldinfo!A21 -> 19 | B22: =Üldinfo!B21 -> Mees | C22: =Üldinfo!C21 -> Täiskasvanu | AK22: =COUNTA(D22:AI22) -> 0 | AL22: =Üldinfo!AM21 -> 1 | AM22: =AK22/AL22 -> 0 | AO22: =LEN(D22&E22&F22&G22&H22&I22&J22&K22&L22&M22&N22&O22&P22&Q22&R22&S22&T22&U22&V22&W22&X22&Y22&Z22&AA22&AB22&AC22&AD22&AE22&AF22&AG22&AH22&AI22)-LEN(SUBSTITUTE(D22&E22&F22&G22&H22&I22&J22&K22&L22&M22&N22&O22&P22&Q22&R22&S22&T22&U22&V22&W22&X22&Y22&Z22&AA22&AB22&AC22&AD22&AE22&AF22&AG22&AH22&AI22,"1","")) -> 0 | AP22: =LEN(D22&E22&F22&G22&H22&I22&J22&K22&L22&M22&N22&O22&P22&Q22&R22&S22&T22&U22&V22&W22&X22&Y22&Z22&AA22&AB22&AC22&AD22&AE22&AF22&AG22&AH22&AI22)-LEN(SUBSTITUTE(D22&E22&F22&G22&H22&I22&J22&K22&L22&M22&N22&O22&P22&Q22&R22&S22&T22&U22&V22&W22&X22&Y22&Z22&AA22&AB22&AC22&AD22&AE22&AF22&AG22&AH22&AI22,"2","")) -> 0 | AQ22: =LEN(D22&E22&F22&G22&H22&I22&J22&K22&L22&M22&N22&O22&P22&Q22&R22&S22&T22&U22&V22&W22&X22&Y22&Z22&AA22&AB22&AC22&AD22&AE22&AF22&AG22&AH22&AI22)-LEN(SUBSTITUTE(D22&E22&F22&G22&H22&I22&J22&K22&L22&M22&N22&O22&P22&Q22&R22&S22&T22&U22&V22&W22&X22&Y22&Z22&AA22&AB22&AC22&AD22&AE22&AF22&AG22&AH22&AI22,"3","")) -> 0 | AR22: =SUM(AO22:AQ22) -> 0 | AT22: =COUNTIF(D22:AI22,"*m*") -> 0 | AU22: =COUNTIF(D22:AI22,"*d*") -> 0 | AV22: =COUNTIF(D22:AI22,"*b*") -> 0 | AW22: =COUNTIF(D22:AI22,"*l*") -> 0 | AX22: =COUNTIF(D22:AI22,"*o*") -> 0 | AY22: =SUM(AT22:AX22) -> 0
A23: =Üldinfo!A22 -> 20 | B23: =Üldinfo!B22 -> Mees | C23: =Üldinfo!C22 -> Täiskasvanu | AK23: =COUNTA(D23:AI23) -> 0 | AL23: =Üldinfo!AM22 -> 1 | AM23: =AK23/AL23 -> 0 | AO23: =LEN(D23&E23&F23&G23&H23&I23&J23&K23&L23&M23&N23&O23&P23&Q23&R23&S23&T23&U23&V23&W23&X23&Y23&Z23&AA23&AB23&AC23&AD23&AE23&AF23&AG23&AH23&AI23)-LEN(SUBSTITUTE(D23&E23&F23&G23&H23&I23&J23&K23&L23&M23&N23&O23&P23&Q23&R23&S23&T23&U23&V23&W23&X23&Y23&Z23&AA23&AB23&AC23&AD23&AE23&AF23&AG23&AH23&AI23,"1","")) -> 0 | AP23: =LEN(D23&E23&F23&G23&H23&I23&J23&K23&L23&M23&N23&O23&P23&Q23&R23&S23&T23&U23&V23&W23&X23&Y23&Z23&AA23&AB23&AC23&AD23&AE23&AF23&AG23&AH23&AI23)-LEN(SUBSTITUTE(D23&E23&F23&G23&H23&I23&J23&K23&L23&M23&N23&O23&P23&Q23&R23&S23&T23&U23&V23&W23&X23&Y23&Z23&AA23&AB23&AC23&AD23&AE23&AF23&AG23&AH23&AI23,"2","")) -> 0 | AQ23: =LEN(D23&E23&F23&G23&H23&I23&J23&K23&L23&M23&N23&O23&P23&Q23&R23&S23&T23&U23&V23&W23&X23&Y23&Z23&AA23&AB23&AC23&AD23&AE23&AF23&AG23&AH23&AI23)-LEN(SUBSTITUTE(D23&E23&F23&G23&H23&I23&J23&K23&L23&M23&N23&O23&P23&Q23&R23&S23&T23&U23&V23&W23&X23&Y23&Z23&AA23&AB23&AC23&AD23&AE23&AF23&AG23&AH23&AI23,"3","")) -> 0 | AR23: =SUM(AO23:AQ23) -> 0 | AT23: =COUNTIF(D23:AI23,"*m*") -> 0 | AU23: =COUNTIF(D23:AI23,"*d*") -> 0 | AV23: =COUNTIF(D23:AI23,"*b*") -> 0 | AW23: =COUNTIF(D23:AI23,"*l*") -> 0 | AX23: =COUNTIF(D23:AI23,"*o*") -> 0 | AY23: =SUM(AT23:AX23) -> 0
A24: =Üldinfo!A23 -> 21 | B24: =Üldinfo!B23 -> Naine | C24: =Üldinfo!C23 -> 20-25 a | I24: 1b | T24: 1l | U24: 1l | Y24: 1b | Z24: 1b | AA24: 1b | AB24: 1b | AC24: 1b | AD24: 1b | AG24: 1l | AK24: =COUNTA(D24:AI24) -> 10 | AL24: =Üldinfo!AM23 -> 30 | AM24: =AK24/AL24 -> 0.33333333 | AO24: =LEN(D24&E24&F24&G24&H24&I24&J24&K24&L24&M24&N24&O24&P24&Q24&R24&S24&T24&U24&V24&W24&X24&Y24&Z24&AA24&AB24&AC24&AD24&AE24&AF24&AG24&AH24&AI24)-LEN(SUBSTITUTE(D24&E24&F24&G24&H24&I24&J24&K24&L24&M24&N24&O24&P24&Q24&R24&S24&T24&U24&V24&W24&X24&Y24&Z24&AA24&AB24&AC24&AD24&AE24&AF24&AG24&AH24&AI24,"1","")) -> 10 | AP24: =LEN(D24&E24&F24&G24&H24&I24&J24&K24&L24&M24&N24&O24&P24&Q24&R24&S24&T24&U24&V24&W24&X24&Y24&Z24&AA24&AB24&AC24&AD24&AE24&AF24&AG24&AH24&AI24)-LEN(SUBSTITUTE(D24&E24&F24&G24&H24&I24&J24&K24&L24&M24&N24&O24&P24&Q24&R24&S24&T24&U24&V24&W24&X24&Y24&Z24&AA24&AB24&AC24&AD24&AE24&AF24&AG24&AH24&AI24,"2","")) -> 0 | AQ24: =LEN(D24&E24&F24&G24&H24&I24&J24&K24&L24&M24&N24&O24&P24&Q24&R24&S24&T24&U24&V24&W24&X24&Y24&Z24&AA24&AB24&AC24&AD24&AE24&AF24&AG24&AH24&AI24)-LEN(SUBSTITUTE(D24&E24&F24&G24&H24&I24&J24&K24&L24&M24&N24&O24&P24&Q24&R24&S24&T24&U24&V24&W24&X24&Y24&Z24&AA24&AB24&AC24&AD24&AE24&AF24&AG24&AH24&AI24,"3","")) -> 0 | AR24: =SUM(AO24:AQ24) -> 10 | AT24: =COUNTIF(D24:AI24,"*m*") -> 0 | AU24: =COUNTIF(D24:AI24,"*d*") -> 0 | AV24: =COUNTIF(D24:AI24,"*b*") -> 7 | AW24: =COUNTIF(D24:AI24,"*l*") -> 3 | AX24: =COUNTIF(D24:AI24,"*o*") -> 0 | AY24: =SUM(AT24:AX24) -> 10
A25: =Üldinfo!A24 -> 22 | B25: =Üldinfo!B24 -> Naine | C25: =Üldinfo!C24 -> 17-20 a | AK25: =COUNTA(D25:AI25) -> 0 | AL25: =Üldinfo!AM24 -> 29 | AM25: =AK25/AL25 -> 0 | AO25: =LEN(D25&E25&F25&G25&H25&I25&J25&K25&L25&M25&N25&O25&P25&Q25&R25&S25&T25&U25&V25&W25&X25&Y25&Z25&AA25&AB25&AC25&AD25&AE25&AF25&AG25&AH25&AI25)-LEN(SUBSTITUTE(D25&E25&F25&G25&H25&I25&J25&K25&L25&M25&N25&O25&P25&Q25&R25&S25&T25&U25&V25&W25&X25&Y25&Z25&AA25&AB25&AC25&AD25&AE25&AF25&AG25&AH25&AI25,"1","")) -> 0 | AP25: =LEN(D25&E25&F25&G25&H25&I25&J25&K25&L25&M25&N25&O25&P25&Q25&R25&S25&T25&U25&V25&W25&X25&Y25&Z25&AA25&AB25&AC25&AD25&AE25&AF25&AG25&AH25&AI25)-LEN(SUBSTITUTE(D25&E25&F25&G25&H25&I25&J25&K25&L25&M25&N25&O25&P25&Q25&R25&S25&T25&U25&V25&W25&X25&Y25&Z25&AA25&AB25&AC25&AD25&AE25&AF25&AG25&AH25&AI25,"2","")) -> 0 | AQ25: =LEN(D25&E25&F25&G25&H25&I25&J25&K25&L25&M25&N25&O25&P25&Q25&R25&S25&T25&U25&V25&W25&X25&Y25&Z25&AA25&AB25&AC25&AD25&AE25&AF25&AG25&AH25&AI25)-LEN(SUBSTITUTE(D25&E25&F25&G25&H25&I25&J25&K25&L25&M25&N25&O25&P25&Q25&R25&S25&T25&U25&V25&W25&X25&Y25&Z25&AA25&AB25&AC25&AD25&AE25&AF25&AG25&AH25&AI25,"3","")) -> 0 | AR25: =SUM(AO25:AQ25) -> 0 | AT25: =COUNTIF(D25:AI25,"*m*") -> 0 | AU25: =COUNTIF(D25:AI25,"*d*") -> 0 | AV25: =COUNTIF(D25:AI25,"*b*") -> 0 | AW25: =COUNTIF(D25:AI25,"*l*") -> 0 | AX25: =COUNTIF(D25:AI25,"*o*") -> 0 | AY25: =SUM(AT25:AX25) -> 0
A26: =Üldinfo!A25 -> 23 | B26: =Üldinfo!B25 -> Alaealine | C26: =Üldinfo!C25 -> 10 a ± 30k | Q26: 1l | AK26: =COUNTA(D26:AI26) -> 1 | AL26: =Üldinfo!AM25 -> 20 | AM26: =AK26/AL26 -> 0.05 | AO26: =LEN(D26&E26&F26&G26&H26&I26&J26&K26&L26&M26&N26&O26&P26&Q26&R26&S26&T26&U26&V26&W26&X26&Y26&Z26&AA26&AB26&AC26&AD26&AE26&AF26&AG26&AH26&AI26)-LEN(SUBSTITUTE(D26&E26&F26&G26&H26&I26&J26&K26&L26&M26&N26&O26&P26&Q26&R26&S26&T26&U26&V26&W26&X26&Y26&Z26&AA26&AB26&AC26&AD26&AE26&AF26&AG26&AH26&AI26,"1","")) -> 1 | AP26: =LEN(D26&E26&F26&G26&H26&I26&J26&K26&L26&M26&N26&O26&P26&Q26&R26&S26&T26&U26&V26&W26&X26&Y26&Z26&AA26&AB26&AC26&AD26&AE26&AF26&AG26&AH26&AI26)-LEN(SUBSTITUTE(D26&E26&F26&G26&H26&I26&J26&K26&L26&M26&N26&O26&P26&Q26&R26&S26&T26&U26&V26&W26&X26&Y26&Z26&AA26&AB26&AC26&AD26&AE26&AF26&AG26&AH26&AI26,"2","")) -> 0 | AQ26: =LEN(D26&E26&F26&G26&H26&I26&J26&K26&L26&M26&N26&O26&P26&Q26&R26&S26&T26&U26&V26&W26&X26&Y26&Z26&AA26&AB26&AC26&AD26&AE26&AF26&AG26&AH26&AI26)-LEN(SUBSTITUTE(D26&E26&F26&G26&H26&I26&J26&K26&L26&M26&N26&O26&P26&Q26&R26&S26&T26&U26&V26&W26&X26&Y26&Z26&AA26&AB26&AC26&AD26&AE26&AF26&AG26&AH26&AI26,"3","")) -> 0 | AR26: =SUM(AO26:AQ26) -> 1 | AT26: =COUNTIF(D26:AI26,"*m*") -> 0 | AU26: =COUNTIF(D26:AI26,"*d*") -> 0 | AV26: =COUNTIF(D26:AI26,"*b*") -> 0 | AW26: =COUNTIF(D26:AI26,"*l*") -> 1 | AX26: =COUNTIF(D26:AI26,"*o*") -> 0 | AY26: =SUM(AT26:AX26) -> 1
A27: =Üldinfo!A26 -> 24 | B27: =Üldinfo!B26 -> Mees | C27: =Üldinfo!C26 -> 39-44 a | AK27: =COUNTA(D27:AI27) -> 0 | AL27: =Üldinfo!AM26 -> 0 | AM27: =AK27/AL27 -> #DIV/0! | AO27: =LEN(D27&E27&F27&G27&H27&I27&J27&K27&L27&M27&N27&O27&P27&Q27&R27&S27&T27&U27&V27&W27&X27&Y27&Z27&AA27&AB27&AC27&AD27&AE27&AF27&AG27&AH27&AI27)-LEN(SUBSTITUTE(D27&E27&F27&G27&H27&I27&J27&K27&L27&M27&N27&O27&P27&Q27&R27&S27&T27&U27&V27&W27&X27&Y27&Z27&AA27&AB27&AC27&AD27&AE27&AF27&AG27&AH27&AI27,"1","")) -> 0 | AP27: =LEN(D27&E27&F27&G27&H27&I27&J27&K27&L27&M27&N27&O27&P27&Q27&R27&S27&T27&U27&V27&W27&X27&Y27&Z27&AA27&AB27&AC27&AD27&AE27&AF27&AG27&AH27&AI27)-LEN(SUBSTITUTE(D27&E27&F27&G27&H27&I27&J27&K27&L27&M27&N27&O27&P27&Q27&R27&S27&T27&U27&V27&W27&X27&Y27&Z27&AA27&AB27&AC27&AD27&AE27&AF27&AG27&AH27&AI27,"2","")) -> 0 | AQ27: =LEN(D27&E27&F27&G27&H27&I27&J27&K27&L27&M27&N27&O27&P27&Q27&R27&S27&T27&U27&V27&W27&X27&Y27&Z27&AA27&AB27&AC27&AD27&AE27&AF27&AG27&AH27&AI27)-LEN(SUBSTITUTE(D27&E27&F27&G27&H27&I27&J27&K27&L27&M27&N27&O27&P27&Q27&R27&S27&T27&U27&V27&W27&X27&Y27&Z27&AA27&AB27&AC27&AD27&AE27&AF27&AG27&AH27&AI27,"3","")) -> 0 | AR27: =SUM(AO27:AQ27) -> 0 | AT27: =COUNTIF(D27:AI27,"*m*") -> 0 | AU27: =COUNTIF(D27:AI27,"*d*") -> 0 | AV27: =COUNTIF(D27:AI27,"*b*") -> 0 | AW27: =COUNTIF(D27:AI27,"*l*") -> 0 | AX27: =COUNTIF(D27:AI27,"*o*") -> 0 | AY27: =SUM(AT27:AX27) -> 0
A28: =Üldinfo!A27 -> 25 | B28: =Üldinfo!B27 -> Alaealine | C28: =Üldinfo!C27 -> 7-11 a | V28: 1o | AK28: =COUNTA(D28:AI28) -> 1 | AL28: =Üldinfo!AM27 -> 24 | AM28: =AK28/AL28 -> 0.041666667 | AO28: =LEN(D28&E28&F28&G28&H28&I28&J28&K28&L28&M28&N28&O28&P28&Q28&R28&S28&T28&U28&V28&W28&X28&Y28&Z28&AA28&AB28&AC28&AD28&AE28&AF28&AG28&AH28&AI28)-LEN(SUBSTITUTE(D28&E28&F28&G28&H28&I28&J28&K28&L28&M28&N28&O28&P28&Q28&R28&S28&T28&U28&V28&W28&X28&Y28&Z28&AA28&AB28&AC28&AD28&AE28&AF28&AG28&AH28&AI28,"1","")) -> 1 | AP28: =LEN(D28&E28&F28&G28&H28&I28&J28&K28&L28&M28&N28&O28&P28&Q28&R28&S28&T28&U28&V28&W28&X28&Y28&Z28&AA28&AB28&AC28&AD28&AE28&AF28&AG28&AH28&AI28)-LEN(SUBSTITUTE(D28&E28&F28&G28&H28&I28&J28&K28&L28&M28&N28&O28&P28&Q28&R28&S28&T28&U28&V28&W28&X28&Y28&Z28&AA28&AB28&AC28&AD28&AE28&AF28&AG28&AH28&AI28,"2","")) -> 0 | AQ28: =LEN(D28&E28&F28&G28&H28&I28&J28&K28&L28&M28&N28&O28&P28&Q28&R28&S28&T28&U28&V28&W28&X28&Y28&Z28&AA28&AB28&AC28&AD28&AE28&AF28&AG28&AH28&AI28)-LEN(SUBSTITUTE(D28&E28&F28&G28&H28&I28&J28&K28&L28&M28&N28&O28&P28&Q28&R28&S28&T28&U28&V28&W28&X28&Y28&Z28&AA28&AB28&AC28&AD28&AE28&AF28&AG28&AH28&AI28,"3","")) -> 0 | AR28: =SUM(AO28:AQ28) -> 1 | AT28: =COUNTIF(D28:AI28,"*m*") -> 0 | AU28: =COUNTIF(D28:AI28,"*d*") -> 0 | AV28: =COUNTIF(D28:AI28,"*b*") -> 0 | AW28: =COUNTIF(D28:AI28,"*l*") -> 0 | AX28: =COUNTIF(D28:AI28,"*o*") -> 1 | AY28: =SUM(AT28:AX28) -> 1
A29: =Üldinfo!A28 -> 26a | B29: =Üldinfo!B28 -> Alaealine | C29: =Üldinfo!C28 -> 12-18 a | AK29: =COUNTA(D29:AI29) -> 0 | AL29: =Üldinfo!AM28 -> 0 | AM29: =AK29/AL29 -> #DIV/0! | AO29: =LEN(D29&E29&F29&G29&H29&I29&J29&K29&L29&M29&N29&O29&P29&Q29&R29&S29&T29&U29&V29&W29&X29&Y29&Z29&AA29&AB29&AC29&AD29&AE29&AF29&AG29&AH29&AI29)-LEN(SUBSTITUTE(D29&E29&F29&G29&H29&I29&J29&K29&L29&M29&N29&O29&P29&Q29&R29&S29&T29&U29&V29&W29&X29&Y29&Z29&AA29&AB29&AC29&AD29&AE29&AF29&AG29&AH29&AI29,"1","")) -> 0 | AP29: =LEN(D29&E29&F29&G29&H29&I29&J29&K29&L29&M29&N29&O29&P29&Q29&R29&S29&T29&U29&V29&W29&X29&Y29&Z29&AA29&AB29&AC29&AD29&AE29&AF29&AG29&AH29&AI29)-LEN(SUBSTITUTE(D29&E29&F29&G29&H29&I29&J29&K29&L29&M29&N29&O29&P29&Q29&R29&S29&T29&U29&V29&W29&X29&Y29&Z29&AA29&AB29&AC29&AD29&AE29&AF29&AG29&AH29&AI29,"2","")) -> 0 | AQ29: =LEN(D29&E29&F29&G29&H29&I29&J29&K29&L29&M29&N29&O29&P29&Q29&R29&S29&T29&U29&V29&W29&X29&Y29&Z29&AA29&AB29&AC29&AD29&AE29&AF29&AG29&AH29&AI29)-LEN(SUBSTITUTE(D29&E29&F29&G29&H29&I29&J29&K29&L29&M29&N29&O29&P29&Q29&R29&S29&T29&U29&V29&W29&X29&Y29&Z29&AA29&AB29&AC29&AD29&AE29&AF29&AG29&AH29&AI29,"3","")) -> 0 | AR29: =SUM(AO29:AQ29) -> 0 | AT29: =COUNTIF(D29:AI29,"*m*") -> 0 | AU29: =COUNTIF(D29:AI29,"*d*") -> 0 | AV29: =COUNTIF(D29:AI29,"*b*") -> 0 | AW29: =COUNTIF(D29:AI29,"*l*") -> 0 | AX29: =COUNTIF(D29:AI29,"*o*") -> 0 | AY29: =SUM(AT29:AX29) -> 0
A30: =Üldinfo!A29 -> 26b | B30: =Üldinfo!B29 -> Täiskasvanu | C30: =Üldinfo!C29 -> Täiskasvanu | AK30: =COUNTA(D30:AI30) -> 0 | AL30: =Üldinfo!AM29 -> 0 | AM30: =AK30/AL30 -> #DIV/0! | AO30: =LEN(D30&E30&F30&G30&H30&I30&J30&K30&L30&M30&N30&O30&P30&Q30&R30&S30&T30&U30&V30&W30&X30&Y30&Z30&AA30&AB30&AC30&AD30&AE30&AF30&AG30&AH30&AI30)-LEN(SUBSTITUTE(D30&E30&F30&G30&H30&I30&J30&K30&L30&M30&N30&O30&P30&Q30&R30&S30&T30&U30&V30&W30&X30&Y30&Z30&AA30&AB30&AC30&AD30&AE30&AF30&AG30&AH30&AI30,"1","")) -> 0 | AP30: =LEN(D30&E30&F30&G30&H30&I30&J30&K30&L30&M30&N30&O30&P30&Q30&R30&S30&T30&U30&V30&W30&X30&Y30&Z30&AA30&AB30&AC30&AD30&AE30&AF30&AG30&AH30&AI30)-LEN(SUBSTITUTE(D30&E30&F30&G30&H30&I30&J30&K30&L30&M30&N30&O30&P30&Q30&R30&S30&T30&U30&V30&W30&X30&Y30&Z30&AA30&AB30&AC30&AD30&AE30&AF30&AG30&AH30&AI30,"2","")) -> 0 | AQ30: =LEN(D30&E30&F30&G30&H30&I30&J30&K30&L30&M30&N30&O30&P30&Q30&R30&S30&T30&U30&V30&W30&X30&Y30&Z30&AA30&AB30&AC30&AD30&AE30&AF30&AG30&AH30&AI30)-LEN(SUBSTITUTE(D30&E30&F30&G30&H30&I30&J30&K30&L30&M30&N30&O30&P30&Q30&R30&S30&T30&U30&V30&W30&X30&Y30&Z30&AA30&AB30&AC30&AD30&AE30&AF30&AG30&AH30&AI30,"3","")) -> 0 | AR30: =SUM(AO30:AQ30) -> 0 | AT30: =COUNTIF(D30:AI30,"*m*") -> 0 | AU30: =COUNTIF(D30:AI30,"*d*") -> 0 | AV30: =COUNTIF(D30:AI30,"*b*") -> 0 | AW30: =COUNTIF(D30:AI30,"*l*") -> 0 | AX30: =COUNTIF(D30:AI30,"*o*") -> 0 | AY30: =SUM(AT30:AX30) -> 0
A31: =Üldinfo!A30 -> 27 | B31: =Üldinfo!B30 -> Mees | C31: =Üldinfo!C30 -> 40-50 a | AK31: =COUNTA(D31:AI31) -> 0 | AL31: =Üldinfo!AM30 -> 0 | AM31: =AK31/AL31 -> #DIV/0! | AO31: =LEN(D31&E31&F31&G31&H31&I31&J31&K31&L31&M31&N31&O31&P31&Q31&R31&S31&T31&U31&V31&W31&X31&Y31&Z31&AA31&AB31&AC31&AD31&AE31&AF31&AG31&AH31&AI31)-LEN(SUBSTITUTE(D31&E31&F31&G31&H31&I31&J31&K31&L31&M31&N31&O31&P31&Q31&R31&S31&T31&U31&V31&W31&X31&Y31&Z31&AA31&AB31&AC31&AD31&AE31&AF31&AG31&AH31&AI31,"1","")) -> 0 | AP31: =LEN(D31&E31&F31&G31&H31&I31&J31&K31&L31&M31&N31&O31&P31&Q31&R31&S31&T31&U31&V31&W31&X31&Y31&Z31&AA31&AB31&AC31&AD31&AE31&AF31&AG31&AH31&AI31)-LEN(SUBSTITUTE(D31&E31&F31&G31&H31&I31&J31&K31&L31&M31&N31&O31&P31&Q31&R31&S31&T31&U31&V31&W31&X31&Y31&Z31&AA31&AB31&AC31&AD31&AE31&AF31&AG31&AH31&AI31,"2","")) -> 0 | AQ31: =LEN(D31&E31&F31&G31&H31&I31&J31&K31&L31&M31&N31&O31&P31&Q31&R31&S31&T31&U31&V31&W31&X31&Y31&Z31&AA31&AB31&AC31&AD31&AE31&AF31&AG31&AH31&AI31)-LEN(SUBSTITUTE(D31&E31&F31&G31&H31&I31&J31&K31&L31&M31&N31&O31&P31&Q31&R31&S31&T31&U31&V31&W31&X31&Y31&Z31&AA31&AB31&AC31&AD31&AE31&AF31&AG31&AH31&AI31,"3","")) -> 0 | AR31: =SUM(AO31:AQ31) -> 0 | AT31: =COUNTIF(D31:AI31,"*m*") -> 0 | AU31: =COUNTIF(D31:AI31,"*d*") -> 0 | AV31: =COUNTIF(D31:AI31,"*b*") -> 0 | AW31: =COUNTIF(D31:AI31,"*l*") -> 0 | AX31: =COUNTIF(D31:AI31,"*o*") -> 0 | AY31: =SUM(AT31:AX31) -> 0
A32: =Üldinfo!A31 -> 28 | B32: =Üldinfo!B31 -> Naine | C32: =Üldinfo!C31 -> 25-50 a | E32: 1l1m | F32: 1m | H32: 1b | I32: 1m | J32: 1m1d | K32: 1m1d1l | M32: 1b | O32: 1m | P32: 1b | Q32: 2b2l1m1d | R32: 2b1m1d1l | S32: 2b2d2o2l | W32: 1l | X32: 1l | Y32: 1l | Z32: 1b1l | AA32: 1b1d | AB32: 1m1d | AC32: 1b1l | AD32: 1m1b1d1l | AE32: 1m1b1d1l | AF32: 1d1l | AG32: 1m1l | AH32: 3d1b | AK32: =COUNTA(D32:AI32) -> 24 | AL32: =Üldinfo!AM31 -> 30 | AM32: =AK32/AL32 -> 0.8 | AO32: =LEN(D32&E32&F32&G32&H32&I32&J32&K32&L32&M32&N32&O32&P32&Q32&R32&S32&T32&U32&V32&W32&X32&Y32&Z32&AA32&AB32&AC32&AD32&AE32&AF32&AG32&AH32&AI32)-LEN(SUBSTITUTE(D32&E32&F32&G32&H32&I32&J32&K32&L32&M32&N32&O32&P32&Q32&R32&S32&T32&U32&V32&W32&X32&Y32&Z32&AA32&AB32&AC32&AD32&AE32&AF32&AG32&AH32&AI32,"1","")) -> 42 | AP32: =LEN(D32&E32&F32&G32&H32&I32&J32&K32&L32&M32&N32&O32&P32&Q32&R32&S32&T32&U32&V32&W32&X32&Y32&Z32&AA32&AB32&AC32&AD32&AE32&AF32&AG32&AH32&AI32)-LEN(SUBSTITUTE(D32&E32&F32&G32&H32&I32&J32&K32&L32&M32&N32&O32&P32&Q32&R32&S32&T32&U32&V32&W32&X32&Y32&Z32&AA32&AB32&AC32&AD32&AE32&AF32&AG32&AH32&AI32,"2","")) -> 7 | AQ32: =LEN(D32&E32&F32&G32&H32&I32&J32&K32&L32&M32&N32&O32&P32&Q32&R32&S32&T32&U32&V32&W32&X32&Y32&Z32&AA32&AB32&AC32&AD32&AE32&AF32&AG32&AH32&AI32)-LEN(SUBSTITUTE(D32&E32&F32&G32&H32&I32&J32&K32&L32&M32&N32&O32&P32&Q32&R32&S32&T32&U32&V32&W32&X32&Y32&Z32&AA32&AB32&AC32&AD32&AE32&AF32&AG32&AH32&AI32,"3","")) -> 1 | AR32: =SUM(AO32:AQ32) -> 50 | AT32: =COUNTIF(D32:AI32,"*m*") -> 12 | AU32: =COUNTIF(D32:AI32,"*d*") -> 11 | AV32: =COUNTIF(D32:AI32,"*b*") -> 12 | AW32: =COUNTIF(D32:AI32,"*l*") -> 14 | AX32: =COUNTIF(D32:AI32,"*o*") -> 1 | AY32: =SUM(AT32:AX32) -> 50
A33: =Üldinfo!A32 -> 29 | B33: =Üldinfo!B32 -> Mees | C33: =Üldinfo!C32 -> 25-30a | E33: 1m | F33: 1m1b1d | G33: 1d | Q33: 1b | U33: 1l | V33: 1l | X33: 1l | Y33: 1b1l | Z33: 1b1l | AA33: 1b1l | AB33: 1b1l | AC33: 1b1l | AD33: 1b1l | AE33: 1l | AF33: 1l | AK33: =COUNTA(D33:AI33) -> 15 | AL33: =Üldinfo!AM32 -> 32 | AM33: =AK33/AL33 -> 0.46875 | AO33: =LEN(D33&E33&F33&G33&H33&I33&J33&K33&L33&M33&N33&O33&P33&Q33&R33&S33&T33&U33&V33&W33&X33&Y33&Z33&AA33&AB33&AC33&AD33&AE33&AF33&AG33&AH33&AI33)-LEN(SUBSTITUTE(D33&E33&F33&G33&H33&I33&J33&K33&L33&M33&N33&O33&P33&Q33&R33&S33&T33&U33&V33&W33&X33&Y33&Z33&AA33&AB33&AC33&AD33&AE33&AF33&AG33&AH33&AI33,"1","")) -> 23 | AP33: =LEN(D33&E33&F33&G33&H33&I33&J33&K33&L33&M33&N33&O33&P33&Q33&R33&S33&T33&U33&V33&W33&X33&Y33&Z33&AA33&AB33&AC33&AD33&AE33&AF33&AG33&AH33&AI33)-LEN(SUBSTITUTE(D33&E33&F33&G33&H33&I33&J33&K33&L33&M33&N33&O33&P33&Q33&R33&S33&T33&U33&V33&W33&X33&Y33&Z33&AA33&AB33&AC33&AD33&AE33&AF33&AG33&AH33&AI33,"2","")) -> 0 | AQ33: =LEN(D33&E33&F33&G33&H33&I33&J33&K33&L33&M33&N33&O33&P33&Q33&R33&S33&T33&U33&V33&W33&X33&Y33&Z33&AA33&AB33&AC33&AD33&AE33&AF33&AG33&AH33&AI33)-LEN(SUBSTITUTE(D33&E33&F33&G33&H33&I33&J33&K33&L33&M33&N33&O33&P33&Q33&R33&S33&T33&U33&V33&W33&X33&Y33&Z33&AA33&AB33&AC33&AD33&AE33&AF33&AG33&AH33&AI33,"3","")) -> 0 | AR33: =SUM(AO33:AQ33) -> 23 | AT33: =COUNTIF(D33:AI33,"*m*") -> 2 | AU33: =COUNTIF(D33:AI33,"*d*") -> 2 | AV33: =COUNTIF(D33:AI33,"*b*") -> 8 | AW33: =COUNTIF(D33:AI33,"*l*") -> 11 | AX33: =COUNTIF(D33:AI33,"*o*") -> 0 | AY33: =SUM(AT33:AX33) -> 23
A34: =Üldinfo!A33 -> 30 | B34: =Üldinfo!B33 -> Naine | C34: =Üldinfo!C33 -> 17-25 a | I34: 1m1b | M34: 1m | O34: 1b | T34: 1m1b1d | U34: 1b | V34: 1b | W34: 1b | X34: 1m1b1d | Y34: 1m1b1d | Z34: 1b1l | AA34: 1b1l | AB34: 1b | AC34: 1l | AI34: 1m | AK34: =COUNTA(D34:AI34) -> 14 | AL34: =Üldinfo!AM33 -> 17 | AM34: =AK34/AL34 -> 0.82352941 | AO34: =LEN(D34&E34&F34&G34&H34&I34&J34&K34&L34&M34&N34&O34&P34&Q34&R34&S34&T34&U34&V34&W34&X34&Y34&Z34&AA34&AB34&AC34&AD34&AE34&AF34&AG34&AH34&AI34)-LEN(SUBSTITUTE(D34&E34&F34&G34&H34&I34&J34&K34&L34&M34&N34&O34&P34&Q34&R34&S34&T34&U34&V34&W34&X34&Y34&Z34&AA34&AB34&AC34&AD34&AE34&AF34&AG34&AH34&AI34,"1","")) -> 23 | AP34: =LEN(D34&E34&F34&G34&H34&I34&J34&K34&L34&M34&N34&O34&P34&Q34&R34&S34&T34&U34&V34&W34&X34&Y34&Z34&AA34&AB34&AC34&AD34&AE34&AF34&AG34&AH34&AI34)-LEN(SUBSTITUTE(D34&E34&F34&G34&H34&I34&J34&K34&L34&M34&N34&O34&P34&Q34&R34&S34&T34&U34&V34&W34&X34&Y34&Z34&AA34&AB34&AC34&AD34&AE34&AF34&AG34&AH34&AI34,"2","")) -> 0 | AQ34: =LEN(D34&E34&F34&G34&H34&I34&J34&K34&L34&M34&N34&O34&P34&Q34&R34&S34&T34&U34&V34&W34&X34&Y34&Z34&AA34&AB34&AC34&AD34&AE34&AF34&AG34&AH34&AI34)-LEN(SUBSTITUTE(D34&E34&F34&G34&H34&I34&J34&K34&L34&M34&N34&O34&P34&Q34&R34&S34&T34&U34&V34&W34&X34&Y34&Z34&AA34&AB34&AC34&AD34&AE34&AF34&AG34&AH34&AI34,"3","")) -> 0 | AR34: =SUM(AO34:AQ34) -> 23 | AT34: =COUNTIF(D34:AI34,"*m*") -> 6 | AU34: =COUNTIF(D34:AI34,"*d*") -> 3 | AV34: =COUNTIF(D34:AI34,"*b*") -> 11 | AW34: =COUNTIF(D34:AI34,"*l*") -> 3 | AX34: =COUNTIF(D34:AI34,"*o*") -> 0 | AY34: =SUM(AT34:AX34) -> 23
A35: =Üldinfo!A34 -> 31 | B35: =Üldinfo!B34 -> Alaealine | C35: =Üldinfo!C34 -> 5+ a | AK35: =COUNTA(D35:AI35) -> 0 | AL35: =Üldinfo!AM34 -> 0 | AM35: =AK35/AL35 -> #DIV/0! | AO35: =LEN(D35&E35&F35&G35&H35&I35&J35&K35&L35&M35&N35&O35&P35&Q35&R35&S35&T35&U35&V35&W35&X35&Y35&Z35&AA35&AB35&AC35&AD35&AE35&AF35&AG35&AH35&AI35)-LEN(SUBSTITUTE(D35&E35&F35&G35&H35&I35&J35&K35&L35&M35&N35&O35&P35&Q35&R35&S35&T35&U35&V35&W35&X35&Y35&Z35&AA35&AB35&AC35&AD35&AE35&AF35&AG35&AH35&AI35,"1","")) -> 0 | AP35: =LEN(D35&E35&F35&G35&H35&I35&J35&K35&L35&M35&N35&O35&P35&Q35&R35&S35&T35&U35&V35&W35&X35&Y35&Z35&AA35&AB35&AC35&AD35&AE35&AF35&AG35&AH35&AI35)-LEN(SUBSTITUTE(D35&E35&F35&G35&H35&I35&J35&K35&L35&M35&N35&O35&P35&Q35&R35&S35&T35&U35&V35&W35&X35&Y35&Z35&AA35&AB35&AC35&AD35&AE35&AF35&AG35&AH35&AI35,"2","")) -> 0 | AQ35: =LEN(D35&E35&F35&G35&H35&I35&J35&K35&L35&M35&N35&O35&P35&Q35&R35&S35&T35&U35&V35&W35&X35&Y35&Z35&AA35&AB35&AC35&AD35&AE35&AF35&AG35&AH35&AI35)-LEN(SUBSTITUTE(D35&E35&F35&G35&H35&I35&J35&K35&L35&M35&N35&O35&P35&Q35&R35&S35&T35&U35&V35&W35&X35&Y35&Z35&AA35&AB35&AC35&AD35&AE35&AF35&AG35&AH35&AI35,"3","")) -> 0 | AR35: =SUM(AO35:AQ35) -> 0 | AT35: =COUNTIF(D35:AI35,"*m*") -> 0 | AU35: =COUNTIF(D35:AI35,"*d*") -> 0 | AV35: =COUNTIF(D35:AI35,"*b*") -> 0 | AW35: =COUNTIF(D35:AI35,"*l*") -> 0 | AX35: =COUNTIF(D35:AI35,"*o*") -> 0 | AY35: =SUM(AT35:AX35) -> 0
A36: =Üldinfo!A35 -> 32 | B36: =Üldinfo!B35 -> Alaealine | C36: =Üldinfo!C35 -> 3-5 a | AK36: =COUNTA(D36:AI36) -> 0 | AL36: =Üldinfo!AM35 -> 0 | AM36: =AK36/AL36 -> #DIV/0! | AO36: =LEN(D36&E36&F36&G36&H36&I36&J36&K36&L36&M36&N36&O36&P36&Q36&R36&S36&T36&U36&V36&W36&X36&Y36&Z36&AA36&AB36&AC36&AD36&AE36&AF36&AG36&AH36&AI36)-LEN(SUBSTITUTE(D36&E36&F36&G36&H36&I36&J36&K36&L36&M36&N36&O36&P36&Q36&R36&S36&T36&U36&V36&W36&X36&Y36&Z36&AA36&AB36&AC36&AD36&AE36&AF36&AG36&AH36&AI36,"1","")) -> 0 | AP36: =LEN(D36&E36&F36&G36&H36&I36&J36&K36&L36&M36&N36&O36&P36&Q36&R36&S36&T36&U36&V36&W36&X36&Y36&Z36&AA36&AB36&AC36&AD36&AE36&AF36&AG36&AH36&AI36)-LEN(SUBSTITUTE(D36&E36&F36&G36&H36&I36&J36&K36&L36&M36&N36&O36&P36&Q36&R36&S36&T36&U36&V36&W36&X36&Y36&Z36&AA36&AB36&AC36&AD36&AE36&AF36&AG36&AH36&AI36,"2","")) -> 0 | AQ36: =LEN(D36&E36&F36&G36&H36&I36&J36&K36&L36&M36&N36&O36&P36&Q36&R36&S36&T36&U36&V36&W36&X36&Y36&Z36&AA36&AB36&AC36&AD36&AE36&AF36&AG36&AH36&AI36)-LEN(SUBSTITUTE(D36&E36&F36&G36&H36&I36&J36&K36&L36&M36&N36&O36&P36&Q36&R36&S36&T36&U36&V36&W36&X36&Y36&Z36&AA36&AB36&AC36&AD36&AE36&AF36&AG36&AH36&AI36,"3","")) -> 0 | AR36: =SUM(AO36:AQ36) -> 0 | AT36: =COUNTIF(D36:AI36,"*m*") -> 0 | AU36: =COUNTIF(D36:AI36,"*d*") -> 0 | AV36: =COUNTIF(D36:AI36,"*b*") -> 0 | AW36: =COUNTIF(D36:AI36,"*l*") -> 0 | AX36: =COUNTIF(D36:AI36,"*o*") -> 0 | AY36: =SUM(AT36:AX36) -> 0
A37: =Üldinfo!A36 -> 33 | B37: =Üldinfo!B36 -> Alaealine | C37: =Üldinfo!C36 -> 1-2 a | AK37: =COUNTA(D37:AI37) -> 0 | AL37: =Üldinfo!AM36 -> 1 | AM37: =AK37/AL37 -> 0 | AO37: =LEN(D37&E37&F37&G37&H37&I37&J37&K37&L37&M37&N37&O37&P37&Q37&R37&S37&T37&U37&V37&W37&X37&Y37&Z37&AA37&AB37&AC37&AD37&AE37&AF37&AG37&AH37&AI37)-LEN(SUBSTITUTE(D37&E37&F37&G37&H37&I37&J37&K37&L37&M37&N37&O37&P37&Q37&R37&S37&T37&U37&V37&W37&X37&Y37&Z37&AA37&AB37&AC37&AD37&AE37&AF37&AG37&AH37&AI37,"1","")) -> 0 | AP37: =LEN(D37&E37&F37&G37&H37&I37&J37&K37&L37&M37&N37&O37&P37&Q37&R37&S37&T37&U37&V37&W37&X37&Y37&Z37&AA37&AB37&AC37&AD37&AE37&AF37&AG37&AH37&AI37)-LEN(SUBSTITUTE(D37&E37&F37&G37&H37&I37&J37&K37&L37&M37&N37&O37&P37&Q37&R37&S37&T37&U37&V37&W37&X37&Y37&Z37&AA37&AB37&AC37&AD37&AE37&AF37&AG37&AH37&AI37,"2","")) -> 0 | AQ37: =LEN(D37&E37&F37&G37&H37&I37&J37&K37&L37&M37&N37&O37&P37&Q37&R37&S37&T37&U37&V37&W37&X37&Y37&Z37&AA37&AB37&AC37&AD37&AE37&AF37&AG37&AH37&AI37)-LEN(SUBSTITUTE(D37&E37&F37&G37&H37&I37&J37&K37&L37&M37&N37&O37&P37&Q37&R37&S37&T37&U37&V37&W37&X37&Y37&Z37&AA37&AB37&AC37&AD37&AE37&AF37&AG37&AH37&AI37,"3","")) -> 0 | AR37: =SUM(AO37:AQ37) -> 0 | AT37: =COUNTIF(D37:AI37,"*m*") -> 0 | AU37: =COUNTIF(D37:AI37,"*d*") -> 0 | AV37: =COUNTIF(D37:AI37,"*b*") -> 0 | AW37: =COUNTIF(D37:AI37,"*l*") -> 0 | AX37: =COUNTIF(D37:AI37,"*o*") -> 0 | AY37: =SUM(AT37:AX37) -> 0
A38: =Üldinfo!A37 -> 34 | B38: =Üldinfo!B37 -> Mees ? | C38: =Üldinfo!C37 -> Täiskasvanu | AK38: =COUNTA(D38:AI38) -> 0 | AL38: =Üldinfo!AM37 -> 0 | AM38: =AK38/AL38 -> #DIV/0! | AO38: =LEN(D38&E38&F38&G38&H38&I38&J38&K38&L38&M38&N38&O38&P38&Q38&R38&S38&T38&U38&V38&W38&X38&Y38&Z38&AA38&AB38&AC38&AD38&AE38&AF38&AG38&AH38&AI38)-LEN(SUBSTITUTE(D38&E38&F38&G38&H38&I38&J38&K38&L38&M38&N38&O38&P38&Q38&R38&S38&T38&U38&V38&W38&X38&Y38&Z38&AA38&AB38&AC38&AD38&AE38&AF38&AG38&AH38&AI38,"1","")) -> 0 | AP38: =LEN(D38&E38&F38&G38&H38&I38&J38&K38&L38&M38&N38&O38&P38&Q38&R38&S38&T38&U38&V38&W38&X38&Y38&Z38&AA38&AB38&AC38&AD38&AE38&AF38&AG38&AH38&AI38)-LEN(SUBSTITUTE(D38&E38&F38&G38&H38&I38&J38&K38&L38&M38&N38&O38&P38&Q38&R38&S38&T38&U38&V38&W38&X38&Y38&Z38&AA38&AB38&AC38&AD38&AE38&AF38&AG38&AH38&AI38,"2","")) -> 0 | AQ38: =LEN(D38&E38&F38&G38&H38&I38&J38&K38&L38&M38&N38&O38&P38&Q38&R38&S38&T38&U38&V38&W38&X38&Y38&Z38&AA38&AB38&AC38&AD38&AE38&AF38&AG38&AH38&AI38)-LEN(SUBSTITUTE(D38&E38&F38&G38&H38&I38&J38&K38&L38&M38&N38&O38&P38&Q38&R38&S38&T38&U38&V38&W38&X38&Y38&Z38&AA38&AB38&AC38&AD38&AE38&AF38&AG38&AH38&AI38,"3","")) -> 0 | AR38: =SUM(AO38:AQ38) -> 0 | AT38: =COUNTIF(D38:AI38,"*m*") -> 0 | AU38: =COUNTIF(D38:AI38,"*d*") -> 0 | AV38: =COUNTIF(D38:AI38,"*b*") -> 0 | AW38: =COUNTIF(D38:AI38,"*l*") -> 0 | AX38: =COUNTIF(D38:AI38,"*o*") -> 0 | AY38: =SUM(AT38:AX38) -> 0
A39: =Üldinfo!A38 -> 35 | B39: =Üldinfo!B38 -> Naine | C39: =Üldinfo!C38 -> Täiskasvanu | AK39: =COUNTA(D39:AI39) -> 0 | AL39: =Üldinfo!AM38 -> 0 | AM39: =AK39/AL39 -> #DIV/0! | AO39: =LEN(D39&E39&F39&G39&H39&I39&J39&K39&L39&M39&N39&O39&P39&Q39&R39&S39&T39&U39&V39&W39&X39&Y39&Z39&AA39&AB39&AC39&AD39&AE39&AF39&AG39&AH39&AI39)-LEN(SUBSTITUTE(D39&E39&F39&G39&H39&I39&J39&K39&L39&M39&N39&O39&P39&Q39&R39&S39&T39&U39&V39&W39&X39&Y39&Z39&AA39&AB39&AC39&AD39&AE39&AF39&AG39&AH39&AI39,"1","")) -> 0 | AP39: =LEN(D39&E39&F39&G39&H39&I39&J39&K39&L39&M39&N39&O39&P39&Q39&R39&S39&T39&U39&V39&W39&X39&Y39&Z39&AA39&AB39&AC39&AD39&AE39&AF39&AG39&AH39&AI39)-LEN(SUBSTITUTE(D39&E39&F39&G39&H39&I39&J39&K39&L39&M39&N39&O39&P39&Q39&R39&S39&T39&U39&V39&W39&X39&Y39&Z39&AA39&AB39&AC39&AD39&AE39&AF39&AG39&AH39&AI39,"2","")) -> 0 | AQ39: =LEN(D39&E39&F39&G39&H39&I39&J39&K39&L39&M39&N39&O39&P39&Q39&R39&S39&T39&U39&V39&W39&X39&Y39&Z39&AA39&AB39&AC39&AD39&AE39&AF39&AG39&AH39&AI39)-LEN(SUBSTITUTE(D39&E39&F39&G39&H39&I39&J39&K39&L39&M39&N39&O39&P39&Q39&R39&S39&T39&U39&V39&W39&X39&Y39&Z39&AA39&AB39&AC39&AD39&AE39&AF39&AG39&AH39&AI39,"3","")) -> 0 | AR39: =SUM(AO39:AQ39) -> 0 | AT39: =COUNTIF(D39:AI39,"*m*") -> 0 | AU39: =COUNTIF(D39:AI39,"*d*") -> 0 | AV39: =COUNTIF(D39:AI39,"*b*") -> 0 | AW39: =COUNTIF(D39:AI39,"*l*") -> 0 | AX39: =COUNTIF(D39:AI39,"*o*") -> 0 | AY39: =SUM(AT39:AX39) -> 0
A40: =Üldinfo!A39 -> 36 | B40: =Üldinfo!B39 -> Mees ? | C40: =Üldinfo!C39 -> 40-50 a | AK40: =COUNTA(D40:AI40) -> 0 | AL40: =Üldinfo!AM39 -> 0 | AM40: =AK40/AL40 -> #DIV/0! | AO40: =LEN(D40&E40&F40&G40&H40&I40&J40&K40&L40&M40&N40&O40&P40&Q40&R40&S40&T40&U40&V40&W40&X40&Y40&Z40&AA40&AB40&AC40&AD40&AE40&AF40&AG40&AH40&AI40)-LEN(SUBSTITUTE(D40&E40&F40&G40&H40&I40&J40&K40&L40&M40&N40&O40&P40&Q40&R40&S40&T40&U40&V40&W40&X40&Y40&Z40&AA40&AB40&AC40&AD40&AE40&AF40&AG40&AH40&AI40,"1","")) -> 0 | AP40: =LEN(D40&E40&F40&G40&H40&I40&J40&K40&L40&M40&N40&O40&P40&Q40&R40&S40&T40&U40&V40&W40&X40&Y40&Z40&AA40&AB40&AC40&AD40&AE40&AF40&AG40&AH40&AI40)-LEN(SUBSTITUTE(D40&E40&F40&G40&H40&I40&J40&K40&L40&M40&N40&O40&P40&Q40&R40&S40&T40&U40&V40&W40&X40&Y40&Z40&AA40&AB40&AC40&AD40&AE40&AF40&AG40&AH40&AI40,"2","")) -> 0 | AQ40: =LEN(D40&E40&F40&G40&H40&I40&J40&K40&L40&M40&N40&O40&P40&Q40&R40&S40&T40&U40&V40&W40&X40&Y40&Z40&AA40&AB40&AC40&AD40&AE40&AF40&AG40&AH40&AI40)-LEN(SUBSTITUTE(D40&E40&F40&G40&H40&I40&J40&K40&L40&M40&N40&O40&P40&Q40&R40&S40&T40&U40&V40&W40&X40&Y40&Z40&AA40&AB40&AC40&AD40&AE40&AF40&AG40&AH40&AI40,"3","")) -> 0 | AR40: =SUM(AO40:AQ40) -> 0 | AT40: =COUNTIF(D40:AI40,"*m*") -> 0 | AU40: =COUNTIF(D40:AI40,"*d*") -> 0 | AV40: =COUNTIF(D40:AI40,"*b*") -> 0 | AW40: =COUNTIF(D40:AI40,"*l*") -> 0 | AX40: =COUNTIF(D40:AI40,"*o*") -> 0 | AY40: =SUM(AT40:AX40) -> 0
A41: =Üldinfo!A40 -> 37 | B41: =Üldinfo!B40 -> Alaealine | C41: =Üldinfo!C40 -> 12-18 a | Q41: 1m | AC41: 1b | AG41: 1m1l | AK41: =COUNTA(D41:AI41) -> 3 | AL41: =Üldinfo!AM40 -> 12 | AM41: =AK41/AL41 -> 0.25 | AO41: =LEN(D41&E41&F41&G41&H41&I41&J41&K41&L41&M41&N41&O41&P41&Q41&R41&S41&T41&U41&V41&W41&X41&Y41&Z41&AA41&AB41&AC41&AD41&AE41&AF41&AG41&AH41&AI41)-LEN(SUBSTITUTE(D41&E41&F41&G41&H41&I41&J41&K41&L41&M41&N41&O41&P41&Q41&R41&S41&T41&U41&V41&W41&X41&Y41&Z41&AA41&AB41&AC41&AD41&AE41&AF41&AG41&AH41&AI41,"1","")) -> 4 | AP41: =LEN(D41&E41&F41&G41&H41&I41&J41&K41&L41&M41&N41&O41&P41&Q41&R41&S41&T41&U41&V41&W41&X41&Y41&Z41&AA41&AB41&AC41&AD41&AE41&AF41&AG41&AH41&AI41)-LEN(SUBSTITUTE(D41&E41&F41&G41&H41&I41&J41&K41&L41&M41&N41&O41&P41&Q41&R41&S41&T41&U41&V41&W41&X41&Y41&Z41&AA41&AB41&AC41&AD41&AE41&AF41&AG41&AH41&AI41,"2","")) -> 0 | AQ41: =LEN(D41&E41&F41&G41&H41&I41&J41&K41&L41&M41&N41&O41&P41&Q41&R41&S41&T41&U41&V41&W41&X41&Y41&Z41&AA41&AB41&AC41&AD41&AE41&AF41&AG41&AH41&AI41)-LEN(SUBSTITUTE(D41&E41&F41&G41&H41&I41&J41&K41&L41&M41&N41&O41&P41&Q41&R41&S41&T41&U41&V41&W41&X41&Y41&Z41&AA41&AB41&AC41&AD41&AE41&AF41&AG41&AH41&AI41,"3","")) -> 0 | AR41: =SUM(AO41:AQ41) -> 4 | AT41: =COUNTIF(D41:AI41,"*m*") -> 2 | AU41: =COUNTIF(D41:AI41,"*d*") -> 0 | AV41: =COUNTIF(D41:AI41,"*b*") -> 1 | AW41: =COUNTIF(D41:AI41,"*l*") -> 1 | AX41: =COUNTIF(D41:AI41,"*o*") -> 0 | AY41: =SUM(AT41:AX41) -> 4
A42: =Üldinfo!A41 -> 38 | B42: =Üldinfo!B41 -> Naine | C42: =Üldinfo!C41 -> 40-50 a | D42: 1d | E42: 1b | F42: 1b | G42: 1b | H42: 1m1b1d | L42: 1m1d1l | M42: 1b1l | N42: 1m1b1d1l | O42: 1b | P42: 1b | Q42: 1m1b1d1l | T42: 1m1d | U42: 1m1b1d | V42: 1b | W42: 1b1l | X42: 1b1l | Y42: 2m1b1d1l | Z42: 1m1b1d1l | AA42: 1m1b1d1l | AB42: 1m1b1d1l | AC42: 1m1b1d1l | AD42: 1m1b1d1l | AE42: 1l | AF42: 1b | AG42: 1b | AH42: 1m | AK42: =COUNTA(D42:AI42) -> 26 | AL42: =Üldinfo!AM41 -> 27 | AM42: =AK42/AL42 -> 0.96296296 | AO42: =LEN(D42&E42&F42&G42&H42&I42&J42&K42&L42&M42&N42&O42&P42&Q42&R42&S42&T42&U42&V42&W42&X42&Y42&Z42&AA42&AB42&AC42&AD42&AE42&AF42&AG42&AH42&AI42)-LEN(SUBSTITUTE(D42&E42&F42&G42&H42&I42&J42&K42&L42&M42&N42&O42&P42&Q42&R42&S42&T42&U42&V42&W42&X42&Y42&Z42&AA42&AB42&AC42&AD42&AE42&AF42&AG42&AH42&AI42,"1","")) -> 59 | AP42: =LEN(D42&E42&F42&G42&H42&I42&J42&K42&L42&M42&N42&O42&P42&Q42&R42&S42&T42&U42&V42&W42&X42&Y42&Z42&AA42&AB42&AC42&AD42&AE42&AF42&AG42&AH42&AI42)-LEN(SUBSTITUTE(D42&E42&F42&G42&H42&I42&J42&K42&L42&M42&N42&O42&P42&Q42&R42&S42&T42&U42&V42&W42&X42&Y42&Z42&AA42&AB42&AC42&AD42&AE42&AF42&AG42&AH42&AI42,"2","")) -> 1 | AQ42: =LEN(D42&E42&F42&G42&H42&I42&J42&K42&L42&M42&N42&O42&P42&Q42&R42&S42&T42&U42&V42&W42&X42&Y42&Z42&AA42&AB42&AC42&AD42&AE42&AF42&AG42&AH42&AI42)-LEN(SUBSTITUTE(D42&E42&F42&G42&H42&I42&J42&K42&L42&M42&N42&O42&P42&Q42&R42&S42&T42&U42&V42&W42&X42&Y42&Z42&AA42&AB42&AC42&AD42&AE42&AF42&AG42&AH42&AI42,"3","")) -> 0 | AR42: =SUM(AO42:AQ42) -> 60 | AT42: =COUNTIF(D42:AI42,"*m*") -> 13 | AU42: =COUNTIF(D42:AI42,"*d*") -> 13 | AV42: =COUNTIF(D42:AI42,"*b*") -> 21 | AW42: =COUNTIF(D42:AI42,"*l*") -> 13 | AX42: =COUNTIF(D42:AI42,"*o*") -> 0 | AY42: =SUM(AT42:AX42) -> 60
A43: =Üldinfo!A42 -> 39 | B43: =Üldinfo!B42 -> Alaealine | C43: =Üldinfo!C42 -> 6-11 a | AK43: =COUNTA(D43:AI43) -> 0 | AL43: =Üldinfo!AM42 -> 0 | AM43: =AK43/AL43 -> #DIV/0! | AO43: =LEN(D43&E43&F43&G43&H43&I43&J43&K43&L43&M43&N43&O43&P43&Q43&R43&S43&T43&U43&V43&W43&X43&Y43&Z43&AA43&AB43&AC43&AD43&AE43&AF43&AG43&AH43&AI43)-LEN(SUBSTITUTE(D43&E43&F43&G43&H43&I43&J43&K43&L43&M43&N43&O43&P43&Q43&R43&S43&T43&U43&V43&W43&X43&Y43&Z43&AA43&AB43&AC43&AD43&AE43&AF43&AG43&AH43&AI43,"1","")) -> 0 | AP43: =LEN(D43&E43&F43&G43&H43&I43&J43&K43&L43&M43&N43&O43&P43&Q43&R43&S43&T43&U43&V43&W43&X43&Y43&Z43&AA43&AB43&AC43&AD43&AE43&AF43&AG43&AH43&AI43)-LEN(SUBSTITUTE(D43&E43&F43&G43&H43&I43&J43&K43&L43&M43&N43&O43&P43&Q43&R43&S43&T43&U43&V43&W43&X43&Y43&Z43&AA43&AB43&AC43&AD43&AE43&AF43&AG43&AH43&AI43,"2","")) -> 0 | AQ43: =LEN(D43&E43&F43&G43&H43&I43&J43&K43&L43&M43&N43&O43&P43&Q43&R43&S43&T43&U43&V43&W43&X43&Y43&Z43&AA43&AB43&AC43&AD43&AE43&AF43&AG43&AH43&AI43)-LEN(SUBSTITUTE(D43&E43&F43&G43&H43&I43&J43&K43&L43&M43&N43&O43&P43&Q43&R43&S43&T43&U43&V43&W43&X43&Y43&Z43&AA43&AB43&AC43&AD43&AE43&AF43&AG43&AH43&AI43,"3","")) -> 0 | AR43: =SUM(AO43:AQ43) -> 0 | AT43: =COUNTIF(D43:AI43,"*m*") -> 0 | AU43: =COUNTIF(D43:AI43,"*d*") -> 0 | AV43: =COUNTIF(D43:AI43,"*b*") -> 0 | AW43: =COUNTIF(D43:AI43,"*l*") -> 0 | AX43: =COUNTIF(D43:AI43,"*o*") -> 0 | AY43: =SUM(AT43:AX43) -> 0
A44: =Üldinfo!A43 -> 40 | B44: =Üldinfo!B43 -> Mees | C44: =Üldinfo!C43 -> 40+ a | AK44: =COUNTA(D44:AI44) -> 0 | AL44: =Üldinfo!AM43 -> 0 | AM44: =AK44/AL44 -> #DIV/0! | AO44: =LEN(D44&E44&F44&G44&H44&I44&J44&K44&L44&M44&N44&O44&P44&Q44&R44&S44&T44&U44&V44&W44&X44&Y44&Z44&AA44&AB44&AC44&AD44&AE44&AF44&AG44&AH44&AI44)-LEN(SUBSTITUTE(D44&E44&F44&G44&H44&I44&J44&K44&L44&M44&N44&O44&P44&Q44&R44&S44&T44&U44&V44&W44&X44&Y44&Z44&AA44&AB44&AC44&AD44&AE44&AF44&AG44&AH44&AI44,"1","")) -> 0 | AP44: =LEN(D44&E44&F44&G44&H44&I44&J44&K44&L44&M44&N44&O44&P44&Q44&R44&S44&T44&U44&V44&W44&X44&Y44&Z44&AA44&AB44&AC44&AD44&AE44&AF44&AG44&AH44&AI44)-LEN(SUBSTITUTE(D44&E44&F44&G44&H44&I44&J44&K44&L44&M44&N44&O44&P44&Q44&R44&S44&T44&U44&V44&W44&X44&Y44&Z44&AA44&AB44&AC44&AD44&AE44&AF44&AG44&AH44&AI44,"2","")) -> 0 | AQ44: =LEN(D44&E44&F44&G44&H44&I44&J44&K44&L44&M44&N44&O44&P44&Q44&R44&S44&T44&U44&V44&W44&X44&Y44&Z44&AA44&AB44&AC44&AD44&AE44&AF44&AG44&AH44&AI44)-LEN(SUBSTITUTE(D44&E44&F44&G44&H44&I44&J44&K44&L44&M44&N44&O44&P44&Q44&R44&S44&T44&U44&V44&W44&X44&Y44&Z44&AA44&AB44&AC44&AD44&AE44&AF44&AG44&AH44&AI44,"3","")) -> 0 | AR44: =SUM(AO44:AQ44) -> 0 | AT44: =COUNTIF(D44:AI44,"*m*") -> 0 | AU44: =COUNTIF(D44:AI44,"*d*") -> 0 | AV44: =COUNTIF(D44:AI44,"*b*") -> 0 | AW44: =COUNTIF(D44:AI44,"*l*") -> 0 | AX44: =COUNTIF(D44:AI44,"*o*") -> 0 | AY44: =SUM(AT44:AX44) -> 0
A45: =Üldinfo!A44 -> 41 | B45: =Üldinfo!B44 -> Alaealine | C45: =Üldinfo!C44 -> 12-15 a | AK45: =COUNTA(D45:AI45) -> 0 | AL45: =Üldinfo!AM44 -> 0 | AM45: =AK45/AL45 -> #DIV/0! | AO45: =LEN(D45&E45&F45&G45&H45&I45&J45&K45&L45&M45&N45&O45&P45&Q45&R45&S45&T45&U45&V45&W45&X45&Y45&Z45&AA45&AB45&AC45&AD45&AE45&AF45&AG45&AH45&AI45)-LEN(SUBSTITUTE(D45&E45&F45&G45&H45&I45&J45&K45&L45&M45&N45&O45&P45&Q45&R45&S45&T45&U45&V45&W45&X45&Y45&Z45&AA45&AB45&AC45&AD45&AE45&AF45&AG45&AH45&AI45,"1","")) -> 0 | AP45: =LEN(D45&E45&F45&G45&H45&I45&J45&K45&L45&M45&N45&O45&P45&Q45&R45&S45&T45&U45&V45&W45&X45&Y45&Z45&AA45&AB45&AC45&AD45&AE45&AF45&AG45&AH45&AI45)-LEN(SUBSTITUTE(D45&E45&F45&G45&H45&I45&J45&K45&L45&M45&N45&O45&P45&Q45&R45&S45&T45&U45&V45&W45&X45&Y45&Z45&AA45&AB45&AC45&AD45&AE45&AF45&AG45&AH45&AI45,"2","")) -> 0 | AQ45: =LEN(D45&E45&F45&G45&H45&I45&J45&K45&L45&M45&N45&O45&P45&Q45&R45&S45&T45&U45&V45&W45&X45&Y45&Z45&AA45&AB45&AC45&AD45&AE45&AF45&AG45&AH45&AI45)-LEN(SUBSTITUTE(D45&E45&F45&G45&H45&I45&J45&K45&L45&M45&N45&O45&P45&Q45&R45&S45&T45&U45&V45&W45&X45&Y45&Z45&AA45&AB45&AC45&AD45&AE45&AF45&AG45&AH45&AI45,"3","")) -> 0 | AR45: =SUM(AO45:AQ45) -> 0 | AT45: =COUNTIF(D45:AI45,"*m*") -> 0 | AU45: =COUNTIF(D45:AI45,"*d*") -> 0 | AV45: =COUNTIF(D45:AI45,"*b*") -> 0 | AW45: =COUNTIF(D45:AI45,"*l*") -> 0 | AX45: =COUNTIF(D45:AI45,"*o*") -> 0 | AY45: =SUM(AT45:AX45) -> 0
A46: =Üldinfo!A45 -> 42 | B46: =Üldinfo!B45 -> Alaealine | C46: =Üldinfo!C45 -> 24-32 k | AK46: =COUNTA(D46:AI46) -> 0 | AL46: =Üldinfo!AM45 -> 7 | AM46: =AK46/AL46 -> 0 | AO46: =LEN(D46&E46&F46&G46&H46&I46&J46&K46&L46&M46&N46&O46&P46&Q46&R46&S46&T46&U46&V46&W46&X46&Y46&Z46&AA46&AB46&AC46&AD46&AE46&AF46&AG46&AH46&AI46)-LEN(SUBSTITUTE(D46&E46&F46&G46&H46&I46&J46&K46&L46&M46&N46&O46&P46&Q46&R46&S46&T46&U46&V46&W46&X46&Y46&Z46&AA46&AB46&AC46&AD46&AE46&AF46&AG46&AH46&AI46,"1","")) -> 0 | AP46: =LEN(D46&E46&F46&G46&H46&I46&J46&K46&L46&M46&N46&O46&P46&Q46&R46&S46&T46&U46&V46&W46&X46&Y46&Z46&AA46&AB46&AC46&AD46&AE46&AF46&AG46&AH46&AI46)-LEN(SUBSTITUTE(D46&E46&F46&G46&H46&I46&J46&K46&L46&M46&N46&O46&P46&Q46&R46&S46&T46&U46&V46&W46&X46&Y46&Z46&AA46&AB46&AC46&AD46&AE46&AF46&AG46&AH46&AI46,"2","")) -> 0 | AQ46: =LEN(D46&E46&F46&G46&H46&I46&J46&K46&L46&M46&N46&O46&P46&Q46&R46&S46&T46&U46&V46&W46&X46&Y46&Z46&AA46&AB46&AC46&AD46&AE46&AF46&AG46&AH46&AI46)-LEN(SUBSTITUTE(D46&E46&F46&G46&H46&I46&J46&K46&L46&M46&N46&O46&P46&Q46&R46&S46&T46&U46&V46&W46&X46&Y46&Z46&AA46&AB46&AC46&AD46&AE46&AF46&AG46&AH46&AI46,"3","")) -> 0 | AR46: =SUM(AO46:AQ46) -> 0 | AT46: =COUNTIF(D46:AI46,"*m*") -> 0 | AU46: =COUNTIF(D46:AI46,"*d*") -> 0 | AV46: =COUNTIF(D46:AI46,"*b*") -> 0 | AW46: =COUNTIF(D46:AI46,"*l*") -> 0 | AX46: =COUNTIF(D46:AI46,"*o*") -> 0 | AY46: =SUM(AT46:AX46) -> 0
A47: =Üldinfo!A46 -> 43 | B47: =Üldinfo!B46 -> Naine ? | C47: =Üldinfo!C46 -> 18-19 a | AK47: =COUNTA(D47:AI47) -> 0 | AL47: =Üldinfo!AM46 -> 0 | AM47: =AK47/AL47 -> #DIV/0! | AO47: =LEN(D47&E47&F47&G47&H47&I47&J47&K47&L47&M47&N47&O47&P47&Q47&R47&S47&T47&U47&V47&W47&X47&Y47&Z47&AA47&AB47&AC47&AD47&AE47&AF47&AG47&AH47&AI47)-LEN(SUBSTITUTE(D47&E47&F47&G47&H47&I47&J47&K47&L47&M47&N47&O47&P47&Q47&R47&S47&T47&U47&V47&W47&X47&Y47&Z47&AA47&AB47&AC47&AD47&AE47&AF47&AG47&AH47&AI47,"1","")) -> 0 | AP47: =LEN(D47&E47&F47&G47&H47&I47&J47&K47&L47&M47&N47&O47&P47&Q47&R47&S47&T47&U47&V47&W47&X47&Y47&Z47&AA47&AB47&AC47&AD47&AE47&AF47&AG47&AH47&AI47)-LEN(SUBSTITUTE(D47&E47&F47&G47&H47&I47&J47&K47&L47&M47&N47&O47&P47&Q47&R47&S47&T47&U47&V47&W47&X47&Y47&Z47&AA47&AB47&AC47&AD47&AE47&AF47&AG47&AH47&AI47,"2","")) -> 0 | AQ47: =LEN(D47&E47&F47&G47&H47&I47&J47&K47&L47&M47&N47&O47&P47&Q47&R47&S47&T47&U47&V47&W47&X47&Y47&Z47&AA47&AB47&AC47&AD47&AE47&AF47&AG47&AH47&AI47)-LEN(SUBSTITUTE(D47&E47&F47&G47&H47&I47&J47&K47&L47&M47&N47&O47&P47&Q47&R47&S47&T47&U47&V47&W47&X47&Y47&Z47&AA47&AB47&AC47&AD47&AE47&AF47&AG47&AH47&AI47,"3","")) -> 0 | AR47: =SUM(AO47:AQ47) -> 0 | AT47: =COUNTIF(D47:AI47,"*m*") -> 0 | AU47: =COUNTIF(D47:AI47,"*d*") -> 0 | AV47: =COUNTIF(D47:AI47,"*b*") -> 0 | AW47: =COUNTIF(D47:AI47,"*l*") -> 0 | AX47: =COUNTIF(D47:AI47,"*o*") -> 0 | AY47: =SUM(AT47:AX47) -> 0
A48: =Üldinfo!A47 -> 44 | B48: =Üldinfo!B47 -> Mees | C48: =Üldinfo!C47 -> 40+ a | AK48: =COUNTA(D48:AI48) -> 0 | AL48: =Üldinfo!AM47 -> 0 | AM48: =AK48/AL48 -> #DIV/0! | AO48: =LEN(D48&E48&F48&G48&H48&I48&J48&K48&L48&M48&N48&O48&P48&Q48&R48&S48&T48&U48&V48&W48&X48&Y48&Z48&AA48&AB48&AC48&AD48&AE48&AF48&AG48&AH48&AI48)-LEN(SUBSTITUTE(D48&E48&F48&G48&H48&I48&J48&K48&L48&M48&N48&O48&P48&Q48&R48&S48&T48&U48&V48&W48&X48&Y48&Z48&AA48&AB48&AC48&AD48&AE48&AF48&AG48&AH48&AI48,"1","")) -> 0 | AP48: =LEN(D48&E48&F48&G48&H48&I48&J48&K48&L48&M48&N48&O48&P48&Q48&R48&S48&T48&U48&V48&W48&X48&Y48&Z48&AA48&AB48&AC48&AD48&AE48&AF48&AG48&AH48&AI48)-LEN(SUBSTITUTE(D48&E48&F48&G48&H48&I48&J48&K48&L48&M48&N48&O48&P48&Q48&R48&S48&T48&U48&V48&W48&X48&Y48&Z48&AA48&AB48&AC48&AD48&AE48&AF48&AG48&AH48&AI48,"2","")) -> 0 | AQ48: =LEN(D48&E48&F48&G48&H48&I48&J48&K48&L48&M48&N48&O48&P48&Q48&R48&S48&T48&U48&V48&W48&X48&Y48&Z48&AA48&AB48&AC48&AD48&AE48&AF48&AG48&AH48&AI48)-LEN(SUBSTITUTE(D48&E48&F48&G48&H48&I48&J48&K48&L48&M48&N48&O48&P48&Q48&R48&S48&T48&U48&V48&W48&X48&Y48&Z48&AA48&AB48&AC48&AD48&AE48&AF48&AG48&AH48&AI48,"3","")) -> 0 | AR48: =SUM(AO48:AQ48) -> 0 | AT48: =COUNTIF(D48:AI48,"*m*") -> 0 | AU48: =COUNTIF(D48:AI48,"*d*") -> 0 | AV48: =COUNTIF(D48:AI48,"*b*") -> 0 | AW48: =COUNTIF(D48:AI48,"*l*") -> 0 | AX48: =COUNTIF(D48:AI48,"*o*") -> 0 | AY48: =SUM(AT48:AX48) -> 0
A49: =Üldinfo!A48 -> 45 | B49: =Üldinfo!B48 -> Mees | C49: =Üldinfo!C48 -> 40+ a | AK49: =COUNTA(D49:AI49) -> 0 | AL49: =Üldinfo!AM48 -> 0 | AM49: =AK49/AL49 -> #DIV/0! | AO49: =LEN(D49&E49&F49&G49&H49&I49&J49&K49&L49&M49&N49&O49&P49&Q49&R49&S49&T49&U49&V49&W49&X49&Y49&Z49&AA49&AB49&AC49&AD49&AE49&AF49&AG49&AH49&AI49)-LEN(SUBSTITUTE(D49&E49&F49&G49&H49&I49&J49&K49&L49&M49&N49&O49&P49&Q49&R49&S49&T49&U49&V49&W49&X49&Y49&Z49&AA49&AB49&AC49&AD49&AE49&AF49&AG49&AH49&AI49,"1","")) -> 0 | AP49: =LEN(D49&E49&F49&G49&H49&I49&J49&K49&L49&M49&N49&O49&P49&Q49&R49&S49&T49&U49&V49&W49&X49&Y49&Z49&AA49&AB49&AC49&AD49&AE49&AF49&AG49&AH49&AI49)-LEN(SUBSTITUTE(D49&E49&F49&G49&H49&I49&J49&K49&L49&M49&N49&O49&P49&Q49&R49&S49&T49&U49&V49&W49&X49&Y49&Z49&AA49&AB49&AC49&AD49&AE49&AF49&AG49&AH49&AI49,"2","")) -> 0 | AQ49: =LEN(D49&E49&F49&G49&H49&I49&J49&K49&L49&M49&N49&O49&P49&Q49&R49&S49&T49&U49&V49&W49&X49&Y49&Z49&AA49&AB49&AC49&AD49&AE49&AF49&AG49&AH49&AI49)-LEN(SUBSTITUTE(D49&E49&F49&G49&H49&I49&J49&K49&L49&M49&N49&O49&P49&Q49&R49&S49&T49&U49&V49&W49&X49&Y49&Z49&AA49&AB49&AC49&AD49&AE49&AF49&AG49&AH49&AI49,"3","")) -> 0 | AR49: =SUM(AO49:AQ49) -> 0 | AT49: =COUNTIF(D49:AI49,"*m*") -> 0 | AU49: =COUNTIF(D49:AI49,"*d*") -> 0 | AV49: =COUNTIF(D49:AI49,"*b*") -> 0 | AW49: =COUNTIF(D49:AI49,"*l*") -> 0 | AX49: =COUNTIF(D49:AI49,"*o*") -> 0 | AY49: =SUM(AT49:AX49) -> 0
A50: =Üldinfo!A49 -> 46 | B50: =Üldinfo!B49 -> Täiskasvanu | C50: =Üldinfo!C49 -> Täiskasvanu | AK50: =COUNTA(D50:AI50) -> 0 | AL50: =Üldinfo!AM49 -> 0 | AM50: =AK50/AL50 -> #DIV/0! | AO50: =LEN(D50&E50&F50&G50&H50&I50&J50&K50&L50&M50&N50&O50&P50&Q50&R50&S50&T50&U50&V50&W50&X50&Y50&Z50&AA50&AB50&AC50&AD50&AE50&AF50&AG50&AH50&AI50)-LEN(SUBSTITUTE(D50&E50&F50&G50&H50&I50&J50&K50&L50&M50&N50&O50&P50&Q50&R50&S50&T50&U50&V50&W50&X50&Y50&Z50&AA50&AB50&AC50&AD50&AE50&AF50&AG50&AH50&AI50,"1","")) -> 0 | AP50: =LEN(D50&E50&F50&G50&H50&I50&J50&K50&L50&M50&N50&O50&P50&Q50&R50&S50&T50&U50&V50&W50&X50&Y50&Z50&AA50&AB50&AC50&AD50&AE50&AF50&AG50&AH50&AI50)-LEN(SUBSTITUTE(D50&E50&F50&G50&H50&I50&J50&K50&L50&M50&N50&O50&P50&Q50&R50&S50&T50&U50&V50&W50&X50&Y50&Z50&AA50&AB50&AC50&AD50&AE50&AF50&AG50&AH50&AI50,"2","")) -> 0 | AQ50: =LEN(D50&E50&F50&G50&H50&I50&J50&K50&L50&M50&N50&O50&P50&Q50&R50&S50&T50&U50&V50&W50&X50&Y50&Z50&AA50&AB50&AC50&AD50&AE50&AF50&AG50&AH50&AI50)-LEN(SUBSTITUTE(D50&E50&F50&G50&H50&I50&J50&K50&L50&M50&N50&O50&P50&Q50&R50&S50&T50&U50&V50&W50&X50&Y50&Z50&AA50&AB50&AC50&AD50&AE50&AF50&AG50&AH50&AI50,"3","")) -> 0 | AR50: =SUM(AO50:AQ50) -> 0 | AT50: =COUNTIF(D50:AI50,"*m*") -> 0 | AU50: =COUNTIF(D50:AI50,"*d*") -> 0 | AV50: =COUNTIF(D50:AI50,"*b*") -> 0 | AW50: =COUNTIF(D50:AI50,"*l*") -> 0 | AX50: =COUNTIF(D50:AI50,"*o*") -> 0 | AY50: =SUM(AT50:AX50) -> 0
A51: =Üldinfo!A50 -> 47 | B51: =Üldinfo!B50 -> Mees | C51: =Üldinfo!C50 -> 40+ a | AK51: =COUNTA(D51:AI51) -> 0 | AL51: =Üldinfo!AM50 -> 0 | AM51: =AK51/AL51 -> #DIV/0! | AO51: =LEN(D51&E51&F51&G51&H51&I51&J51&K51&L51&M51&N51&O51&P51&Q51&R51&S51&T51&U51&V51&W51&X51&Y51&Z51&AA51&AB51&AC51&AD51&AE51&AF51&AG51&AH51&AI51)-LEN(SUBSTITUTE(D51&E51&F51&G51&H51&I51&J51&K51&L51&M51&N51&O51&P51&Q51&R51&S51&T51&U51&V51&W51&X51&Y51&Z51&AA51&AB51&AC51&AD51&AE51&AF51&AG51&AH51&AI51,"1","")) -> 0 | AP51: =LEN(D51&E51&F51&G51&H51&I51&J51&K51&L51&M51&N51&O51&P51&Q51&R51&S51&T51&U51&V51&W51&X51&Y51&Z51&AA51&AB51&AC51&AD51&AE51&AF51&AG51&AH51&AI51)-LEN(SUBSTITUTE(D51&E51&F51&G51&H51&I51&J51&K51&L51&M51&N51&O51&P51&Q51&R51&S51&T51&U51&V51&W51&X51&Y51&Z51&AA51&AB51&AC51&AD51&AE51&AF51&AG51&AH51&AI51,"2","")) -> 0 | AQ51: =LEN(D51&E51&F51&G51&H51&I51&J51&K51&L51&M51&N51&O51&P51&Q51&R51&S51&T51&U51&V51&W51&X51&Y51&Z51&AA51&AB51&AC51&AD51&AE51&AF51&AG51&AH51&AI51)-LEN(SUBSTITUTE(D51&E51&F51&G51&H51&I51&J51&K51&L51&M51&N51&O51&P51&Q51&R51&S51&T51&U51&V51&W51&X51&Y51&Z51&AA51&AB51&AC51&AD51&AE51&AF51&AG51&AH51&AI51,"3","")) -> 0 | AR51: =SUM(AO51:AQ51) -> 0 | AT51: =COUNTIF(D51:AI51,"*m*") -> 0 | AU51: =COUNTIF(D51:AI51,"*d*") -> 0 | AV51: =COUNTIF(D51:AI51,"*b*") -> 0 | AW51: =COUNTIF(D51:AI51,"*l*") -> 0 | AX51: =COUNTIF(D51:AI51,"*o*") -> 0 | AY51: =SUM(AT51:AX51) -> 0
A52: =Üldinfo!A51 -> 48 | B52: =Üldinfo!B51 -> Alaealine | C52: =Üldinfo!C51 -> 2-5 a | AK52: =COUNTA(D52:AI52) -> 0 | AL52: =Üldinfo!AM51 -> 0 | AM52: =AK52/AL52 -> #DIV/0! | AO52: =LEN(D52&E52&F52&G52&H52&I52&J52&K52&L52&M52&N52&O52&P52&Q52&R52&S52&T52&U52&V52&W52&X52&Y52&Z52&AA52&AB52&AC52&AD52&AE52&AF52&AG52&AH52&AI52)-LEN(SUBSTITUTE(D52&E52&F52&G52&H52&I52&J52&K52&L52&M52&N52&O52&P52&Q52&R52&S52&T52&U52&V52&W52&X52&Y52&Z52&AA52&AB52&AC52&AD52&AE52&AF52&AG52&AH52&AI52,"1","")) -> 0 | AP52: =LEN(D52&E52&F52&G52&H52&I52&J52&K52&L52&M52&N52&O52&P52&Q52&R52&S52&T52&U52&V52&W52&X52&Y52&Z52&AA52&AB52&AC52&AD52&AE52&AF52&AG52&AH52&AI52)-LEN(SUBSTITUTE(D52&E52&F52&G52&H52&I52&J52&K52&L52&M52&N52&O52&P52&Q52&R52&S52&T52&U52&V52&W52&X52&Y52&Z52&AA52&AB52&AC52&AD52&AE52&AF52&AG52&AH52&AI52,"2","")) -> 0 | AQ52: =LEN(D52&E52&F52&G52&H52&I52&J52&K52&L52&M52&N52&O52&P52&Q52&R52&S52&T52&U52&V52&W52&X52&Y52&Z52&AA52&AB52&AC52&AD52&AE52&AF52&AG52&AH52&AI52)-LEN(SUBSTITUTE(D52&E52&F52&G52&H52&I52&J52&K52&L52&M52&N52&O52&P52&Q52&R52&S52&T52&U52&V52&W52&X52&Y52&Z52&AA52&AB52&AC52&AD52&AE52&AF52&AG52&AH52&AI52,"3","")) -> 0 | AR52: =SUM(AO52:AQ52) -> 0 | AT52: =COUNTIF(D52:AI52,"*m*") -> 0 | AU52: =COUNTIF(D52:AI52,"*d*") -> 0 | AV52: =COUNTIF(D52:AI52,"*b*") -> 0 | AW52: =COUNTIF(D52:AI52,"*l*") -> 0 | AX52: =COUNTIF(D52:AI52,"*o*") -> 0 | AY52: =SUM(AT52:AX52) -> 0
A53: =Üldinfo!A52 -> 49 | B53: =Üldinfo!B52 -> Alaealine | C53: =Üldinfo!C52 -> 12-15 a | AK53: =COUNTA(D53:AI53) -> 0 | AL53: =Üldinfo!AM52 -> 4 | AM53: =AK53/AL53 -> 0 | AO53: =LEN(D53&E53&F53&G53&H53&I53&J53&K53&L53&M53&N53&O53&P53&Q53&R53&S53&T53&U53&V53&W53&X53&Y53&Z53&AA53&AB53&AC53&AD53&AE53&AF53&AG53&AH53&AI53)-LEN(SUBSTITUTE(D53&E53&F53&G53&H53&I53&J53&K53&L53&M53&N53&O53&P53&Q53&R53&S53&T53&U53&V53&W53&X53&Y53&Z53&AA53&AB53&AC53&AD53&AE53&AF53&AG53&AH53&AI53,"1","")) -> 0 | AP53: =LEN(D53&E53&F53&G53&H53&I53&J53&K53&L53&M53&N53&O53&P53&Q53&R53&S53&T53&U53&V53&W53&X53&Y53&Z53&AA53&AB53&AC53&AD53&AE53&AF53&AG53&AH53&AI53)-LEN(SUBSTITUTE(D53&E53&F53&G53&H53&I53&J53&K53&L53&M53&N53&O53&P53&Q53&R53&S53&T53&U53&V53&W53&X53&Y53&Z53&AA53&AB53&AC53&AD53&AE53&AF53&AG53&AH53&AI53,"2","")) -> 0 | AQ53: =LEN(D53&E53&F53&G53&H53&I53&J53&K53&L53&M53&N53&O53&P53&Q53&R53&S53&T53&U53&V53&W53&X53&Y53&Z53&AA53&AB53&AC53&AD53&AE53&AF53&AG53&AH53&AI53)-LEN(SUBSTITUTE(D53&E53&F53&G53&H53&I53&J53&K53&L53&M53&N53&O53&P53&Q53&R53&S53&T53&U53&V53&W53&X53&Y53&Z53&AA53&AB53&AC53&AD53&AE53&AF53&AG53&AH53&AI53,"3","")) -> 0 | AR53: =SUM(AO53:AQ53) -> 0 | AT53: =COUNTIF(D53:AI53,"*m*") -> 0 | AU53: =COUNTIF(D53:AI53,"*d*") -> 0 | AV53: =COUNTIF(D53:AI53,"*b*") -> 0 | AW53: =COUNTIF(D53:AI53,"*l*") -> 0 | AX53: =COUNTIF(D53:AI53,"*o*") -> 0 | AY53: =SUM(AT53:AX53) -> 0
A54: =Üldinfo!A53 -> 50 | B54: =Üldinfo!B53 -> Mees | C54: =Üldinfo!C53 -> 40+ a | AC54: 1l | AE54: 1l | AK54: =COUNTA(D54:AI54) -> 2 | AL54: =Üldinfo!AM53 -> 13 | AM54: =AK54/AL54 -> 0.15384615 | AO54: =LEN(D54&E54&F54&G54&H54&I54&J54&K54&L54&M54&N54&O54&P54&Q54&R54&S54&T54&U54&V54&W54&X54&Y54&Z54&AA54&AB54&AC54&AD54&AE54&AF54&AG54&AH54&AI54)-LEN(SUBSTITUTE(D54&E54&F54&G54&H54&I54&J54&K54&L54&M54&N54&O54&P54&Q54&R54&S54&T54&U54&V54&W54&X54&Y54&Z54&AA54&AB54&AC54&AD54&AE54&AF54&AG54&AH54&AI54,"1","")) -> 2 | AP54: =LEN(D54&E54&F54&G54&H54&I54&J54&K54&L54&M54&N54&O54&P54&Q54&R54&S54&T54&U54&V54&W54&X54&Y54&Z54&AA54&AB54&AC54&AD54&AE54&AF54&AG54&AH54&AI54)-LEN(SUBSTITUTE(D54&E54&F54&G54&H54&I54&J54&K54&L54&M54&N54&O54&P54&Q54&R54&S54&T54&U54&V54&W54&X54&Y54&Z54&AA54&AB54&AC54&AD54&AE54&AF54&AG54&AH54&AI54,"2","")) -> 0 | AQ54: =LEN(D54&E54&F54&G54&H54&I54&J54&K54&L54&M54&N54&O54&P54&Q54&R54&S54&T54&U54&V54&W54&X54&Y54&Z54&AA54&AB54&AC54&AD54&AE54&AF54&AG54&AH54&AI54)-LEN(SUBSTITUTE(D54&E54&F54&G54&H54&I54&J54&K54&L54&M54&N54&O54&P54&Q54&R54&S54&T54&U54&V54&W54&X54&Y54&Z54&AA54&AB54&AC54&AD54&AE54&AF54&AG54&AH54&AI54,"3","")) -> 0 | AR54: =SUM(AO54:AQ54) -> 2 | AT54: =COUNTIF(D54:AI54,"*m*") -> 0 | AU54: =COUNTIF(D54:AI54,"*d*") -> 0 | AV54: =COUNTIF(D54:AI54,"*b*") -> 0 | AW54: =COUNTIF(D54:AI54,"*l*") -> 2 | AX54: =COUNTIF(D54:AI54,"*o*") -> 0 | AY54: =SUM(AT54:AX54) -> 2
A55: =Üldinfo!A54 -> 51 | B55: =Üldinfo!B54 -> Naine | C55: =Üldinfo!C54 -> 40+ a | AK55: =COUNTA(D55:AI55) -> 0 | AL55: =Üldinfo!AM54 -> 0 | AM55: =AK55/AL55 -> #DIV/0! | AO55: =LEN(D55&E55&F55&G55&H55&I55&J55&K55&L55&M55&N55&O55&P55&Q55&R55&S55&T55&U55&V55&W55&X55&Y55&Z55&AA55&AB55&AC55&AD55&AE55&AF55&AG55&AH55&AI55)-LEN(SUBSTITUTE(D55&E55&F55&G55&H55&I55&J55&K55&L55&M55&N55&O55&P55&Q55&R55&S55&T55&U55&V55&W55&X55&Y55&Z55&AA55&AB55&AC55&AD55&AE55&AF55&AG55&AH55&AI55,"1","")) -> 0 | AP55: =LEN(D55&E55&F55&G55&H55&I55&J55&K55&L55&M55&N55&O55&P55&Q55&R55&S55&T55&U55&V55&W55&X55&Y55&Z55&AA55&AB55&AC55&AD55&AE55&AF55&AG55&AH55&AI55)-LEN(SUBSTITUTE(D55&E55&F55&G55&H55&I55&J55&K55&L55&M55&N55&O55&P55&Q55&R55&S55&T55&U55&V55&W55&X55&Y55&Z55&AA55&AB55&AC55&AD55&AE55&AF55&AG55&AH55&AI55,"2","")) -> 0 | AQ55: =LEN(D55&E55&F55&G55&H55&I55&J55&K55&L55&M55&N55&O55&P55&Q55&R55&S55&T55&U55&V55&W55&X55&Y55&Z55&AA55&AB55&AC55&AD55&AE55&AF55&AG55&AH55&AI55)-LEN(SUBSTITUTE(D55&E55&F55&G55&H55&I55&J55&K55&L55&M55&N55&O55&P55&Q55&R55&S55&T55&U55&V55&W55&X55&Y55&Z55&AA55&AB55&AC55&AD55&AE55&AF55&AG55&AH55&AI55,"3","")) -> 0 | AR55: =SUM(AO55:AQ55) -> 0 | AT55: =COUNTIF(D55:AI55,"*m*") -> 0 | AU55: =COUNTIF(D55:AI55,"*d*") -> 0 | AV55: =COUNTIF(D55:AI55,"*b*") -> 0 | AW55: =COUNTIF(D55:AI55,"*l*") -> 0 | AX55: =COUNTIF(D55:AI55,"*o*") -> 0 | AY55: =SUM(AT55:AX55) -> 0
A56: =Üldinfo!A55 -> 52 | B56: =Üldinfo!B55 -> Naine | C56: =Üldinfo!C55 -> 17-25 a | O56: 1b | Z56: 2b1l | AA56: 1b | AG56: 1d | AK56: =COUNTA(D56:AI56) -> 4 | AL56: =Üldinfo!AM55 -> 17 | AM56: =AK56/AL56 -> 0.23529412 | AO56: =LEN(D56&E56&F56&G56&H56&I56&J56&K56&L56&M56&N56&O56&P56&Q56&R56&S56&T56&U56&V56&W56&X56&Y56&Z56&AA56&AB56&AC56&AD56&AE56&AF56&AG56&AH56&AI56)-LEN(SUBSTITUTE(D56&E56&F56&G56&H56&I56&J56&K56&L56&M56&N56&O56&P56&Q56&R56&S56&T56&U56&V56&W56&X56&Y56&Z56&AA56&AB56&AC56&AD56&AE56&AF56&AG56&AH56&AI56,"1","")) -> 4 | AP56: =LEN(D56&E56&F56&G56&H56&I56&J56&K56&L56&M56&N56&O56&P56&Q56&R56&S56&T56&U56&V56&W56&X56&Y56&Z56&AA56&AB56&AC56&AD56&AE56&AF56&AG56&AH56&AI56)-LEN(SUBSTITUTE(D56&E56&F56&G56&H56&I56&J56&K56&L56&M56&N56&O56&P56&Q56&R56&S56&T56&U56&V56&W56&X56&Y56&Z56&AA56&AB56&AC56&AD56&AE56&AF56&AG56&AH56&AI56,"2","")) -> 1 | AQ56: =LEN(D56&E56&F56&G56&H56&I56&J56&K56&L56&M56&N56&O56&P56&Q56&R56&S56&T56&U56&V56&W56&X56&Y56&Z56&AA56&AB56&AC56&AD56&AE56&AF56&AG56&AH56&AI56)-LEN(SUBSTITUTE(D56&E56&F56&G56&H56&I56&J56&K56&L56&M56&N56&O56&P56&Q56&R56&S56&T56&U56&V56&W56&X56&Y56&Z56&AA56&AB56&AC56&AD56&AE56&AF56&AG56&AH56&AI56,"3","")) -> 0 | AR56: =SUM(AO56:AQ56) -> 5 | AT56: =COUNTIF(D56:AI56,"*m*") -> 0 | AU56: =COUNTIF(D56:AI56,"*d*") -> 1 | AV56: =COUNTIF(D56:AI56,"*b*") -> 3 | AW56: =COUNTIF(D56:AI56,"*l*") -> 1 | AX56: =COUNTIF(D56:AI56,"*o*") -> 0 | AY56: =SUM(AT56:AX56) -> 5
A57: =Üldinfo!A56 -> 53 | B57: =Üldinfo!B56 -> Täiskasvanu | C57: =Üldinfo!C56 -> Täiskasvanu | AK57: =COUNTA(D57:AI57) -> 0 | AL57: =Üldinfo!AM56 -> 0 | AM57: =AK57/AL57 -> #DIV/0! | AO57: =LEN(D57&E57&F57&G57&H57&I57&J57&K57&L57&M57&N57&O57&P57&Q57&R57&S57&T57&U57&V57&W57&X57&Y57&Z57&AA57&AB57&AC57&AD57&AE57&AF57&AG57&AH57&AI57)-LEN(SUBSTITUTE(D57&E57&F57&G57&H57&I57&J57&K57&L57&M57&N57&O57&P57&Q57&R57&S57&T57&U57&V57&W57&X57&Y57&Z57&AA57&AB57&AC57&AD57&AE57&AF57&AG57&AH57&AI57,"1","")) -> 0 | AP57: =LEN(D57&E57&F57&G57&H57&I57&J57&K57&L57&M57&N57&O57&P57&Q57&R57&S57&T57&U57&V57&W57&X57&Y57&Z57&AA57&AB57&AC57&AD57&AE57&AF57&AG57&AH57&AI57)-LEN(SUBSTITUTE(D57&E57&F57&G57&H57&I57&J57&K57&L57&M57&N57&O57&P57&Q57&R57&S57&T57&U57&V57&W57&X57&Y57&Z57&AA57&AB57&AC57&AD57&AE57&AF57&AG57&AH57&AI57,"2","")) -> 0 | AQ57: =LEN(D57&E57&F57&G57&H57&I57&J57&K57&L57&M57&N57&O57&P57&Q57&R57&S57&T57&U57&V57&W57&X57&Y57&Z57&AA57&AB57&AC57&AD57&AE57&AF57&AG57&AH57&AI57)-LEN(SUBSTITUTE(D57&E57&F57&G57&H57&I57&J57&K57&L57&M57&N57&O57&P57&Q57&R57&S57&T57&U57&V57&W57&X57&Y57&Z57&AA57&AB57&AC57&AD57&AE57&AF57&AG57&AH57&AI57,"3","")) -> 0 | AR57: =SUM(AO57:AQ57) -> 0 | AT57: =COUNTIF(D57:AI57,"*m*") -> 0 | AU57: =COUNTIF(D57:AI57,"*d*") -> 0 | AV57: =COUNTIF(D57:AI57,"*b*") -> 0 | AW57: =COUNTIF(D57:AI57,"*l*") -> 0 | AX57: =COUNTIF(D57:AI57,"*o*") -> 0 | AY57: =SUM(AT57:AX57) -> 0
A58: =Üldinfo!A57 -> 54 | B58: =Üldinfo!B57 -> Täiskasvanu | C58: =Üldinfo!C57 -> Täiskasvanu | AK58: =COUNTA(D58:AI58) -> 0 | AL58: =Üldinfo!AM57 -> 0 | AM58: =AK58/AL58 -> #DIV/0! | AO58: =LEN(D58&E58&F58&G58&H58&I58&J58&K58&L58&M58&N58&O58&P58&Q58&R58&S58&T58&U58&V58&W58&X58&Y58&Z58&AA58&AB58&AC58&AD58&AE58&AF58&AG58&AH58&AI58)-LEN(SUBSTITUTE(D58&E58&F58&G58&H58&I58&J58&K58&L58&M58&N58&O58&P58&Q58&R58&S58&T58&U58&V58&W58&X58&Y58&Z58&AA58&AB58&AC58&AD58&AE58&AF58&AG58&AH58&AI58,"1","")) -> 0 | AP58: =LEN(D58&E58&F58&G58&H58&I58&J58&K58&L58&M58&N58&O58&P58&Q58&R58&S58&T58&U58&V58&W58&X58&Y58&Z58&AA58&AB58&AC58&AD58&AE58&AF58&AG58&AH58&AI58)-LEN(SUBSTITUTE(D58&E58&F58&G58&H58&I58&J58&K58&L58&M58&N58&O58&P58&Q58&R58&S58&T58&U58&V58&W58&X58&Y58&Z58&AA58&AB58&AC58&AD58&AE58&AF58&AG58&AH58&AI58,"2","")) -> 0 | AQ58: =LEN(D58&E58&F58&G58&H58&I58&J58&K58&L58&M58&N58&O58&P58&Q58&R58&S58&T58&U58&V58&W58&X58&Y58&Z58&AA58&AB58&AC58&AD58&AE58&AF58&AG58&AH58&AI58)-LEN(SUBSTITUTE(D58&E58&F58&G58&H58&I58&J58&K58&L58&M58&N58&O58&P58&Q58&R58&S58&T58&U58&V58&W58&X58&Y58&Z58&AA58&AB58&AC58&AD58&AE58&AF58&AG58&AH58&AI58,"3","")) -> 0 | AR58: =SUM(AO58:AQ58) -> 0 | AT58: =COUNTIF(D58:AI58,"*m*") -> 0 | AU58: =COUNTIF(D58:AI58,"*d*") -> 0 | AV58: =COUNTIF(D58:AI58,"*b*") -> 0 | AW58: =COUNTIF(D58:AI58,"*l*") -> 0 | AX58: =COUNTIF(D58:AI58,"*o*") -> 0 | AY58: =SUM(AT58:AX58) -> 0
A59: =Üldinfo!A58 -> 55 | B59: =Üldinfo!B58 -> Naine | C59: =Üldinfo!C58 -> 18-19 a | AB59: 1b | AC59: 1b | AK59: =COUNTA(D59:AI59) -> 2 | AL59: =Üldinfo!AM58 -> 7 | AM59: =AK59/AL59 -> 0.28571429 | AO59: =LEN(D59&E59&F59&G59&H59&I59&J59&K59&L59&M59&N59&O59&P59&Q59&R59&S59&T59&U59&V59&W59&X59&Y59&Z59&AA59&AB59&AC59&AD59&AE59&AF59&AG59&AH59&AI59)-LEN(SUBSTITUTE(D59&E59&F59&G59&H59&I59&J59&K59&L59&M59&N59&O59&P59&Q59&R59&S59&T59&U59&V59&W59&X59&Y59&Z59&AA59&AB59&AC59&AD59&AE59&AF59&AG59&AH59&AI59,"1","")) -> 2 | AP59: =LEN(D59&E59&F59&G59&H59&I59&J59&K59&L59&M59&N59&O59&P59&Q59&R59&S59&T59&U59&V59&W59&X59&Y59&Z59&AA59&AB59&AC59&AD59&AE59&AF59&AG59&AH59&AI59)-LEN(SUBSTITUTE(D59&E59&F59&G59&H59&I59&J59&K59&L59&M59&N59&O59&P59&Q59&R59&S59&T59&U59&V59&W59&X59&Y59&Z59&AA59&AB59&AC59&AD59&AE59&AF59&AG59&AH59&AI59,"2","")) -> 0 | AQ59: =LEN(D59&E59&F59&G59&H59&I59&J59&K59&L59&M59&N59&O59&P59&Q59&R59&S59&T59&U59&V59&W59&X59&Y59&Z59&AA59&AB59&AC59&AD59&AE59&AF59&AG59&AH59&AI59)-LEN(SUBSTITUTE(D59&E59&F59&G59&H59&I59&J59&K59&L59&M59&N59&O59&P59&Q59&R59&S59&T59&U59&V59&W59&X59&Y59&Z59&AA59&AB59&AC59&AD59&AE59&AF59&AG59&AH59&AI59,"3","")) -> 0 | AR59: =SUM(AO59:AQ59) -> 2 | AT59: =COUNTIF(D59:AI59,"*m*") -> 0 | AU59: =COUNTIF(D59:AI59,"*d*") -> 0 | AV59: =COUNTIF(D59:AI59,"*b*") -> 2 | AW59: =COUNTIF(D59:AI59,"*l*") -> 0 | AX59: =COUNTIF(D59:AI59,"*o*") -> 0 | AY59: =SUM(AT59:AX59) -> 2
A60: =Üldinfo!A59 -> 56 | B60: =Üldinfo!B59 -> Naine | C60: =Üldinfo!C59 -> 40+ a | AK60: =COUNTA(D60:AI60) -> 0 | AL60: =Üldinfo!AM59 -> 0 | AM60: =AK60/AL60 -> #DIV/0! | AO60: =LEN(D60&E60&F60&G60&H60&I60&J60&K60&L60&M60&N60&O60&P60&Q60&R60&S60&T60&U60&V60&W60&X60&Y60&Z60&AA60&AB60&AC60&AD60&AE60&AF60&AG60&AH60&AI60)-LEN(SUBSTITUTE(D60&E60&F60&G60&H60&I60&J60&K60&L60&M60&N60&O60&P60&Q60&R60&S60&T60&U60&V60&W60&X60&Y60&Z60&AA60&AB60&AC60&AD60&AE60&AF60&AG60&AH60&AI60,"1","")) -> 0 | AP60: =LEN(D60&E60&F60&G60&H60&I60&J60&K60&L60&M60&N60&O60&P60&Q60&R60&S60&T60&U60&V60&W60&X60&Y60&Z60&AA60&AB60&AC60&AD60&AE60&AF60&AG60&AH60&AI60)-LEN(SUBSTITUTE(D60&E60&F60&G60&H60&I60&J60&K60&L60&M60&N60&O60&P60&Q60&R60&S60&T60&U60&V60&W60&X60&Y60&Z60&AA60&AB60&AC60&AD60&AE60&AF60&AG60&AH60&AI60,"2","")) -> 0 | AQ60: =LEN(D60&E60&F60&G60&H60&I60&J60&K60&L60&M60&N60&O60&P60&Q60&R60&S60&T60&U60&V60&W60&X60&Y60&Z60&AA60&AB60&AC60&AD60&AE60&AF60&AG60&AH60&AI60)-LEN(SUBSTITUTE(D60&E60&F60&G60&H60&I60&J60&K60&L60&M60&N60&O60&P60&Q60&R60&S60&T60&U60&V60&W60&X60&Y60&Z60&AA60&AB60&AC60&AD60&AE60&AF60&AG60&AH60&AI60,"3","")) -> 0 | AR60: =SUM(AO60:AQ60) -> 0 | AT60: =COUNTIF(D60:AI60,"*m*") -> 0 | AU60: =COUNTIF(D60:AI60,"*d*") -> 0 | AV60: =COUNTIF(D60:AI60,"*b*") -> 0 | AW60: =COUNTIF(D60:AI60,"*l*") -> 0 | AX60: =COUNTIF(D60:AI60,"*o*") -> 0 | AY60: =SUM(AT60:AX60) -> 0
A61: =Üldinfo!A60 -> 57 | B61: =Üldinfo!B60 -> Alaealine | C61: =Üldinfo!C60 -> 7-11 a | V61: 1m1b1d1l | W61: 1m1d | AA61: 1l | AB61: 1m1d | AC61: 1m1d | AG61: 1l1d | AK61: =COUNTA(D61:AI61) -> 6 | AL61: =Üldinfo!AM60 -> 22 | AM61: =AK61/AL61 -> 0.27272727 | AO61: =LEN(D61&E61&F61&G61&H61&I61&J61&K61&L61&M61&N61&O61&P61&Q61&R61&S61&T61&U61&V61&W61&X61&Y61&Z61&AA61&AB61&AC61&AD61&AE61&AF61&AG61&AH61&AI61)-LEN(SUBSTITUTE(D61&E61&F61&G61&H61&I61&J61&K61&L61&M61&N61&O61&P61&Q61&R61&S61&T61&U61&V61&W61&X61&Y61&Z61&AA61&AB61&AC61&AD61&AE61&AF61&AG61&AH61&AI61,"1","")) -> 13 | AP61: =LEN(D61&E61&F61&G61&H61&I61&J61&K61&L61&M61&N61&O61&P61&Q61&R61&S61&T61&U61&V61&W61&X61&Y61&Z61&AA61&AB61&AC61&AD61&AE61&AF61&AG61&AH61&AI61)-LEN(SUBSTITUTE(D61&E61&F61&G61&H61&I61&J61&K61&L61&M61&N61&O61&P61&Q61&R61&S61&T61&U61&V61&W61&X61&Y61&Z61&AA61&AB61&AC61&AD61&AE61&AF61&AG61&AH61&AI61,"2","")) -> 0 | AQ61: =LEN(D61&E61&F61&G61&H61&I61&J61&K61&L61&M61&N61&O61&P61&Q61&R61&S61&T61&U61&V61&W61&X61&Y61&Z61&AA61&AB61&AC61&AD61&AE61&AF61&AG61&AH61&AI61)-LEN(SUBSTITUTE(D61&E61&F61&G61&H61&I61&J61&K61&L61&M61&N61&O61&P61&Q61&R61&S61&T61&U61&V61&W61&X61&Y61&Z61&AA61&AB61&AC61&AD61&AE61&AF61&AG61&AH61&AI61,"3","")) -> 0 | AR61: =SUM(AO61:AQ61) -> 13 | AT61: =COUNTIF(D61:AI61,"*m*") -> 4 | AU61: =COUNTIF(D61:AI61,"*d*") -> 5 | AV61: =COUNTIF(D61:AI61,"*b*") -> 1 | AW61: =COUNTIF(D61:AI61,"*l*") -> 3 | AX61: =COUNTIF(D61:AI61,"*o*") -> 0 | AY61: =SUM(AT61:AX61) -> 13
A62: =Üldinfo!A61 -> 58 | B62: =Üldinfo!B61 -> Alaealine | C62: =Üldinfo!C61 -> 1 a ± 4 k | AK62: =COUNTA(D62:AI62) -> 0 | AL62: =Üldinfo!AM61 -> 1 | AM62: =AK62/AL62 -> 0 | AO62: =LEN(D62&E62&F62&G62&H62&I62&J62&K62&L62&M62&N62&O62&P62&Q62&R62&S62&T62&U62&V62&W62&X62&Y62&Z62&AA62&AB62&AC62&AD62&AE62&AF62&AG62&AH62&AI62)-LEN(SUBSTITUTE(D62&E62&F62&G62&H62&I62&J62&K62&L62&M62&N62&O62&P62&Q62&R62&S62&T62&U62&V62&W62&X62&Y62&Z62&AA62&AB62&AC62&AD62&AE62&AF62&AG62&AH62&AI62,"1","")) -> 0 | AP62: =LEN(D62&E62&F62&G62&H62&I62&J62&K62&L62&M62&N62&O62&P62&Q62&R62&S62&T62&U62&V62&W62&X62&Y62&Z62&AA62&AB62&AC62&AD62&AE62&AF62&AG62&AH62&AI62)-LEN(SUBSTITUTE(D62&E62&F62&G62&H62&I62&J62&K62&L62&M62&N62&O62&P62&Q62&R62&S62&T62&U62&V62&W62&X62&Y62&Z62&AA62&AB62&AC62&AD62&AE62&AF62&AG62&AH62&AI62,"2","")) -> 0 | AQ62: =LEN(D62&E62&F62&G62&H62&I62&J62&K62&L62&M62&N62&O62&P62&Q62&R62&S62&T62&U62&V62&W62&X62&Y62&Z62&AA62&AB62&AC62&AD62&AE62&AF62&AG62&AH62&AI62)-LEN(SUBSTITUTE(D62&E62&F62&G62&H62&I62&J62&K62&L62&M62&N62&O62&P62&Q62&R62&S62&T62&U62&V62&W62&X62&Y62&Z62&AA62&AB62&AC62&AD62&AE62&AF62&AG62&AH62&AI62,"3","")) -> 0 | AR62: =SUM(AO62:AQ62) -> 0 | AT62: =COUNTIF(D62:AI62,"*m*") -> 0 | AU62: =COUNTIF(D62:AI62,"*d*") -> 0 | AV62: =COUNTIF(D62:AI62,"*b*") -> 0 | AW62: =COUNTIF(D62:AI62,"*l*") -> 0 | AX62: =COUNTIF(D62:AI62,"*o*") -> 0 | AY62: =SUM(AT62:AX62) -> 0
A63: =Üldinfo!A62 -> 59 | B63: =Üldinfo!B62 -> Mees | C63: =Üldinfo!C62 -> 17-22 a | T63: 1l1b | U63: 1m | V63: 1l1d | Y63: 1m1b1d1l | Z63: 1m1b1d1l | AA63: 1m1b1d1l | AB63: 1m1b1d1l | AC63: 1m1b1d1l | AD63: 1m1b1d1l | AG63: 1l | AK63: =COUNTA(D63:AI63) -> 10 | AL63: =Üldinfo!AM62 -> 32 | AM63: =AK63/AL63 -> 0.3125 | AO63: =LEN(D63&E63&F63&G63&H63&I63&J63&K63&L63&M63&N63&O63&P63&Q63&R63&S63&T63&U63&V63&W63&X63&Y63&Z63&AA63&AB63&AC63&AD63&AE63&AF63&AG63&AH63&AI63)-LEN(SUBSTITUTE(D63&E63&F63&G63&H63&I63&J63&K63&L63&M63&N63&O63&P63&Q63&R63&S63&T63&U63&V63&W63&X63&Y63&Z63&AA63&AB63&AC63&AD63&AE63&AF63&AG63&AH63&AI63,"1","")) -> 30 | AP63: =LEN(D63&E63&F63&G63&H63&I63&J63&K63&L63&M63&N63&O63&P63&Q63&R63&S63&T63&U63&V63&W63&X63&Y63&Z63&AA63&AB63&AC63&AD63&AE63&AF63&AG63&AH63&AI63)-LEN(SUBSTITUTE(D63&E63&F63&G63&H63&I63&J63&K63&L63&M63&N63&O63&P63&Q63&R63&S63&T63&U63&V63&W63&X63&Y63&Z63&AA63&AB63&AC63&AD63&AE63&AF63&AG63&AH63&AI63,"2","")) -> 0 | AQ63: =LEN(D63&E63&F63&G63&H63&I63&J63&K63&L63&M63&N63&O63&P63&Q63&R63&S63&T63&U63&V63&W63&X63&Y63&Z63&AA63&AB63&AC63&AD63&AE63&AF63&AG63&AH63&AI63)-LEN(SUBSTITUTE(D63&E63&F63&G63&H63&I63&J63&K63&L63&M63&N63&O63&P63&Q63&R63&S63&T63&U63&V63&W63&X63&Y63&Z63&AA63&AB63&AC63&AD63&AE63&AF63&AG63&AH63&AI63,"3","")) -> 0 | AR63: =SUM(AO63:AQ63) -> 30 | AT63: =COUNTIF(D63:AI63,"*m*") -> 7 | AU63: =COUNTIF(D63:AI63,"*d*") -> 7 | AV63: =COUNTIF(D63:AI63,"*b*") -> 7 | AW63: =COUNTIF(D63:AI63,"*l*") -> 9 | AX63: =COUNTIF(D63:AI63,"*o*") -> 0 | AY63: =SUM(AT63:AX63) -> 30
A64: =Üldinfo!A63 -> 60 | B64: =Üldinfo!B63 -> Täiskasvanu | C64: =Üldinfo!C63 -> Täiskasvanu | AK64: =COUNTA(D64:AI64) -> 0 | AL64: =Üldinfo!AM63 -> 0 | AM64: =AK64/AL64 -> #DIV/0! | AO64: =LEN(D64&E64&F64&G64&H64&I64&J64&K64&L64&M64&N64&O64&P64&Q64&R64&S64&T64&U64&V64&W64&X64&Y64&Z64&AA64&AB64&AC64&AD64&AE64&AF64&AG64&AH64&AI64)-LEN(SUBSTITUTE(D64&E64&F64&G64&H64&I64&J64&K64&L64&M64&N64&O64&P64&Q64&R64&S64&T64&U64&V64&W64&X64&Y64&Z64&AA64&AB64&AC64&AD64&AE64&AF64&AG64&AH64&AI64,"1","")) -> 0 | AP64: =LEN(D64&E64&F64&G64&H64&I64&J64&K64&L64&M64&N64&O64&P64&Q64&R64&S64&T64&U64&V64&W64&X64&Y64&Z64&AA64&AB64&AC64&AD64&AE64&AF64&AG64&AH64&AI64)-LEN(SUBSTITUTE(D64&E64&F64&G64&H64&I64&J64&K64&L64&M64&N64&O64&P64&Q64&R64&S64&T64&U64&V64&W64&X64&Y64&Z64&AA64&AB64&AC64&AD64&AE64&AF64&AG64&AH64&AI64,"2","")) -> 0 | AQ64: =LEN(D64&E64&F64&G64&H64&I64&J64&K64&L64&M64&N64&O64&P64&Q64&R64&S64&T64&U64&V64&W64&X64&Y64&Z64&AA64&AB64&AC64&AD64&AE64&AF64&AG64&AH64&AI64)-LEN(SUBSTITUTE(D64&E64&F64&G64&H64&I64&J64&K64&L64&M64&N64&O64&P64&Q64&R64&S64&T64&U64&V64&W64&X64&Y64&Z64&AA64&AB64&AC64&AD64&AE64&AF64&AG64&AH64&AI64,"3","")) -> 0 | AR64: =SUM(AO64:AQ64) -> 0 | AT64: =COUNTIF(D64:AI64,"*m*") -> 0 | AU64: =COUNTIF(D64:AI64,"*d*") -> 0 | AV64: =COUNTIF(D64:AI64,"*b*") -> 0 | AW64: =COUNTIF(D64:AI64,"*l*") -> 0 | AX64: =COUNTIF(D64:AI64,"*o*") -> 0 | AY64: =SUM(AT64:AX64) -> 0
A65: =Üldinfo!A64 -> 61 | B65: =Üldinfo!B64 -> Mees | C65: =Üldinfo!C64 -> 50+ a | W65: 1m1b1d1l | X65: 1m1b1d1l | Y65: 2l1m1b1d | AD65: 1b1l | AE65: 1m1b1d1l | AF65: 1m1b1d1l | AI65: 1m1d1l | AK65: =COUNTA(D65:AI65) -> 7 | AL65: =Üldinfo!AM64 -> 10 | AM65: =AK65/AL65 -> 0.7 | AO65: =LEN(D65&E65&F65&G65&H65&I65&J65&K65&L65&M65&N65&O65&P65&Q65&R65&S65&T65&U65&V65&W65&X65&Y65&Z65&AA65&AB65&AC65&AD65&AE65&AF65&AG65&AH65&AI65)-LEN(SUBSTITUTE(D65&E65&F65&G65&H65&I65&J65&K65&L65&M65&N65&O65&P65&Q65&R65&S65&T65&U65&V65&W65&X65&Y65&Z65&AA65&AB65&AC65&AD65&AE65&AF65&AG65&AH65&AI65,"1","")) -> 24 | AP65: =LEN(D65&E65&F65&G65&H65&I65&J65&K65&L65&M65&N65&O65&P65&Q65&R65&S65&T65&U65&V65&W65&X65&Y65&Z65&AA65&AB65&AC65&AD65&AE65&AF65&AG65&AH65&AI65)-LEN(SUBSTITUTE(D65&E65&F65&G65&H65&I65&J65&K65&L65&M65&N65&O65&P65&Q65&R65&S65&T65&U65&V65&W65&X65&Y65&Z65&AA65&AB65&AC65&AD65&AE65&AF65&AG65&AH65&AI65,"2","")) -> 1 | AQ65: =LEN(D65&E65&F65&G65&H65&I65&J65&K65&L65&M65&N65&O65&P65&Q65&R65&S65&T65&U65&V65&W65&X65&Y65&Z65&AA65&AB65&AC65&AD65&AE65&AF65&AG65&AH65&AI65)-LEN(SUBSTITUTE(D65&E65&F65&G65&H65&I65&J65&K65&L65&M65&N65&O65&P65&Q65&R65&S65&T65&U65&V65&W65&X65&Y65&Z65&AA65&AB65&AC65&AD65&AE65&AF65&AG65&AH65&AI65,"3","")) -> 0 | AR65: =SUM(AO65:AQ65) -> 25 | AT65: =COUNTIF(D65:AI65,"*m*") -> 6 | AU65: =COUNTIF(D65:AI65,"*d*") -> 6 | AV65: =COUNTIF(D65:AI65,"*b*") -> 6 | AW65: =COUNTIF(D65:AI65,"*l*") -> 7 | AX65: =COUNTIF(D65:AI65,"*o*") -> 0 | AY65: =SUM(AT65:AX65) -> 25
A66: =Üldinfo!A65 -> 62 | B66: =Üldinfo!B65 -> Mees | C66: =Üldinfo!C65 -> Täiskasvanu | AK66: =COUNTA(D66:AI66) -> 0 | AL66: =Üldinfo!AM65 -> 0 | AM66: =AK66/AL66 -> #DIV/0! | AO66: =LEN(D66&E66&F66&G66&H66&I66&J66&K66&L66&M66&N66&O66&P66&Q66&R66&S66&T66&U66&V66&W66&X66&Y66&Z66&AA66&AB66&AC66&AD66&AE66&AF66&AG66&AH66&AI66)-LEN(SUBSTITUTE(D66&E66&F66&G66&H66&I66&J66&K66&L66&M66&N66&O66&P66&Q66&R66&S66&T66&U66&V66&W66&X66&Y66&Z66&AA66&AB66&AC66&AD66&AE66&AF66&AG66&AH66&AI66,"1","")) -> 0 | AP66: =LEN(D66&E66&F66&G66&H66&I66&J66&K66&L66&M66&N66&O66&P66&Q66&R66&S66&T66&U66&V66&W66&X66&Y66&Z66&AA66&AB66&AC66&AD66&AE66&AF66&AG66&AH66&AI66)-LEN(SUBSTITUTE(D66&E66&F66&G66&H66&I66&J66&K66&L66&M66&N66&O66&P66&Q66&R66&S66&T66&U66&V66&W66&X66&Y66&Z66&AA66&AB66&AC66&AD66&AE66&AF66&AG66&AH66&AI66,"2","")) -> 0 | AQ66: =LEN(D66&E66&F66&G66&H66&I66&J66&K66&L66&M66&N66&O66&P66&Q66&R66&S66&T66&U66&V66&W66&X66&Y66&Z66&AA66&AB66&AC66&AD66&AE66&AF66&AG66&AH66&AI66)-LEN(SUBSTITUTE(D66&E66&F66&G66&H66&I66&J66&K66&L66&M66&N66&O66&P66&Q66&R66&S66&T66&U66&V66&W66&X66&Y66&Z66&AA66&AB66&AC66&AD66&AE66&AF66&AG66&AH66&AI66,"3","")) -> 0 | AR66: =SUM(AO66:AQ66) -> 0 | AT66: =COUNTIF(D66:AI66,"*m*") -> 0 | AU66: =COUNTIF(D66:AI66,"*d*") -> 0 | AV66: =COUNTIF(D66:AI66,"*b*") -> 0 | AW66: =COUNTIF(D66:AI66,"*l*") -> 0 | AX66: =COUNTIF(D66:AI66,"*o*") -> 0 | AY66: =SUM(AT66:AX66) -> 0
A67: =Üldinfo!A66 -> 63 | B67: =Üldinfo!B66 -> Mees | C67: =Üldinfo!C66 -> Täiskasvanu | AK67: =COUNTA(D67:AI67) -> 0 | AL67: =Üldinfo!AM66 -> 0 | AM67: =AK67/AL67 -> #DIV/0! | AO67: =LEN(D67&E67&F67&G67&H67&I67&J67&K67&L67&M67&N67&O67&P67&Q67&R67&S67&T67&U67&V67&W67&X67&Y67&Z67&AA67&AB67&AC67&AD67&AE67&AF67&AG67&AH67&AI67)-LEN(SUBSTITUTE(D67&E67&F67&G67&H67&I67&J67&K67&L67&M67&N67&O67&P67&Q67&R67&S67&T67&U67&V67&W67&X67&Y67&Z67&AA67&AB67&AC67&AD67&AE67&AF67&AG67&AH67&AI67,"1","")) -> 0 | AP67: =LEN(D67&E67&F67&G67&H67&I67&J67&K67&L67&M67&N67&O67&P67&Q67&R67&S67&T67&U67&V67&W67&X67&Y67&Z67&AA67&AB67&AC67&AD67&AE67&AF67&AG67&AH67&AI67)-LEN(SUBSTITUTE(D67&E67&F67&G67&H67&I67&J67&K67&L67&M67&N67&O67&P67&Q67&R67&S67&T67&U67&V67&W67&X67&Y67&Z67&AA67&AB67&AC67&AD67&AE67&AF67&AG67&AH67&AI67,"2","")) -> 0 | AQ67: =LEN(D67&E67&F67&G67&H67&I67&J67&K67&L67&M67&N67&O67&P67&Q67&R67&S67&T67&U67&V67&W67&X67&Y67&Z67&AA67&AB67&AC67&AD67&AE67&AF67&AG67&AH67&AI67)-LEN(SUBSTITUTE(D67&E67&F67&G67&H67&I67&J67&K67&L67&M67&N67&O67&P67&Q67&R67&S67&T67&U67&V67&W67&X67&Y67&Z67&AA67&AB67&AC67&AD67&AE67&AF67&AG67&AH67&AI67,"3","")) -> 0 | AR67: =SUM(AO67:AQ67) -> 0 | AT67: =COUNTIF(D67:AI67,"*m*") -> 0 | AU67: =COUNTIF(D67:AI67,"*d*") -> 0 | AV67: =COUNTIF(D67:AI67,"*b*") -> 0 | AW67: =COUNTIF(D67:AI67,"*l*") -> 0 | AX67: =COUNTIF(D67:AI67,"*o*") -> 0 | AY67: =SUM(AT67:AX67) -> 0
A68: =Üldinfo!A67 -> 64 | B68: =Üldinfo!B67 -> Mees | C68: =Üldinfo!C67 -> Täiskasvanu | AK68: =COUNTA(D68:AI68) -> 0 | AL68: =Üldinfo!AM67 -> 0 | AM68: =AK68/AL68 -> #DIV/0! | AO68: =LEN(D68&E68&F68&G68&H68&I68&J68&K68&L68&M68&N68&O68&P68&Q68&R68&S68&T68&U68&V68&W68&X68&Y68&Z68&AA68&AB68&AC68&AD68&AE68&AF68&AG68&AH68&AI68)-LEN(SUBSTITUTE(D68&E68&F68&G68&H68&I68&J68&K68&L68&M68&N68&O68&P68&Q68&R68&S68&T68&U68&V68&W68&X68&Y68&Z68&AA68&AB68&AC68&AD68&AE68&AF68&AG68&AH68&AI68,"1","")) -> 0 | AP68: =LEN(D68&E68&F68&G68&H68&I68&J68&K68&L68&M68&N68&O68&P68&Q68&R68&S68&T68&U68&V68&W68&X68&Y68&Z68&AA68&AB68&AC68&AD68&AE68&AF68&AG68&AH68&AI68)-LEN(SUBSTITUTE(D68&E68&F68&G68&H68&I68&J68&K68&L68&M68&N68&O68&P68&Q68&R68&S68&T68&U68&V68&W68&X68&Y68&Z68&AA68&AB68&AC68&AD68&AE68&AF68&AG68&AH68&AI68,"2","")) -> 0 | AQ68: =LEN(D68&E68&F68&G68&H68&I68&J68&K68&L68&M68&N68&O68&P68&Q68&R68&S68&T68&U68&V68&W68&X68&Y68&Z68&AA68&AB68&AC68&AD68&AE68&AF68&AG68&AH68&AI68)-LEN(SUBSTITUTE(D68&E68&F68&G68&H68&I68&J68&K68&L68&M68&N68&O68&P68&Q68&R68&S68&T68&U68&V68&W68&X68&Y68&Z68&AA68&AB68&AC68&AD68&AE68&AF68&AG68&AH68&AI68,"3","")) -> 0 | AR68: =SUM(AO68:AQ68) -> 0 | AT68: =COUNTIF(D68:AI68,"*m*") -> 0 | AU68: =COUNTIF(D68:AI68,"*d*") -> 0 | AV68: =COUNTIF(D68:AI68,"*b*") -> 0 | AW68: =COUNTIF(D68:AI68,"*l*") -> 0 | AX68: =COUNTIF(D68:AI68,"*o*") -> 0 | AY68: =SUM(AT68:AX68) -> 0
A69: =Üldinfo!A68 -> 65 | B69: =Üldinfo!B68 -> Mees | C69: =Üldinfo!C68 -> 39-44 a | AK69: =COUNTA(D69:AI69) -> 0 | AL69: =Üldinfo!AM68 -> 0 | AM69: =AK69/AL69 -> #DIV/0! | AO69: =LEN(D69&E69&F69&G69&H69&I69&J69&K69&L69&M69&N69&O69&P69&Q69&R69&S69&T69&U69&V69&W69&X69&Y69&Z69&AA69&AB69&AC69&AD69&AE69&AF69&AG69&AH69&AI69)-LEN(SUBSTITUTE(D69&E69&F69&G69&H69&I69&J69&K69&L69&M69&N69&O69&P69&Q69&R69&S69&T69&U69&V69&W69&X69&Y69&Z69&AA69&AB69&AC69&AD69&AE69&AF69&AG69&AH69&AI69,"1","")) -> 0 | AP69: =LEN(D69&E69&F69&G69&H69&I69&J69&K69&L69&M69&N69&O69&P69&Q69&R69&S69&T69&U69&V69&W69&X69&Y69&Z69&AA69&AB69&AC69&AD69&AE69&AF69&AG69&AH69&AI69)-LEN(SUBSTITUTE(D69&E69&F69&G69&H69&I69&J69&K69&L69&M69&N69&O69&P69&Q69&R69&S69&T69&U69&V69&W69&X69&Y69&Z69&AA69&AB69&AC69&AD69&AE69&AF69&AG69&AH69&AI69,"2","")) -> 0 | AQ69: =LEN(D69&E69&F69&G69&H69&I69&J69&K69&L69&M69&N69&O69&P69&Q69&R69&S69&T69&U69&V69&W69&X69&Y69&Z69&AA69&AB69&AC69&AD69&AE69&AF69&AG69&AH69&AI69)-LEN(SUBSTITUTE(D69&E69&F69&G69&H69&I69&J69&K69&L69&M69&N69&O69&P69&Q69&R69&S69&T69&U69&V69&W69&X69&Y69&Z69&AA69&AB69&AC69&AD69&AE69&AF69&AG69&AH69&AI69,"3","")) -> 0 | AR69: =SUM(AO69:AQ69) -> 0 | AT69: =COUNTIF(D69:AI69,"*m*") -> 0 | AU69: =COUNTIF(D69:AI69,"*d*") -> 0 | AV69: =COUNTIF(D69:AI69,"*b*") -> 0 | AW69: =COUNTIF(D69:AI69,"*l*") -> 0 | AX69: =COUNTIF(D69:AI69,"*o*") -> 0 | AY69: =SUM(AT69:AX69) -> 0
A70: =Üldinfo!A69 -> 66 | B70: =Üldinfo!B69 -> Täiskasvanu | C70: =Üldinfo!C69 -> Täiskasvanu | AK70: =COUNTA(D70:AI70) -> 0 | AL70: =Üldinfo!AM69 -> 0 | AM70: =AK70/AL70 -> #DIV/0! | AO70: =LEN(D70&E70&F70&G70&H70&I70&J70&K70&L70&M70&N70&O70&P70&Q70&R70&S70&T70&U70&V70&W70&X70&Y70&Z70&AA70&AB70&AC70&AD70&AE70&AF70&AG70&AH70&AI70)-LEN(SUBSTITUTE(D70&E70&F70&G70&H70&I70&J70&K70&L70&M70&N70&O70&P70&Q70&R70&S70&T70&U70&V70&W70&X70&Y70&Z70&AA70&AB70&AC70&AD70&AE70&AF70&AG70&AH70&AI70,"1","")) -> 0 | AP70: =LEN(D70&E70&F70&G70&H70&I70&J70&K70&L70&M70&N70&O70&P70&Q70&R70&S70&T70&U70&V70&W70&X70&Y70&Z70&AA70&AB70&AC70&AD70&AE70&AF70&AG70&AH70&AI70)-LEN(SUBSTITUTE(D70&E70&F70&G70&H70&I70&J70&K70&L70&M70&N70&O70&P70&Q70&R70&S70&T70&U70&V70&W70&X70&Y70&Z70&AA70&AB70&AC70&AD70&AE70&AF70&AG70&AH70&AI70,"2","")) -> 0 | AQ70: =LEN(D70&E70&F70&G70&H70&I70&J70&K70&L70&M70&N70&O70&P70&Q70&R70&S70&T70&U70&V70&W70&X70&Y70&Z70&AA70&AB70&AC70&AD70&AE70&AF70&AG70&AH70&AI70)-LEN(SUBSTITUTE(D70&E70&F70&G70&H70&I70&J70&K70&L70&M70&N70&O70&P70&Q70&R70&S70&T70&U70&V70&W70&X70&Y70&Z70&AA70&AB70&AC70&AD70&AE70&AF70&AG70&AH70&AI70,"3","")) -> 0 | AR70: =SUM(AO70:AQ70) -> 0 | AT70: =COUNTIF(D70:AI70,"*m*") -> 0 | AU70: =COUNTIF(D70:AI70,"*d*") -> 0 | AV70: =COUNTIF(D70:AI70,"*b*") -> 0 | AW70: =COUNTIF(D70:AI70,"*l*") -> 0 | AX70: =COUNTIF(D70:AI70,"*o*") -> 0 | AY70: =SUM(AT70:AX70) -> 0
A71: =Üldinfo!A70 -> 67 | B71: =Üldinfo!B70 -> Alaealine | C71: =Üldinfo!C70 -> 7-11 a | W71: 1l | AK71: =COUNTA(D71:AI71) -> 1 | AL71: =Üldinfo!AM70 -> 13 | AM71: =AK71/AL71 -> 0.076923077 | AO71: =LEN(D71&E71&F71&G71&H71&I71&J71&K71&L71&M71&N71&O71&P71&Q71&R71&S71&T71&U71&V71&W71&X71&Y71&Z71&AA71&AB71&AC71&AD71&AE71&AF71&AG71&AH71&AI71)-LEN(SUBSTITUTE(D71&E71&F71&G71&H71&I71&J71&K71&L71&M71&N71&O71&P71&Q71&R71&S71&T71&U71&V71&W71&X71&Y71&Z71&AA71&AB71&AC71&AD71&AE71&AF71&AG71&AH71&AI71,"1","")) -> 1 | AP71: =LEN(D71&E71&F71&G71&H71&I71&J71&K71&L71&M71&N71&O71&P71&Q71&R71&S71&T71&U71&V71&W71&X71&Y71&Z71&AA71&AB71&AC71&AD71&AE71&AF71&AG71&AH71&AI71)-LEN(SUBSTITUTE(D71&E71&F71&G71&H71&I71&J71&K71&L71&M71&N71&O71&P71&Q71&R71&S71&T71&U71&V71&W71&X71&Y71&Z71&AA71&AB71&AC71&AD71&AE71&AF71&AG71&AH71&AI71,"2","")) -> 0 | AQ71: =LEN(D71&E71&F71&G71&H71&I71&J71&K71&L71&M71&N71&O71&P71&Q71&R71&S71&T71&U71&V71&W71&X71&Y71&Z71&AA71&AB71&AC71&AD71&AE71&AF71&AG71&AH71&AI71)-LEN(SUBSTITUTE(D71&E71&F71&G71&H71&I71&J71&K71&L71&M71&N71&O71&P71&Q71&R71&S71&T71&U71&V71&W71&X71&Y71&Z71&AA71&AB71&AC71&AD71&AE71&AF71&AG71&AH71&AI71,"3","")) -> 0 | AR71: =SUM(AO71:AQ71) -> 1 | AT71: =COUNTIF(D71:AI71,"*m*") -> 0 | AU71: =COUNTIF(D71:AI71,"*d*") -> 0 | AV71: =COUNTIF(D71:AI71,"*b*") -> 0 | AW71: =COUNTIF(D71:AI71,"*l*") -> 1 | AX71: =COUNTIF(D71:AI71,"*o*") -> 0 | AY71: =SUM(AT71:AX71) -> 1
A72: =Üldinfo!A71 -> 68 | B72: =Üldinfo!B71 -> Naine | C72: =Üldinfo!C71 -> 40+ a | AK72: =COUNTA(D72:AI72) -> 0 | AL72: =Üldinfo!AM71 -> 0 | AM72: =AK72/AL72 -> #DIV/0! | AO72: =LEN(D72&E72&F72&G72&H72&I72&J72&K72&L72&M72&N72&O72&P72&Q72&R72&S72&T72&U72&V72&W72&X72&Y72&Z72&AA72&AB72&AC72&AD72&AE72&AF72&AG72&AH72&AI72)-LEN(SUBSTITUTE(D72&E72&F72&G72&H72&I72&J72&K72&L72&M72&N72&O72&P72&Q72&R72&S72&T72&U72&V72&W72&X72&Y72&Z72&AA72&AB72&AC72&AD72&AE72&AF72&AG72&AH72&AI72,"1","")) -> 0 | AP72: =LEN(D72&E72&F72&G72&H72&I72&J72&K72&L72&M72&N72&O72&P72&Q72&R72&S72&T72&U72&V72&W72&X72&Y72&Z72&AA72&AB72&AC72&AD72&AE72&AF72&AG72&AH72&AI72)-LEN(SUBSTITUTE(D72&E72&F72&G72&H72&I72&J72&K72&L72&M72&N72&O72&P72&Q72&R72&S72&T72&U72&V72&W72&X72&Y72&Z72&AA72&AB72&AC72&AD72&AE72&AF72&AG72&AH72&AI72,"2","")) -> 0 | AQ72: =LEN(D72&E72&F72&G72&H72&I72&J72&K72&L72&M72&N72&O72&P72&Q72&R72&S72&T72&U72&V72&W72&X72&Y72&Z72&AA72&AB72&AC72&AD72&AE72&AF72&AG72&AH72&AI72)-LEN(SUBSTITUTE(D72&E72&F72&G72&H72&I72&J72&K72&L72&M72&N72&O72&P72&Q72&R72&S72&T72&U72&V72&W72&X72&Y72&Z72&AA72&AB72&AC72&AD72&AE72&AF72&AG72&AH72&AI72,"3","")) -> 0 | AR72: =SUM(AO72:AQ72) -> 0 | AT72: =COUNTIF(D72:AI72,"*m*") -> 0 | AU72: =COUNTIF(D72:AI72,"*d*") -> 0 | AV72: =COUNTIF(D72:AI72,"*b*") -> 0 | AW72: =COUNTIF(D72:AI72,"*l*") -> 0 | AX72: =COUNTIF(D72:AI72,"*o*") -> 0 | AY72: =SUM(AT72:AX72) -> 0
A73: =Üldinfo!A72 -> 69 | B73: =Üldinfo!B72 -> Mees | C73: =Üldinfo!C72 -> 25-40 a | AK73: =COUNTA(D73:AI73) -> 0 | AL73: =Üldinfo!AM72 -> 0 | AM73: =AK73/AL73 -> #DIV/0! | AO73: =LEN(D73&E73&F73&G73&H73&I73&J73&K73&L73&M73&N73&O73&P73&Q73&R73&S73&T73&U73&V73&W73&X73&Y73&Z73&AA73&AB73&AC73&AD73&AE73&AF73&AG73&AH73&AI73)-LEN(SUBSTITUTE(D73&E73&F73&G73&H73&I73&J73&K73&L73&M73&N73&O73&P73&Q73&R73&S73&T73&U73&V73&W73&X73&Y73&Z73&AA73&AB73&AC73&AD73&AE73&AF73&AG73&AH73&AI73,"1","")) -> 0 | AP73: =LEN(D73&E73&F73&G73&H73&I73&J73&K73&L73&M73&N73&O73&P73&Q73&R73&S73&T73&U73&V73&W73&X73&Y73&Z73&AA73&AB73&AC73&AD73&AE73&AF73&AG73&AH73&AI73)-LEN(SUBSTITUTE(D73&E73&F73&G73&H73&I73&J73&K73&L73&M73&N73&O73&P73&Q73&R73&S73&T73&U73&V73&W73&X73&Y73&Z73&AA73&AB73&AC73&AD73&AE73&AF73&AG73&AH73&AI73,"2","")) -> 0 | AQ73: =LEN(D73&E73&F73&G73&H73&I73&J73&K73&L73&M73&N73&O73&P73&Q73&R73&S73&T73&U73&V73&W73&X73&Y73&Z73&AA73&AB73&AC73&AD73&AE73&AF73&AG73&AH73&AI73)-LEN(SUBSTITUTE(D73&E73&F73&G73&H73&I73&J73&K73&L73&M73&N73&O73&P73&Q73&R73&S73&T73&U73&V73&W73&X73&Y73&Z73&AA73&AB73&AC73&AD73&AE73&AF73&AG73&AH73&AI73,"3","")) -> 0 | AR73: =SUM(AO73:AQ73) -> 0 | AT73: =COUNTIF(D73:AI73,"*m*") -> 0 | AU73: =COUNTIF(D73:AI73,"*d*") -> 0 | AV73: =COUNTIF(D73:AI73,"*b*") -> 0 | AW73: =COUNTIF(D73:AI73,"*l*") -> 0 | AX73: =COUNTIF(D73:AI73,"*o*") -> 0 | AY73: =SUM(AT73:AX73) -> 0
D74: =COUNTA(D$5:D$73) -> 2 | E74: =COUNTA(E$5:E$73) -> 5 | F74: =COUNTA(F$5:F$73) -> 4 | G74: =COUNTA(G$5:G$73) -> 2 | H74: =COUNTA(H$5:H$73) -> 3 | I74: =COUNTA(I$5:I$73) -> 5 | J74: =COUNTA(J$5:J$73) -> 2 | K74: =COUNTA(K$5:K$73) -> 3 | ... AJ74: =COUNTA(AJ$5:AJ$73) -> 0 | AK74: =SUM(AK5:AK73) -> 161 | AL74: =SUM(AL5:AL73) -> 458 | AM74: =AK74/AL74 -> 0.35152838
C75: Säilinud (autom. esilehelt) | D75: =Üldinfo!E74 -> 8 | E75: =Üldinfo!F74 -> 9 | F75: =Üldinfo!G74 -> 12 | G75: =Üldinfo!H74 -> 12 | H75: =Üldinfo!I74 -> 12 | I75: =Üldinfo!J74 -> 14 | J75: =Üldinfo!K74 -> 14 | K75: =Üldinfo!L74 -> 11 | ... AI75: =Üldinfo!AJ74 -> 10 | AJ75: =SUM(D75:AI75) -> 458
C76: hambakiviga hammaste % kõigist säilinud hammastest (autom.) | D76: =D74/D75*100 -> 25 | E76: =E74/E75*100 -> 55.555556 | F76: =F74/F75*100 -> 33.333333 | G76: =G74/G75*100 -> 16.666667 | H76: =H74/H75*100 -> 25 | I76: =I74/I75*100 -> 35.714286 | J76: =J74/J75*100 -> 14.285714 | K76: =K74/K75*100 -> 27.272727 | ... AI76: =AI74/AI75*100 -> 20
C78: m | D78: =COUNTIF(D$4:D$73,"*m*") -> 1 | E78: =COUNTIF(E$4:E$73,"*m*") -> 3 | F78: =COUNTIF(F$4:F$73,"*m*") -> 2 | G78: =COUNTIF(G$4:G$73,"*m*") -> 0 | H78: =COUNTIF(H$4:H$73,"*m*") -> 1 | I78: =COUNTIF(I$4:I$73,"*m*") -> 3 | J78: =COUNTIF(J$4:J$73,"*m*") -> 1 | K78: =COUNTIF(K$4:K$73,"*m*") -> 1 | ... AI78: =COUNTIF(AI$4:AI$73,"*m*") -> 2 | AJ78: =SUM(D78:AI78) -> 66
C79: b | D79: =COUNTIF(D$4:D$73,"*b*") -> 0 | E79: =COUNTIF(E$4:E$73,"*b*") -> 1 | F79: =COUNTIF(F$4:F$73,"*b*") -> 3 | G79: =COUNTIF(G$4:G$73,"*b*") -> 1 | H79: =COUNTIF(H$4:H$73,"*b*") -> 3 | I79: =COUNTIF(I$4:I$73,"*b*") -> 4 | J79: =COUNTIF(J$4:J$73,"*b*") -> 1 | K79: =COUNTIF(K$4:K$73,"*b*") -> 2 | ... AI79: =COUNTIF(AI$4:AI$73,"*b*") -> 0 | AJ79: =SUM(D79:AI79) -> 109
C80: d | D80: =COUNTIF(D$4:D$73,"*d*") -> 1 | E80: =COUNTIF(E$4:E$73,"*d*") -> 1 | F80: =COUNTIF(F$4:F$73,"*d*") -> 1 | G80: =COUNTIF(G$4:G$73,"*d*") -> 1 | H80: =COUNTIF(H$4:H$73,"*d*") -> 1 | I80: =COUNTIF(I$4:I$73,"*d*") -> 0 | J80: =COUNTIF(J$4:J$73,"*d*") -> 1 | K80: =COUNTIF(K$4:K$73,"*d*") -> 2 | ... AI80: =COUNTIF(AI$4:AI$73,"*d*") -> 1 | AJ80: =SUM(D80:AI80) -> 63
C81: l | D81: =COUNTIF(D$4:D$73,"*l*") -> 0 | E81: =COUNTIF(E$4:E$73,"*l*") -> 1 | F81: =COUNTIF(F$4:F$73,"*l*") -> 0 | G81: =COUNTIF(G$4:G$73,"*l*") -> 0 | H81: =COUNTIF(H$4:H$73,"*l*") -> 0 | I81: =COUNTIF(I$4:I$73,"*l*") -> 0 | J81: =COUNTIF(J$4:J$73,"*l*") -> 0 | K81: =COUNTIF(K$4:K$73,"*l*") -> 1 | ... AI81: =COUNTIF(AI$4:AI$73,"*l*") -> 1 | AJ81: =SUM(D81:AI81) -> 80
C82: o | D82: =COUNTIF(D$4:D$73,"*o*") -> 0 | E82: =COUNTIF(E$4:E$73,"*o*") -> 0 | F82: =COUNTIF(F$4:F$73,"*o*") -> 0 | G82: =COUNTIF(G$4:G$73,"*o*") -> 0 | H82: =COUNTIF(H$4:H$73,"*o*") -> 0 | I82: =COUNTIF(I$4:I$73,"*o*") -> 0 | J82: =COUNTIF(J$4:J$73,"*o*") -> 0 | K82: =COUNTIF(K$4:K$73,"*o*") -> 0 | ... AI82: =COUNTIF(AI$4:AI$73,"*o*") -> 0 | AJ82: =SUM(D82:AI82) -> 2
B85: 1 | C85: m | D85: =COUNTIF(D$4:D$73,"*1m*") -> 1 | E85: =COUNTIF(E$4:E$73,"*1m*") -> 3 | F85: =COUNTIF(F$4:F$73,"*1m*") -> 2 | G85: =COUNTIF(G$4:G$73,"*1m*") -> 0 | H85: =COUNTIF(H$4:H$73,"*1m*") -> 1 | I85: =COUNTIF(I$4:I$73,"*1m*") -> 3 | J85: =COUNTIF(J$4:J$73,"*1m*") -> 1 | K85: =COUNTIF(K$4:K$73,"*1m*") -> 1 | ... AI85: =COUNTIF(AI$4:AI$73,"*1m*") -> 2 | AJ85: =SUM(D85:AI85) -> 65
C86: b | D86: =COUNTIF(D$4:D$73,"*1b*") -> 0 | E86: =COUNTIF(E$4:E$73,"*1b*") -> 1 | F86: =COUNTIF(F$4:F$73,"*1b*") -> 3 | G86: =COUNTIF(G$4:G$73,"*1b*") -> 1 | H86: =COUNTIF(H$4:H$73,"*1b*") -> 3 | I86: =COUNTIF(I$4:I$73,"*1b*") -> 4 | J86: =COUNTIF(J$4:J$73,"*1b*") -> 1 | K86: =COUNTIF(K$4:K$73,"*1b*") -> 2 | ... AI86: =COUNTIF(AI$4:AI$73,"*1b*") -> 0 | AJ86: =SUM(D86:AI86) -> 100
C87: d | D87: =COUNTIF(D$4:D$73,"*1d*") -> 1 | E87: =COUNTIF(E$4:E$73,"*1d*") -> 1 | F87: =COUNTIF(F$4:F$73,"*1d*") -> 1 | G87: =COUNTIF(G$4:G$73,"*1d*") -> 1 | H87: =COUNTIF(H$4:H$73,"*1d*") -> 1 | I87: =COUNTIF(I$4:I$73,"*1d*") -> 0 | J87: =COUNTIF(J$4:J$73,"*1d*") -> 1 | K87: =COUNTIF(K$4:K$73,"*1d*") -> 2 | ... AI87: =COUNTIF(AI$4:AI$73,"*1d*") -> 1 | AJ87: =SUM(D87:AI87) -> 61
C88: l | D88: =COUNTIF(D$4:D$73,"*1l*") -> 0 | E88: =COUNTIF(E$4:E$73,"*1l*") -> 1 | F88: =COUNTIF(F$4:F$73,"*1l*") -> 0 | G88: =COUNTIF(G$4:G$73,"*1l*") -> 0 | H88: =COUNTIF(H$4:H$73,"*1l*") -> 0 | I88: =COUNTIF(I$4:I$73,"*1l*") -> 0 | J88: =COUNTIF(J$4:J$73,"*1l*") -> 0 | K88: =COUNTIF(K$4:K$73,"*1l*") -> 1 | ... AI88: =COUNTIF(AI$4:AI$73,"*1l*") -> 1 | AJ88: =SUM(D88:AI88) -> 77
C89: o | D89: =COUNTIF(D$4:D$73,"*1o*") -> 0 | E89: =COUNTIF(E$4:E$73,"*1o*") -> 0 | F89: =COUNTIF(F$4:F$73,"*1o*") -> 0 | G89: =COUNTIF(G$4:G$73,"*1o*") -> 0 | H89: =COUNTIF(H$4:H$73,"*1o*") -> 0 | I89: =COUNTIF(I$4:I$73,"*1o*") -> 0 | J89: =COUNTIF(J$4:J$73,"*1o*") -> 0 | K89: =COUNTIF(K$4:K$73,"*1o*") -> 0 | ... AI89: =COUNTIF(AI$4:AI$73,"*1o*") -> 0 | AJ89: =SUM(D89:AI89) -> 1
B91: 2 | C91: m | D91: =COUNTIF(D$4:D$73,"*2m*") -> 0 | E91: =COUNTIF(E$4:E$73,"*2m*") -> 0 | F91: =COUNTIF(F$4:F$73,"*2m*") -> 0 | G91: =COUNTIF(G$4:G$73,"*2m*") -> 0 | H91: =COUNTIF(H$4:H$73,"*2m*") -> 0 | I91: =COUNTIF(I$4:I$73,"*2m*") -> 0 | J91: =COUNTIF(J$4:J$73,"*2m*") -> 0 | K91: =COUNTIF(K$4:K$73,"*2m*") -> 0 | ... AI91: =COUNTIF(AI$4:AI$73,"*2m*") -> 0 | AJ91: =SUM(D91:AI91) -> 1
C92: b | D92: =COUNTIF(D$4:D$73,"*2b*") -> 0 | E92: =COUNTIF(E$4:E$73,"*2b*") -> 0 | F92: =COUNTIF(F$4:F$73,"*2b*") -> 0 | G92: =COUNTIF(G$4:G$73,"*2b*") -> 0 | H92: =COUNTIF(H$4:H$73,"*2b*") -> 0 | I92: =COUNTIF(I$4:I$73,"*2b*") -> 0 | J92: =COUNTIF(J$4:J$73,"*2b*") -> 0 | K92: =COUNTIF(K$4:K$73,"*2b*") -> 0 | ... AI92: =COUNTIF(AI$4:AI$73,"*2b*") -> 0 | AJ92: =SUM(D92:AI92) -> 8
C93: d | D93: =COUNTIF(D$4:D$73,"*2d*") -> 0 | E93: =COUNTIF(E$4:E$73,"*2d*") -> 0 | F93: =COUNTIF(F$4:F$73,"*2d*") -> 0 | G93: =COUNTIF(G$4:G$73,"*2d*") -> 0 | H93: =COUNTIF(H$4:H$73,"*2d*") -> 0 | I93: =COUNTIF(I$4:I$73,"*2d*") -> 0 | J93: =COUNTIF(J$4:J$73,"*2d*") -> 0 | K93: =COUNTIF(K$4:K$73,"*2d*") -> 0 | ... AI93: =COUNTIF(AI$4:AI$73,"*2d*") -> 0 | AJ93: =SUM(D93:AI93) -> 1
C94: l | D94: =COUNTIF(D$4:D$73,"*2l*") -> 0 | E94: =COUNTIF(E$4:E$73,"*2l*") -> 0 | F94: =COUNTIF(F$4:F$73,"*2l*") -> 0 | G94: =COUNTIF(G$4:G$73,"*2l*") -> 0 | H94: =COUNTIF(H$4:H$73,"*2l*") -> 0 | I94: =COUNTIF(I$4:I$73,"*2l*") -> 0 | J94: =COUNTIF(J$4:J$73,"*2l*") -> 0 | K94: =COUNTIF(K$4:K$73,"*2l*") -> 0 | ... AI94: =COUNTIF(AI$4:AI$73,"*2l*") -> 0 | AJ94: =SUM(D94:AI94) -> 3
C95: o | D95: =COUNTIF(D$4:D$73,"*2o*") -> 0 | E95: =COUNTIF(E$4:E$73,"*2o*") -> 0 | F95: =COUNTIF(F$4:F$73,"*2o*") -> 0 | G95: =COUNTIF(G$4:G$73,"*2o*") -> 0 | H95: =COUNTIF(H$4:H$73,"*2o*") -> 0 | I95: =COUNTIF(I$4:I$73,"*2o*") -> 0 | J95: =COUNTIF(J$4:J$73,"*2o*") -> 0 | K95: =COUNTIF(K$4:K$73,"*2o*") -> 0 | ... AI95: =COUNTIF(AI$4:AI$73,"*2o*") -> 0 | AJ95: =SUM(D95:AI95) -> 1
B97: 3 | C97: m | D97: =COUNTIF(D$4:D$73,"*3m*") -> 0 | E97: =COUNTIF(E$4:E$73,"*3m*") -> 0 | F97: =COUNTIF(F$4:F$73,"*3m*") -> 0 | G97: =COUNTIF(G$4:G$73,"*3m*") -> 0 | H97: =COUNTIF(H$4:H$73,"*3m*") -> 0 | I97: =COUNTIF(I$4:I$73,"*3m*") -> 0 | J97: =COUNTIF(J$4:J$73,"*3m*") -> 0 | K97: =COUNTIF(K$4:K$73,"*3m*") -> 0 | ... AI97: =COUNTIF(AI$4:AI$73,"*3m*") -> 0 | AJ97: =SUM(D97:AI97) -> 0
C98: b | D98: =COUNTIF(D$4:D$73,"*3b*") -> 0 | E98: =COUNTIF(E$4:E$73,"*3b*") -> 0 | F98: =COUNTIF(F$4:F$73,"*3b*") -> 0 | G98: =COUNTIF(G$4:G$73,"*3b*") -> 0 | H98: =COUNTIF(H$4:H$73,"*3b*") -> 0 | I98: =COUNTIF(I$4:I$73,"*3b*") -> 0 | J98: =COUNTIF(J$4:J$73,"*3b*") -> 0 | K98: =COUNTIF(K$4:K$73,"*3b*") -> 0 | ... AI98: =COUNTIF(AI$4:AI$73,"*3b*") -> 0 | AJ98: =SUM(D98:AI98) -> 1
C99: d | D99: =COUNTIF(D$4:D$73,"*3d*") -> 0 | E99: =COUNTIF(E$4:E$73,"*3d*") -> 0 | F99: =COUNTIF(F$4:F$73,"*3d*") -> 0 | G99: =COUNTIF(G$4:G$73,"*3d*") -> 0 | H99: =COUNTIF(H$4:H$73,"*3d*") -> 0 | I99: =COUNTIF(I$4:I$73,"*3d*") -> 0 | J99: =COUNTIF(J$4:J$73,"*3d*") -> 0 | K99: =COUNTIF(K$4:K$73,"*3d*") -> 0 | ... AI99: =COUNTIF(AI$4:AI$73,"*3d*") -> 0 | AJ99: =SUM(D99:AI99) -> 1
C100: l | D100: =COUNTIF(D$4:D$73,"*3l*") -> 0 | E100: =COUNTIF(E$4:E$73,"*3l*") -> 0 | F100: =COUNTIF(F$4:F$73,"*3l*") -> 0 | G100: =COUNTIF(G$4:G$73,"*3l*") -> 0 | H100: =COUNTIF(H$4:H$73,"*3l*") -> 0 | I100: =COUNTIF(I$4:I$73,"*3l*") -> 0 | J100: =COUNTIF(J$4:J$73,"*3l*") -> 0 | K100: =COUNTIF(K$4:K$73,"*3l*") -> 0 | ... AI100: =COUNTIF(AI$4:AI$73,"*3l*") -> 0 | AJ100: =SUM(D100:AI100) -> 0
C101: o | D101: =COUNTIF(D$4:D$73,"*3o*") -> 0 | E101: =COUNTIF(E$4:E$73,"*3o*") -> 0 | F101: =COUNTIF(F$4:F$73,"*3o*") -> 0 | G101: =COUNTIF(G$4:G$73,"*3o*") -> 0 | H101: =COUNTIF(H$4:H$73,"*3o*") -> 0 | I101: =COUNTIF(I$4:I$73,"*3o*") -> 0 | J101: =COUNTIF(J$4:J$73,"*3o*") -> 0 | K101: =COUNTIF(K$4:K$73,"*3o*") -> 0 | ... AI101: =COUNTIF(AI$4:AI$73,"*3o*") -> 0 | AJ101: =SUM(D101:AI101) -> 0
B103: 3 | C103: a | D103: =COUNTIF(D$4:D$73,"*3m3b3d3l3o*") -> 0 | E103: =COUNTIF(E$4:E$73,"*3m3b3d3l3o*") -> 0 | F103: =COUNTIF(F$4:F$73,"*3m3b3d3l3o*") -> 0 | G103: =COUNTIF(G$4:G$73,"*3m3b3d3l3o*") -> 0 | H103: =COUNTIF(H$4:H$73,"*3m3b3d3l3o*") -> 0 | I103: =COUNTIF(I$4:I$73,"*3m3b3d3l3o*") -> 0 | J103: =COUNTIF(J$4:J$73,"*3m3b3d3l3o*") -> 0 | K103: =COUNTIF(K$4:K$73,"*3m3b3d3l3o*") -> 0 | ... AI103: =COUNTIF(AI$4:AI$73,"*3m3b3d3l3o*") -> 0 | AJ103: =SUM(D103:AI103) -> 0

Sheet Kaaries
D1: Kaariese asukoht ja ulatus (täida käsitsi) | AL1: Autom. üldlehe põhjal
D2: Ülalõug | T2: Alalõug | AO2: automaatne | AT2: automaatne
D3: Parem | L3: Vasak | T3: Parem | AB3: Vasak | AO3: Kaariese aste | AT3: Kaariese asukoht
A4: Nr | B4: Sugu | C4: Vanus | D4: 8 | E4: 7 | F4: 6 | G4: 5 | H4: 4 | I4: 3 | J4: 2 | K4: 1 | L4: 1 | M4: 2 | N4: 3 | O4: 4 | P4: 5 | Q4: 6 | R4: 7 | S4: 8 | T4: 8 | U4: 7 | V4: 6 | W4: 5 | X4: 4 | Y4: 3 | Z4: 2 | AA4: 1 | AB4: 1 | AC4: 2 | AD4: 3 | AE4: 4 | AF4: 5 | AG4: 6 | AH4: 7 | AI4: 8 | AK4: Kaariesega hammaste arv | AL4: Säil. hammaste arv | AM4: Kaariesega hammaste % | AO4: 1 | AP4: 2 | AQ4: 3 | AR4: Kokku | AT4: m | AU4: d | AV4: b | AW4: l | AX4: o | AY4: Kokku
A5: =Üldinfo!A4 -> 1a | B5: =Üldinfo!B4 -> Mees | C5: =Üldinfo!C4 -> Täiskasvanu | AK5: =COUNTA(D5:AI5) -> 0 | AL5: =Üldinfo!AM4 -> 0 | AM5: =AK5/AL5 -> #DIV/0! | AO5: =LEN(D5&E5&F5&G5&H5&I5&J5&K5&L5&M5&N5&O5&P5&Q5&R5&S5&T5&U5&V5&W5&X5&Y5&Z5&AA5&AB5&AC5&AD5&AE5&AF5&AG5&AH5&AI5)-LEN(SUBSTITUTE(D5&E5&F5&G5&H5&I5&J5&K5&L5&M5&N5&O5&P5&Q5&R5&S5&T5&U5&V5&W5&X5&Y5&Z5&AA5&AB5&AC5&AD5&AE5&AF5&AG5&AH5&AI5,"1","")) -> 0 | AP5: =LEN(D5&E5&F5&G5&H5&I5&J5&K5&L5&M5&N5&O5&P5&Q5&R5&S5&T5&U5&V5&W5&X5&Y5&Z5&AA5&AB5&AC5&AD5&AE5&AF5&AG5&AH5&AI5)-LEN(SUBSTITUTE(D5&E5&F5&G5&H5&I5&J5&K5&L5&M5&N5&O5&P5&Q5&R5&S5&T5&U5&V5&W5&X5&Y5&Z5&AA5&AB5&AC5&AD5&AE5&AF5&AG5&AH5&AI5,"2","")) -> 0 | AQ5: =LEN(D5&E5&F5&G5&H5&I5&J5&K5&L5&M5&N5&O5&P5&Q5&R5&S5&T5&U5&V5&W5&X5&Y5&Z5&AA5&AB5&AC5&AD5&AE5&AF5&AG5&AH5&AI5)-LEN(SUBSTITUTE(D5&E5&F5&G5&H5&I5&J5&K5&L5&M5&N5&O5&P5&Q5&R5&S5&T5&U5&V5&W5&X5&Y5&Z5&AA5&AB5&AC5&AD5&AE5&AF5&AG5&AH5&AI5,"3","")) -> 0 | AR5: =SUM(AO5:AQ5) -> 0 | AT5: =COUNTIF(D5:AI5,"*m*") -> 0 | AU5: =COUNTIF(D5:AI5,"*d*") -> 0 | AV5: =COUNTIF(D5:AI5,"*b*") -> 0 | AW5: =COUNTIF(D5:AI5,"*l*") -> 0 | AX5: =COUNTIF(D5:AI5,"*o*") -> 0 | AY5: =SUM(AT5:AX5) -> 0
A6: =Üldinfo!A5 -> 1b | B6: =Üldinfo!B5 -> Alaealine | C6: =Üldinfo!C5 -> Alaealine | AK6: =COUNTA(D6:AI6) -> 0 | AL6: =Üldinfo!AM5 -> 0 | AM6: =AK6/AL6 -> #DIV/0! | AO6: =LEN(D6&E6&F6&G6&H6&I6&J6&K6&L6&M6&N6&O6&P6&Q6&R6&S6&T6&U6&V6&W6&X6&Y6&Z6&AA6&AB6&AC6&AD6&AE6&AF6&AG6&AH6&AI6)-LEN(SUBSTITUTE(D6&E6&F6&G6&H6&I6&J6&K6&L6&M6&N6&O6&P6&Q6&R6&S6&T6&U6&V6&W6&X6&Y6&Z6&AA6&AB6&AC6&AD6&AE6&AF6&AG6&AH6&AI6,"1","")) -> 0 | AP6: =LEN(D6&E6&F6&G6&H6&I6&J6&K6&L6&M6&N6&O6&P6&Q6&R6&S6&T6&U6&V6&W6&X6&Y6&Z6&AA6&AB6&AC6&AD6&AE6&AF6&AG6&AH6&AI6)-LEN(SUBSTITUTE(D6&E6&F6&G6&H6&I6&J6&K6&L6&M6&N6&O6&P6&Q6&R6&S6&T6&U6&V6&W6&X6&Y6&Z6&AA6&AB6&AC6&AD6&AE6&AF6&AG6&AH6&AI6,"2","")) -> 0 | AQ6: =LEN(D6&E6&F6&G6&H6&I6&J6&K6&L6&M6&N6&O6&P6&Q6&R6&S6&T6&U6&V6&W6&X6&Y6&Z6&AA6&AB6&AC6&AD6&AE6&AF6&AG6&AH6&AI6)-LEN(SUBSTITUTE(D6&E6&F6&G6&H6&I6&J6&K6&L6&M6&N6&O6&P6&Q6&R6&S6&T6&U6&V6&W6&X6&Y6&Z6&AA6&AB6&AC6&AD6&AE6&AF6&AG6&AH6&AI6,"3","")) -> 0 | AR6: =SUM(AO6:AQ6) -> 0 | AT6: =COUNTIF(D6:AI6,"*m*") -> 0 | AU6: =COUNTIF(D6:AI6,"*d*") -> 0 | AV6: =COUNTIF(D6:AI6,"*b*") -> 0 | AW6: =COUNTIF(D6:AI6,"*l*") -> 0 | AX6: =COUNTIF(D6:AI6,"*o*") -> 0 | AY6: =SUM(AT6:AX6) -> 0
A7: =Üldinfo!A6 -> 2 | B7: =Üldinfo!B6 -> Naine | C7: =Üldinfo!C6 -> Täiskasvanu | AK7: =COUNTA(D7:AI7) -> 0 | AL7: =Üldinfo!AM6 -> 0 | AM7: =AK7/AL7 -> #DIV/0! | AO7: =LEN(D7&E7&F7&G7&H7&I7&J7&K7&L7&M7&N7&O7&P7&Q7&R7&S7&T7&U7&V7&W7&X7&Y7&Z7&AA7&AB7&AC7&AD7&AE7&AF7&AG7&AH7&AI7)-LEN(SUBSTITUTE(D7&E7&F7&G7&H7&I7&J7&K7&L7&M7&N7&O7&P7&Q7&R7&S7&T7&U7&V7&W7&X7&Y7&Z7&AA7&AB7&AC7&AD7&AE7&AF7&AG7&AH7&AI7,"1","")) -> 0 | AP7: =LEN(D7&E7&F7&G7&H7&I7&J7&K7&L7&M7&N7&O7&P7&Q7&R7&S7&T7&U7&V7&W7&X7&Y7&Z7&AA7&AB7&AC7&AD7&AE7&AF7&AG7&AH7&AI7)-LEN(SUBSTITUTE(D7&E7&F7&G7&H7&I7&J7&K7&L7&M7&N7&O7&P7&Q7&R7&S7&T7&U7&V7&W7&X7&Y7&Z7&AA7&AB7&AC7&AD7&AE7&AF7&AG7&AH7&AI7,"2","")) -> 0 | AQ7: =LEN(D7&E7&F7&G7&H7&I7&J7&K7&L7&M7&N7&O7&P7&Q7&R7&S7&T7&U7&V7&W7&X7&Y7&Z7&AA7&AB7&AC7&AD7&AE7&AF7&AG7&AH7&AI7)-LEN(SUBSTITUTE(D7&E7&F7&G7&H7&I7&J7&K7&L7&M7&N7&O7&P7&Q7&R7&S7&T7&U7&V7&W7&X7&Y7&Z7&AA7&AB7&AC7&AD7&AE7&AF7&AG7&AH7&AI7,"3","")) -> 0 | AR7: =SUM(AO7:AQ7) -> 0 | AT7: =COUNTIF(D7:AI7,"*m*") -> 0 | AU7: =COUNTIF(D7:AI7,"*d*") -> 0 | AV7: =COUNTIF(D7:AI7,"*b*") -> 0 | AW7: =COUNTIF(D7:AI7,"*l*") -> 0 | AX7: =COUNTIF(D7:AI7,"*o*") -> 0 | AY7: =SUM(AT7:AX7) -> 0
A8: =Üldinfo!A7 -> 3 | B8: =Üldinfo!B7 -> Alaealine | C8: =Üldinfo!C7 -> 12-18 a | AK8: =COUNTA(D8:AI8) -> 0 | AL8: =Üldinfo!AM7 -> 26 | AM8: =AK8/AL8 -> 0 | AO8: =LEN(D8&E8&F8&G8&H8&I8&J8&K8&L8&M8&N8&O8&P8&Q8&R8&S8&T8&U8&V8&W8&X8&Y8&Z8&AA8&AB8&AC8&AD8&AE8&AF8&AG8&AH8&AI8)-LEN(SUBSTITUTE(D8&E8&F8&G8&H8&I8&J8&K8&L8&M8&N8&O8&P8&Q8&R8&S8&T8&U8&V8&W8&X8&Y8&Z8&AA8&AB8&AC8&AD8&AE8&AF8&AG8&AH8&AI8,"1","")) -> 0 | AP8: =LEN(D8&E8&F8&G8&H8&I8&J8&K8&L8&M8&N8&O8&P8&Q8&R8&S8&T8&U8&V8&W8&X8&Y8&Z8&AA8&AB8&AC8&AD8&AE8&AF8&AG8&AH8&AI8)-LEN(SUBSTITUTE(D8&E8&F8&G8&H8&I8&J8&K8&L8&M8&N8&O8&P8&Q8&R8&S8&T8&U8&V8&W8&X8&Y8&Z8&AA8&AB8&AC8&AD8&AE8&AF8&AG8&AH8&AI8,"2","")) -> 0 | AQ8: =LEN(D8&E8&F8&G8&H8&I8&J8&K8&L8&M8&N8&O8&P8&Q8&R8&S8&T8&U8&V8&W8&X8&Y8&Z8&AA8&AB8&AC8&AD8&AE8&AF8&AG8&AH8&AI8)-LEN(SUBSTITUTE(D8&E8&F8&G8&H8&I8&J8&K8&L8&M8&N8&O8&P8&Q8&R8&S8&T8&U8&V8&W8&X8&Y8&Z8&AA8&AB8&AC8&AD8&AE8&AF8&AG8&AH8&AI8,"3","")) -> 0 | AR8: =SUM(AO8:AQ8) -> 0 | AT8: =COUNTIF(D8:AI8,"*m*") -> 0 | AU8: =COUNTIF(D8:AI8,"*d*") -> 0 | AV8: =COUNTIF(D8:AI8,"*b*") -> 0 | AW8: =COUNTIF(D8:AI8,"*l*") -> 0 | AX8: =COUNTIF(D8:AI8,"*o*") -> 0 | AY8: =SUM(AT8:AX8) -> 0
A9: =Üldinfo!A8 -> 4 | B9: =Üldinfo!B8 -> Täiskasvanu | C9: =Üldinfo!C8 -> Täiskasvanu | AK9: =COUNTA(D9:AI9) -> 0 | AL9: =Üldinfo!AM8 -> 0 | AM9: =AK9/AL9 -> #DIV/0! | AO9: =LEN(D9&E9&F9&G9&H9&I9&J9&K9&L9&M9&N9&O9&P9&Q9&R9&S9&T9&U9&V9&W9&X9&Y9&Z9&AA9&AB9&AC9&AD9&AE9&AF9&AG9&AH9&AI9)-LEN(SUBSTITUTE(D9&E9&F9&G9&H9&I9&J9&K9&L9&M9&N9&O9&P9&Q9&R9&S9&T9&U9&V9&W9&X9&Y9&Z9&AA9&AB9&AC9&AD9&AE9&AF9&AG9&AH9&AI9,"1","")) -> 0 | AP9: =LEN(D9&E9&F9&G9&H9&I9&J9&K9&L9&M9&N9&O9&P9&Q9&R9&S9&T9&U9&V9&W9&X9&Y9&Z9&AA9&AB9&AC9&AD9&AE9&AF9&AG9&AH9&AI9)-LEN(SUBSTITUTE(D9&E9&F9&G9&H9&I9&J9&K9&L9&M9&N9&O9&P9&Q9&R9&S9&T9&U9&V9&W9&X9&Y9&Z9&AA9&AB9&AC9&AD9&AE9&AF9&AG9&AH9&AI9,"2","")) -> 0 | AQ9: =LEN(D9&E9&F9&G9&H9&I9&J9&K9&L9&M9&N9&O9&P9&Q9&R9&S9&T9&U9&V9&W9&X9&Y9&Z9&AA9&AB9&AC9&AD9&AE9&AF9&AG9&AH9&AI9)-LEN(SUBSTITUTE(D9&E9&F9&G9&H9&I9&J9&K9&L9&M9&N9&O9&P9&Q9&R9&S9&T9&U9&V9&W9&X9&Y9&Z9&AA9&AB9&AC9&AD9&AE9&AF9&AG9&AH9&AI9,"3","")) -> 0 | AR9: =SUM(AO9:AQ9) -> 0 | AT9: =COUNTIF(D9:AI9,"*m*") -> 0 | AU9: =COUNTIF(D9:AI9,"*d*") -> 0 | AV9: =COUNTIF(D9:AI9,"*b*") -> 0 | AW9: =COUNTIF(D9:AI9,"*l*") -> 0 | AX9: =COUNTIF(D9:AI9,"*o*") -> 0 | AY9: =SUM(AT9:AX9) -> 0
A10: =Üldinfo!A9 -> 5 | B10: =Üldinfo!B9 -> Täiskasvanu | C10: =Üldinfo!C9 -> Täiskasvanu | AK10: =COUNTA(D10:AI10) -> 0 | AL10: =Üldinfo!AM9 -> 0 | AM10: =AK10/AL10 -> #DIV/0! | AO10: =LEN(D10&E10&F10&G10&H10&I10&J10&K10&L10&M10&N10&O10&P10&Q10&R10&S10&T10&U10&V10&W10&X10&Y10&Z10&AA10&AB10&AC10&AD10&AE10&AF10&AG10&AH10&AI10)-LEN(SUBSTITUTE(D10&E10&F10&G10&H10&I10&J10&K10&L10&M10&N10&O10&P10&Q10&R10&S10&T10&U10&V10&W10&X10&Y10&Z10&AA10&AB10&AC10&AD10&AE10&AF10&AG10&AH10&AI10,"1","")) -> 0 | AP10: =LEN(D10&E10&F10&G10&H10&I10&J10&K10&L10&M10&N10&O10&P10&Q10&R10&S10&T10&U10&V10&W10&X10&Y10&Z10&AA10&AB10&AC10&AD10&AE10&AF10&AG10&AH10&AI10)-LEN(SUBSTITUTE(D10&E10&F10&G10&H10&I10&J10&K10&L10&M10&N10&O10&P10&Q10&R10&S10&T10&U10&V10&W10&X10&Y10&Z10&AA10&AB10&AC10&AD10&AE10&AF10&AG10&AH10&AI10,"2","")) -> 0 | AQ10: =LEN(D10&E10&F10&G10&H10&I10&J10&K10&L10&M10&N10&O10&P10&Q10&R10&S10&T10&U10&V10&W10&X10&Y10&Z10&AA10&AB10&AC10&AD10&AE10&AF10&AG10&AH10&AI10)-LEN(SUBSTITUTE(D10&E10&F10&G10&H10&I10&J10&K10&L10&M10&N10&O10&P10&Q10&R10&S10&T10&U10&V10&W10&X10&Y10&Z10&AA10&AB10&AC10&AD10&AE10&AF10&AG10&AH10&AI10,"3","")) -> 0 | AR10: =SUM(AO10:AQ10) -> 0 | AT10: =COUNTIF(D10:AI10,"*m*") -> 0 | AU10: =COUNTIF(D10:AI10,"*d*") -> 0 | AV10: =COUNTIF(D10:AI10,"*b*") -> 0 | AW10: =COUNTIF(D10:AI10,"*l*") -> 0 | AX10: =COUNTIF(D10:AI10,"*o*") -> 0 | AY10: =SUM(AT10:AX10) -> 0
A11: =Üldinfo!A10 -> 6 | B11: =Üldinfo!B10 -> Täiskasvanu | C11: =Üldinfo!C10 -> Täiskasvanu | AK11: =COUNTA(D11:AI11) -> 0 | AL11: =Üldinfo!AM10 -> 0 | AM11: =AK11/AL11 -> #DIV/0! | AO11: =LEN(D11&E11&F11&G11&H11&I11&J11&K11&L11&M11&N11&O11&P11&Q11&R11&S11&T11&U11&V11&W11&X11&Y11&Z11&AA11&AB11&AC11&AD11&AE11&AF11&AG11&AH11&AI11)-LEN(SUBSTITUTE(D11&E11&F11&G11&H11&I11&J11&K11&L11&M11&N11&O11&P11&Q11&R11&S11&T11&U11&V11&W11&X11&Y11&Z11&AA11&AB11&AC11&AD11&AE11&AF11&AG11&AH11&AI11,"1","")) -> 0 | AP11: =LEN(D11&E11&F11&G11&H11&I11&J11&K11&L11&M11&N11&O11&P11&Q11&R11&S11&T11&U11&V11&W11&X11&Y11&Z11&AA11&AB11&AC11&AD11&AE11&AF11&AG11&AH11&AI11)-LEN(SUBSTITUTE(D11&E11&F11&G11&H11&I11&J11&K11&L11&M11&N11&O11&P11&Q11&R11&S11&T11&U11&V11&W11&X11&Y11&Z11&AA11&AB11&AC11&AD11&AE11&AF11&AG11&AH11&AI11,"2","")) -> 0 | AQ11: =LEN(D11&E11&F11&G11&H11&I11&J11&K11&L11&M11&N11&O11&P11&Q11&R11&S11&T11&U11&V11&W11&X11&Y11&Z11&AA11&AB11&AC11&AD11&AE11&AF11&AG11&AH11&AI11)-LEN(SUBSTITUTE(D11&E11&F11&G11&H11&I11&J11&K11&L11&M11&N11&O11&P11&Q11&R11&S11&T11&U11&V11&W11&X11&Y11&Z11&AA11&AB11&AC11&AD11&AE11&AF11&AG11&AH11&AI11,"3","")) -> 0 | AR11: =SUM(AO11:AQ11) -> 0 | AT11: =COUNTIF(D11:AI11,"*m*") -> 0 | AU11: =COUNTIF(D11:AI11,"*d*") -> 0 | AV11: =COUNTIF(D11:AI11,"*b*") -> 0 | AW11: =COUNTIF(D11:AI11,"*l*") -> 0 | AX11: =COUNTIF(D11:AI11,"*o*") -> 0 | AY11: =SUM(AT11:AX11) -> 0
A12: =Üldinfo!A11 -> 7 | B12: =Üldinfo!B11 -> Mees | C12: =Üldinfo!C11 -> 25-35 a | E12: 1d | AK12: =COUNTA(D12:AI12) -> 1 | AL12: =Üldinfo!AM11 -> 32 | AM12: =AK12/AL12 -> 0.03125 | AO12: =LEN(D12&E12&F12&G12&H12&I12&J12&K12&L12&M12&N12&O12&P12&Q12&R12&S12&T12&U12&V12&W12&X12&Y12&Z12&AA12&AB12&AC12&AD12&AE12&AF12&AG12&AH12&AI12)-LEN(SUBSTITUTE(D12&E12&F12&G12&H12&I12&J12&K12&L12&M12&N12&O12&P12&Q12&R12&S12&T12&U12&V12&W12&X12&Y12&Z12&AA12&AB12&AC12&AD12&AE12&AF12&AG12&AH12&AI12,"1","")) -> 1 | AP12: =LEN(D12&E12&F12&G12&H12&I12&J12&K12&L12&M12&N12&O12&P12&Q12&R12&S12&T12&U12&V12&W12&X12&Y12&Z12&AA12&AB12&AC12&AD12&AE12&AF12&AG12&AH12&AI12)-LEN(SUBSTITUTE(D12&E12&F12&G12&H12&I12&J12&K12&L12&M12&N12&O12&P12&Q12&R12&S12&T12&U12&V12&W12&X12&Y12&Z12&AA12&AB12&AC12&AD12&AE12&AF12&AG12&AH12&AI12,"2","")) -> 0 | AQ12: =LEN(D12&E12&F12&G12&H12&I12&J12&K12&L12&M12&N12&O12&P12&Q12&R12&S12&T12&U12&V12&W12&X12&Y12&Z12&AA12&AB12&AC12&AD12&AE12&AF12&AG12&AH12&AI12)-LEN(SUBSTITUTE(D12&E12&F12&G12&H12&I12&J12&K12&L12&M12&N12&O12&P12&Q12&R12&S12&T12&U12&V12&W12&X12&Y12&Z12&AA12&AB12&AC12&AD12&AE12&AF12&AG12&AH12&AI12,"3","")) -> 0 | AR12: =SUM(AO12:AQ12) -> 1 | AT12: =COUNTIF(D12:AI12,"*m*") -> 0 | AU12: =COUNTIF(D12:AI12,"*d*") -> 1 | AV12: =COUNTIF(D12:AI12,"*b*") -> 0 | AW12: =COUNTIF(D12:AI12,"*l*") -> 0 | AX12: =COUNTIF(D12:AI12,"*o*") -> 0 | AY12: =SUM(AT12:AX12) -> 1
A13: =Üldinfo!A12 -> 8 | B13: =Üldinfo!B12 -> Täiskasvanu | C13: =Üldinfo!C12 -> Täiskasvanu | AK13: =COUNTA(D13:AI13) -> 0 | AL13: =Üldinfo!AM12 -> 0 | AM13: =AK13/AL13 -> #DIV/0! | AO13: =LEN(D13&E13&F13&G13&H13&I13&J13&K13&L13&M13&N13&O13&P13&Q13&R13&S13&T13&U13&V13&W13&X13&Y13&Z13&AA13&AB13&AC13&AD13&AE13&AF13&AG13&AH13&AI13)-LEN(SUBSTITUTE(D13&E13&F13&G13&H13&I13&J13&K13&L13&M13&N13&O13&P13&Q13&R13&S13&T13&U13&V13&W13&X13&Y13&Z13&AA13&AB13&AC13&AD13&AE13&AF13&AG13&AH13&AI13,"1","")) -> 0 | AP13: =LEN(D13&E13&F13&G13&H13&I13&J13&K13&L13&M13&N13&O13&P13&Q13&R13&S13&T13&U13&V13&W13&X13&Y13&Z13&AA13&AB13&AC13&AD13&AE13&AF13&AG13&AH13&AI13)-LEN(SUBSTITUTE(D13&E13&F13&G13&H13&I13&J13&K13&L13&M13&N13&O13&P13&Q13&R13&S13&T13&U13&V13&W13&X13&Y13&Z13&AA13&AB13&AC13&AD13&AE13&AF13&AG13&AH13&AI13,"2","")) -> 0 | AQ13: =LEN(D13&E13&F13&G13&H13&I13&J13&K13&L13&M13&N13&O13&P13&Q13&R13&S13&T13&U13&V13&W13&X13&Y13&Z13&AA13&AB13&AC13&AD13&AE13&AF13&AG13&AH13&AI13)-LEN(SUBSTITUTE(D13&E13&F13&G13&H13&I13&J13&K13&L13&M13&N13&O13&P13&Q13&R13&S13&T13&U13&V13&W13&X13&Y13&Z13&AA13&AB13&AC13&AD13&AE13&AF13&AG13&AH13&AI13,"3","")) -> 0 | AR13: =SUM(AO13:AQ13) -> 0 | AT13: =COUNTIF(D13:AI13,"*m*") -> 0 | AU13: =COUNTIF(D13:AI13,"*d*") -> 0 | AV13: =COUNTIF(D13:AI13,"*b*") -> 0 | AW13: =COUNTIF(D13:AI13,"*l*") -> 0 | AX13: =COUNTIF(D13:AI13,"*o*") -> 0 | AY13: =SUM(AT13:AX13) -> 0
A14: =Üldinfo!A13 -> 9 | B14: =Üldinfo!B13 -> Naine | C14: =Üldinfo!C13 -> 25-35 a | O14: 3o | V14: 2o | AK14: =COUNTA(D14:AI14) -> 2 | AL14: =Üldinfo!AM13 -> 31 | AM14: =AK14/AL14 -> 0.064516129 | AO14: =LEN(D14&E14&F14&G14&H14&I14&J14&K14&L14&M14&N14&O14&P14&Q14&R14&S14&T14&U14&V14&W14&X14&Y14&Z14&AA14&AB14&AC14&AD14&AE14&AF14&AG14&AH14&AI14)-LEN(SUBSTITUTE(D14&E14&F14&G14&H14&I14&J14&K14&L14&M14&N14&O14&P14&Q14&R14&S14&T14&U14&V14&W14&X14&Y14&Z14&AA14&AB14&AC14&AD14&AE14&AF14&AG14&AH14&AI14,"1","")) -> 0 | AP14: =LEN(D14&E14&F14&G14&H14&I14&J14&K14&L14&M14&N14&O14&P14&Q14&R14&S14&T14&U14&V14&W14&X14&Y14&Z14&AA14&AB14&AC14&AD14&AE14&AF14&AG14&AH14&AI14)-LEN(SUBSTITUTE(D14&E14&F14&G14&H14&I14&J14&K14&L14&M14&N14&O14&P14&Q14&R14&S14&T14&U14&V14&W14&X14&Y14&Z14&AA14&AB14&AC14&AD14&AE14&AF14&AG14&AH14&AI14,"2","")) -> 1 | AQ14: =LEN(D14&E14&F14&G14&H14&I14&J14&K14&L14&M14&N14&O14&P14&Q14&R14&S14&T14&U14&V14&W14&X14&Y14&Z14&AA14&AB14&AC14&AD14&AE14&AF14&AG14&AH14&AI14)-LEN(SUBSTITUTE(D14&E14&F14&G14&H14&I14&J14&K14&L14&M14&N14&O14&P14&Q14&R14&S14&T14&U14&V14&W14&X14&Y14&Z14&AA14&AB14&AC14&AD14&AE14&AF14&AG14&AH14&AI14,"3","")) -> 1 | AR14: =SUM(AO14:AQ14) -> 2 | AT14: =COUNTIF(D14:AI14,"*m*") -> 0 | AU14: =COUNTIF(D14:AI14,"*d*") -> 0 | AV14: =COUNTIF(D14:AI14,"*b*") -> 0 | AW14: =COUNTIF(D14:AI14,"*l*") -> 0 | AX14: =COUNTIF(D14:AI14,"*o*") -> 2 | AY14: =SUM(AT14:AX14) -> 2
A15: =Üldinfo!A14 -> 10 | B15: =Üldinfo!B14 -> Täiskasvanu | C15: =Üldinfo!C14 -> Täiskasvanu | AK15: =COUNTA(D15:AI15) -> 0 | AL15: =Üldinfo!AM14 -> 0 | AM15: =AK15/AL15 -> #DIV/0! | AO15: =LEN(D15&E15&F15&G15&H15&I15&J15&K15&L15&M15&N15&O15&P15&Q15&R15&S15&T15&U15&V15&W15&X15&Y15&Z15&AA15&AB15&AC15&AD15&AE15&AF15&AG15&AH15&AI15)-LEN(SUBSTITUTE(D15&E15&F15&G15&H15&I15&J15&K15&L15&M15&N15&O15&P15&Q15&R15&S15&T15&U15&V15&W15&X15&Y15&Z15&AA15&AB15&AC15&AD15&AE15&AF15&AG15&AH15&AI15,"1","")) -> 0 | AP15: =LEN(D15&E15&F15&G15&H15&I15&J15&K15&L15&M15&N15&O15&P15&Q15&R15&S15&T15&U15&V15&W15&X15&Y15&Z15&AA15&AB15&AC15&AD15&AE15&AF15&AG15&AH15&AI15)-LEN(SUBSTITUTE(D15&E15&F15&G15&H15&I15&J15&K15&L15&M15&N15&O15&P15&Q15&R15&S15&T15&U15&V15&W15&X15&Y15&Z15&AA15&AB15&AC15&AD15&AE15&AF15&AG15&AH15&AI15,"2","")) -> 0 | AQ15: =LEN(D15&E15&F15&G15&H15&I15&J15&K15&L15&M15&N15&O15&P15&Q15&R15&S15&T15&U15&V15&W15&X15&Y15&Z15&AA15&AB15&AC15&AD15&AE15&AF15&AG15&AH15&AI15)-LEN(SUBSTITUTE(D15&E15&F15&G15&H15&I15&J15&K15&L15&M15&N15&O15&P15&Q15&R15&S15&T15&U15&V15&W15&X15&Y15&Z15&AA15&AB15&AC15&AD15&AE15&AF15&AG15&AH15&AI15,"3","")) -> 0 | AR15: =SUM(AO15:AQ15) -> 0 | AT15: =COUNTIF(D15:AI15,"*m*") -> 0 | AU15: =COUNTIF(D15:AI15,"*d*") -> 0 | AV15: =COUNTIF(D15:AI15,"*b*") -> 0 | AW15: =COUNTIF(D15:AI15,"*l*") -> 0 | AX15: =COUNTIF(D15:AI15,"*o*") -> 0 | AY15: =SUM(AT15:AX15) -> 0
A16: =Üldinfo!A15 -> 11 | B16: =Üldinfo!B15 -> Täiskasvanu | C16: =Üldinfo!C15 -> Täiskasvanu | AK16: =COUNTA(D16:AI16) -> 0 | AL16: =Üldinfo!AM15 -> 0 | AM16: =AK16/AL16 -> #DIV/0! | AO16: =LEN(D16&E16&F16&G16&H16&I16&J16&K16&L16&M16&N16&O16&P16&Q16&R16&S16&T16&U16&V16&W16&X16&Y16&Z16&AA16&AB16&AC16&AD16&AE16&AF16&AG16&AH16&AI16)-LEN(SUBSTITUTE(D16&E16&F16&G16&H16&I16&J16&K16&L16&M16&N16&O16&P16&Q16&R16&S16&T16&U16&V16&W16&X16&Y16&Z16&AA16&AB16&AC16&AD16&AE16&AF16&AG16&AH16&AI16,"1","")) -> 0 | AP16: =LEN(D16&E16&F16&G16&H16&I16&J16&K16&L16&M16&N16&O16&P16&Q16&R16&S16&T16&U16&V16&W16&X16&Y16&Z16&AA16&AB16&AC16&AD16&AE16&AF16&AG16&AH16&AI16)-LEN(SUBSTITUTE(D16&E16&F16&G16&H16&I16&J16&K16&L16&M16&N16&O16&P16&Q16&R16&S16&T16&U16&V16&W16&X16&Y16&Z16&AA16&AB16&AC16&AD16&AE16&AF16&AG16&AH16&AI16,"2","")) -> 0 | AQ16: =LEN(D16&E16&F16&G16&H16&I16&J16&K16&L16&M16&N16&O16&P16&Q16&R16&S16&T16&U16&V16&W16&X16&Y16&Z16&AA16&AB16&AC16&AD16&AE16&AF16&AG16&AH16&AI16)-LEN(SUBSTITUTE(D16&E16&F16&G16&H16&I16&J16&K16&L16&M16&N16&O16&P16&Q16&R16&S16&T16&U16&V16&W16&X16&Y16&Z16&AA16&AB16&AC16&AD16&AE16&AF16&AG16&AH16&AI16,"3","")) -> 0 | AR16: =SUM(AO16:AQ16) -> 0 | AT16: =COUNTIF(D16:AI16,"*m*") -> 0 | AU16: =COUNTIF(D16:AI16,"*d*") -> 0 | AV16: =COUNTIF(D16:AI16,"*b*") -> 0 | AW16: =COUNTIF(D16:AI16,"*l*") -> 0 | AX16: =COUNTIF(D16:AI16,"*o*") -> 0 | AY16: =SUM(AT16:AX16) -> 0
A17: =Üldinfo!A16 -> 12 | B17: =Üldinfo!B16 -> Naine | C17: =Üldinfo!C16 -> 25-30 a | T17: 1b | U17: 2d1b | AK17: =COUNTA(D17:AI17) -> 2 | AL17: =Üldinfo!AM16 -> 19 | AM17: =AK17/AL17 -> 0.10526316 | AO17: =LEN(D17&E17&F17&G17&H17&I17&J17&K17&L17&M17&N17&O17&P17&Q17&R17&S17&T17&U17&V17&W17&X17&Y17&Z17&AA17&AB17&AC17&AD17&AE17&AF17&AG17&AH17&AI17)-LEN(SUBSTITUTE(D17&E17&F17&G17&H17&I17&J17&K17&L17&M17&N17&O17&P17&Q17&R17&S17&T17&U17&V17&W17&X17&Y17&Z17&AA17&AB17&AC17&AD17&AE17&AF17&AG17&AH17&AI17,"1","")) -> 2 | AP17: =LEN(D17&E17&F17&G17&H17&I17&J17&K17&L17&M17&N17&O17&P17&Q17&R17&S17&T17&U17&V17&W17&X17&Y17&Z17&AA17&AB17&AC17&AD17&AE17&AF17&AG17&AH17&AI17)-LEN(SUBSTITUTE(D17&E17&F17&G17&H17&I17&J17&K17&L17&M17&N17&O17&P17&Q17&R17&S17&T17&U17&V17&W17&X17&Y17&Z17&AA17&AB17&AC17&AD17&AE17&AF17&AG17&AH17&AI17,"2","")) -> 1 | AQ17: =LEN(D17&E17&F17&G17&H17&I17&J17&K17&L17&M17&N17&O17&P17&Q17&R17&S17&T17&U17&V17&W17&X17&Y17&Z17&AA17&AB17&AC17&AD17&AE17&AF17&AG17&AH17&AI17)-LEN(SUBSTITUTE(D17&E17&F17&G17&H17&I17&J17&K17&L17&M17&N17&O17&P17&Q17&R17&S17&T17&U17&V17&W17&X17&Y17&Z17&AA17&AB17&AC17&AD17&AE17&AF17&AG17&AH17&AI17,"3","")) -> 0 | AR17: =SUM(AO17:AQ17) -> 3 | AT17: =COUNTIF(D17:AI17,"*m*") -> 0 | AU17: =COUNTIF(D17:AI17,"*d*") -> 1 | AV17: =COUNTIF(D17:AI17,"*b*") -> 2 | AW17: =COUNTIF(D17:AI17,"*l*") -> 0 | AX17: =COUNTIF(D17:AI17,"*o*") -> 0 | AY17: =SUM(AT17:AX17) -> 3
A18: =Üldinfo!A17 -> 14 | B18: =Üldinfo!B17 -> Alaealine | C18: =Üldinfo!C17 -> Alaealine | AK18: =COUNTA(D18:AI18) -> 0 | AL18: =Üldinfo!AM17 -> 0 | AM18: =AK18/AL18 -> #DIV/0! | AO18: =LEN(D18&E18&F18&G18&H18&I18&J18&K18&L18&M18&N18&O18&P18&Q18&R18&S18&T18&U18&V18&W18&X18&Y18&Z18&AA18&AB18&AC18&AD18&AE18&AF18&AG18&AH18&AI18)-LEN(SUBSTITUTE(D18&E18&F18&G18&H18&I18&J18&K18&L18&M18&N18&O18&P18&Q18&R18&S18&T18&U18&V18&W18&X18&Y18&Z18&AA18&AB18&AC18&AD18&AE18&AF18&AG18&AH18&AI18,"1","")) -> 0 | AP18: =LEN(D18&E18&F18&G18&H18&I18&J18&K18&L18&M18&N18&O18&P18&Q18&R18&S18&T18&U18&V18&W18&X18&Y18&Z18&AA18&AB18&AC18&AD18&AE18&AF18&AG18&AH18&AI18)-LEN(SUBSTITUTE(D18&E18&F18&G18&H18&I18&J18&K18&L18&M18&N18&O18&P18&Q18&R18&S18&T18&U18&V18&W18&X18&Y18&Z18&AA18&AB18&AC18&AD18&AE18&AF18&AG18&AH18&AI18,"2","")) -> 0 | AQ18: =LEN(D18&E18&F18&G18&H18&I18&J18&K18&L18&M18&N18&O18&P18&Q18&R18&S18&T18&U18&V18&W18&X18&Y18&Z18&AA18&AB18&AC18&AD18&AE18&AF18&AG18&AH18&AI18)-LEN(SUBSTITUTE(D18&E18&F18&G18&H18&I18&J18&K18&L18&M18&N18&O18&P18&Q18&R18&S18&T18&U18&V18&W18&X18&Y18&Z18&AA18&AB18&AC18&AD18&AE18&AF18&AG18&AH18&AI18,"3","")) -> 0 | AR18: =SUM(AO18:AQ18) -> 0 | AT18: =COUNTIF(D18:AI18,"*m*") -> 0 | AU18: =COUNTIF(D18:AI18,"*d*") -> 0 | AV18: =COUNTIF(D18:AI18,"*b*") -> 0 | AW18: =COUNTIF(D18:AI18,"*l*") -> 0 | AX18: =COUNTIF(D18:AI18,"*o*") -> 0 | AY18: =SUM(AT18:AX18) -> 0
A19: =Üldinfo!A18 -> 15 | B19: =Üldinfo!B18 -> Täiskasvanu | C19: =Üldinfo!C18 -> Täiskasvanu | AK19: =COUNTA(D19:AI19) -> 0 | AL19: =Üldinfo!AM18 -> 0 | AM19: =AK19/AL19 -> #DIV/0! | AO19: =LEN(D19&E19&F19&G19&H19&I19&J19&K19&L19&M19&N19&O19&P19&Q19&R19&S19&T19&U19&V19&W19&X19&Y19&Z19&AA19&AB19&AC19&AD19&AE19&AF19&AG19&AH19&AI19)-LEN(SUBSTITUTE(D19&E19&F19&G19&H19&I19&J19&K19&L19&M19&N19&O19&P19&Q19&R19&S19&T19&U19&V19&W19&X19&Y19&Z19&AA19&AB19&AC19&AD19&AE19&AF19&AG19&AH19&AI19,"1","")) -> 0 | AP19: =LEN(D19&E19&F19&G19&H19&I19&J19&K19&L19&M19&N19&O19&P19&Q19&R19&S19&T19&U19&V19&W19&X19&Y19&Z19&AA19&AB19&AC19&AD19&AE19&AF19&AG19&AH19&AI19)-LEN(SUBSTITUTE(D19&E19&F19&G19&H19&I19&J19&K19&L19&M19&N19&O19&P19&Q19&R19&S19&T19&U19&V19&W19&X19&Y19&Z19&AA19&AB19&AC19&AD19&AE19&AF19&AG19&AH19&AI19,"2","")) -> 0 | AQ19: =LEN(D19&E19&F19&G19&H19&I19&J19&K19&L19&M19&N19&O19&P19&Q19&R19&S19&T19&U19&V19&W19&X19&Y19&Z19&AA19&AB19&AC19&AD19&AE19&AF19&AG19&AH19&AI19)-LEN(SUBSTITUTE(D19&E19&F19&G19&H19&I19&J19&K19&L19&M19&N19&O19&P19&Q19&R19&S19&T19&U19&V19&W19&X19&Y19&Z19&AA19&AB19&AC19&AD19&AE19&AF19&AG19&AH19&AI19,"3","")) -> 0 | AR19: =SUM(AO19:AQ19) -> 0 | AT19: =COUNTIF(D19:AI19,"*m*") -> 0 | AU19: =COUNTIF(D19:AI19,"*d*") -> 0 | AV19: =COUNTIF(D19:AI19,"*b*") -> 0 | AW19: =COUNTIF(D19:AI19,"*l*") -> 0 | AX19: =COUNTIF(D19:AI19,"*o*") -> 0 | AY19: =SUM(AT19:AX19) -> 0
A20: =Üldinfo!A19 -> 16 | B20: =Üldinfo!B19 -> Täiskasvanu | C20: =Üldinfo!C19 -> Täiskasvanu | AK20: =COUNTA(D20:AI20) -> 0 | AL20: =Üldinfo!AM19 -> 0 | AM20: =AK20/AL20 -> #DIV/0! | AO20: =LEN(D20&E20&F20&G20&H20&I20&J20&K20&L20&M20&N20&O20&P20&Q20&R20&S20&T20&U20&V20&W20&X20&Y20&Z20&AA20&AB20&AC20&AD20&AE20&AF20&AG20&AH20&AI20)-LEN(SUBSTITUTE(D20&E20&F20&G20&H20&I20&J20&K20&L20&M20&N20&O20&P20&Q20&R20&S20&T20&U20&V20&W20&X20&Y20&Z20&AA20&AB20&AC20&AD20&AE20&AF20&AG20&AH20&AI20,"1","")) -> 0 | AP20: =LEN(D20&E20&F20&G20&H20&I20&J20&K20&L20&M20&N20&O20&P20&Q20&R20&S20&T20&U20&V20&W20&X20&Y20&Z20&AA20&AB20&AC20&AD20&AE20&AF20&AG20&AH20&AI20)-LEN(SUBSTITUTE(D20&E20&F20&G20&H20&I20&J20&K20&L20&M20&N20&O20&P20&Q20&R20&S20&T20&U20&V20&W20&X20&Y20&Z20&AA20&AB20&AC20&AD20&AE20&AF20&AG20&AH20&AI20,"2","")) -> 0 | AQ20: =LEN(D20&E20&F20&G20&H20&I20&J20&K20&L20&M20&N20&O20&P20&Q20&R20&S20&T20&U20&V20&W20&X20&Y20&Z20&AA20&AB20&AC20&AD20&AE20&AF20&AG20&AH20&AI20)-LEN(SUBSTITUTE(D20&E20&F20&G20&H20&I20&J20&K20&L20&M20&N20&O20&P20&Q20&R20&S20&T20&U20&V20&W20&X20&Y20&Z20&AA20&AB20&AC20&AD20&AE20&AF20&AG20&AH20&AI20,"3","")) -> 0 | AR20: =SUM(AO20:AQ20) -> 0 | AT20: =COUNTIF(D20:AI20,"*m*") -> 0 | AU20: =COUNTIF(D20:AI20,"*d*") -> 0 | AV20: =COUNTIF(D20:AI20,"*b*") -> 0 | AW20: =COUNTIF(D20:AI20,"*l*") -> 0 | AX20: =COUNTIF(D20:AI20,"*o*") -> 0 | AY20: =SUM(AT20:AX20) -> 0
A21: =Üldinfo!A20 -> 17 | B21: =Üldinfo!B20 -> Täiskasvanu | C21: =Üldinfo!C20 -> Täiskasvanu | AK21: =COUNTA(D21:AI21) -> 0 | AL21: =Üldinfo!AM20 -> 0 | AM21: =AK21/AL21 -> #DIV/0! | AO21: =LEN(D21&E21&F21&G21&H21&I21&J21&K21&L21&M21&N21&O21&P21&Q21&R21&S21&T21&U21&V21&W21&X21&Y21&Z21&AA21&AB21&AC21&AD21&AE21&AF21&AG21&AH21&AI21)-LEN(SUBSTITUTE(D21&E21&F21&G21&H21&I21&J21&K21&L21&M21&N21&O21&P21&Q21&R21&S21&T21&U21&V21&W21&X21&Y21&Z21&AA21&AB21&AC21&AD21&AE21&AF21&AG21&AH21&AI21,"1","")) -> 0 | AP21: =LEN(D21&E21&F21&G21&H21&I21&J21&K21&L21&M21&N21&O21&P21&Q21&R21&S21&T21&U21&V21&W21&X21&Y21&Z21&AA21&AB21&AC21&AD21&AE21&AF21&AG21&AH21&AI21)-LEN(SUBSTITUTE(D21&E21&F21&G21&H21&I21&J21&K21&L21&M21&N21&O21&P21&Q21&R21&S21&T21&U21&V21&W21&X21&Y21&Z21&AA21&AB21&AC21&AD21&AE21&AF21&AG21&AH21&AI21,"2","")) -> 0 | AQ21: =LEN(D21&E21&F21&G21&H21&I21&J21&K21&L21&M21&N21&O21&P21&Q21&R21&S21&T21&U21&V21&W21&X21&Y21&Z21&AA21&AB21&AC21&AD21&AE21&AF21&AG21&AH21&AI21)-LEN(SUBSTITUTE(D21&E21&F21&G21&H21&I21&J21&K21&L21&M21&N21&O21&P21&Q21&R21&S21&T21&U21&V21&W21&X21&Y21&Z21&AA21&AB21&AC21&AD21&AE21&AF21&AG21&AH21&AI21,"3","")) -> 0 | AR21: =SUM(AO21:AQ21) -> 0 | AT21: =COUNTIF(D21:AI21,"*m*") -> 0 | AU21: =COUNTIF(D21:AI21,"*d*") -> 0 | AV21: =COUNTIF(D21:AI21,"*b*") -> 0 | AW21: =COUNTIF(D21:AI21,"*l*") -> 0 | AX21: =COUNTIF(D21:AI21,"*o*") -> 0 | AY21: =SUM(AT21:AX21) -> 0
A22: =Üldinfo!A21 -> 19 | B22: =Üldinfo!B21 -> Mees | C22: =Üldinfo!C21 -> Täiskasvanu | AK22: =COUNTA(D22:AI22) -> 0 | AL22: =Üldinfo!AM21 -> 1 | AM22: =AK22/AL22 -> 0 | AO22: =LEN(D22&E22&F22&G22&H22&I22&J22&K22&L22&M22&N22&O22&P22&Q22&R22&S22&T22&U22&V22&W22&X22&Y22&Z22&AA22&AB22&AC22&AD22&AE22&AF22&AG22&AH22&AI22)-LEN(SUBSTITUTE(D22&E22&F22&G22&H22&I22&J22&K22&L22&M22&N22&O22&P22&Q22&R22&S22&T22&U22&V22&W22&X22&Y22&Z22&AA22&AB22&AC22&AD22&AE22&AF22&AG22&AH22&AI22,"1","")) -> 0 | AP22: =LEN(D22&E22&F22&G22&H22&I22&J22&K22&L22&M22&N22&O22&P22&Q22&R22&S22&T22&U22&V22&W22&X22&Y22&Z22&AA22&AB22&AC22&AD22&AE22&AF22&AG22&AH22&AI22)-LEN(SUBSTITUTE(D22&E22&F22&G22&H22&I22&J22&K22&L22&M22&N22&O22&P22&Q22&R22&S22&T22&U22&V22&W22&X22&Y22&Z22&AA22&AB22&AC22&AD22&AE22&AF22&AG22&AH22&AI22,"2","")) -> 0 | AQ22: =LEN(D22&E22&F22&G22&H22&I22&J22&K22&L22&M22&N22&O22&P22&Q22&R22&S22&T22&U22&V22&W22&X22&Y22&Z22&AA22&AB22&AC22&AD22&AE22&AF22&AG22&AH22&AI22)-LEN(SUBSTITUTE(D22&E22&F22&G22&H22&I22&J22&K22&L22&M22&N22&O22&P22&Q22&R22&S22&T22&U22&V22&W22&X22&Y22&Z22&AA22&AB22&AC22&AD22&AE22&AF22&AG22&AH22&AI22,"3","")) -> 0 | AR22: =SUM(AO22:AQ22) -> 0 | AT22: =COUNTIF(D22:AI22,"*m*") -> 0 | AU22: =COUNTIF(D22:AI22,"*d*") -> 0 | AV22: =COUNTIF(D22:AI22,"*b*") -> 0 | AW22: =COUNTIF(D22:AI22,"*l*") -> 0 | AX22: =COUNTIF(D22:AI22,"*o*") -> 0 | AY22: =SUM(AT22:AX22) -> 0
A23: =Üldinfo!A22 -> 20 | B23: =Üldinfo!B22 -> Mees | C23: =Üldinfo!C22 -> Täiskasvanu | AK23: =COUNTA(D23:AI23) -> 0 | AL23: =Üldinfo!AM22 -> 1 | AM23: =AK23/AL23 -> 0 | AO23: =LEN(D23&E23&F23&G23&H23&I23&J23&K23&L23&M23&N23&O23&P23&Q23&R23&S23&T23&U23&V23&W23&X23&Y23&Z23&AA23&AB23&AC23&AD23&AE23&AF23&AG23&AH23&AI23)-LEN(SUBSTITUTE(D23&E23&F23&G23&H23&I23&J23&K23&L23&M23&N23&O23&P23&Q23&R23&S23&T23&U23&V23&W23&X23&Y23&Z23&AA23&AB23&AC23&AD23&AE23&AF23&AG23&AH23&AI23,"1","")) -> 0 | AP23: =LEN(D23&E23&F23&G23&H23&I23&J23&K23&L23&M23&N23&O23&P23&Q23&R23&S23&T23&U23&V23&W23&X23&Y23&Z23&AA23&AB23&AC23&AD23&AE23&AF23&AG23&AH23&AI23)-LEN(SUBSTITUTE(D23&E23&F23&G23&H23&I23&J23&K23&L23&M23&N23&O23&P23&Q23&R23&S23&T23&U23&V23&W23&X23&Y23&Z23&AA23&AB23&AC23&AD23&AE23&AF23&AG23&AH23&AI23,"2","")) -> 0 | AQ23: =LEN(D23&E23&F23&G23&H23&I23&J23&K23&L23&M23&N23&O23&P23&Q23&R23&S23&T23&U23&V23&W23&X23&Y23&Z23&AA23&AB23&AC23&AD23&AE23&AF23&AG23&AH23&AI23)-LEN(SUBSTITUTE(D23&E23&F23&G23&H23&I23&J23&K23&L23&M23&N23&O23&P23&Q23&R23&S23&T23&U23&V23&W23&X23&Y23&Z23&AA23&AB23&AC23&AD23&AE23&AF23&AG23&AH23&AI23,"3","")) -> 0 | AR23: =SUM(AO23:AQ23) -> 0 | AT23: =COUNTIF(D23:AI23,"*m*") -> 0 | AU23: =COUNTIF(D23:AI23,"*d*") -> 0 | AV23: =COUNTIF(D23:AI23,"*b*") -> 0 | AW23: =COUNTIF(D23:AI23,"*l*") -> 0 | AX23: =COUNTIF(D23:AI23,"*o*") -> 0 | AY23: =SUM(AT23:AX23) -> 0
A24: =Üldinfo!A23 -> 21 | B24: =Üldinfo!B23 -> Naine | C24: =Üldinfo!C23 -> 20-25 a | AG24: 1o | AK24: =COUNTA(D24:AI24) -> 1 | AL24: =Üldinfo!AM23 -> 30 | AM24: =AK24/AL24 -> 0.033333333 | AO24: =LEN(D24&E24&F24&G24&H24&I24&J24&K24&L24&M24&N24&O24&P24&Q24&R24&S24&T24&U24&V24&W24&X24&Y24&Z24&AA24&AB24&AC24&AD24&AE24&AF24&AG24&AH24&AI24)-LEN(SUBSTITUTE(D24&E24&F24&G24&H24&I24&J24&K24&L24&M24&N24&O24&P24&Q24&R24&S24&T24&U24&V24&W24&X24&Y24&Z24&AA24&AB24&AC24&AD24&AE24&AF24&AG24&AH24&AI24,"1","")) -> 1 | AP24: =LEN(D24&E24&F24&G24&H24&I24&J24&K24&L24&M24&N24&O24&P24&Q24&R24&S24&T24&U24&V24&W24&X24&Y24&Z24&AA24&AB24&AC24&AD24&AE24&AF24&AG24&AH24&AI24)-LEN(SUBSTITUTE(D24&E24&F24&G24&H24&I24&J24&K24&L24&M24&N24&O24&P24&Q24&R24&S24&T24&U24&V24&W24&X24&Y24&Z24&AA24&AB24&AC24&AD24&AE24&AF24&AG24&AH24&AI24,"2","")) -> 0 | AQ24: =LEN(D24&E24&F24&G24&H24&I24&J24&K24&L24&M24&N24&O24&P24&Q24&R24&S24&T24&U24&V24&W24&X24&Y24&Z24&AA24&AB24&AC24&AD24&AE24&AF24&AG24&AH24&AI24)-LEN(SUBSTITUTE(D24&E24&F24&G24&H24&I24&J24&K24&L24&M24&N24&O24&P24&Q24&R24&S24&T24&U24&V24&W24&X24&Y24&Z24&AA24&AB24&AC24&AD24&AE24&AF24&AG24&AH24&AI24,"3","")) -> 0 | AR24: =SUM(AO24:AQ24) -> 1 | AT24: =COUNTIF(D24:AI24,"*m*") -> 0 | AU24: =COUNTIF(D24:AI24,"*d*") -> 0 | AV24: =COUNTIF(D24:AI24,"*b*") -> 0 | AW24: =COUNTIF(D24:AI24,"*l*") -> 0 | AX24: =COUNTIF(D24:AI24,"*o*") -> 1 | AY24: =SUM(AT24:AX24) -> 1
A25: =Üldinfo!A24 -> 22 | B25: =Üldinfo!B24 -> Naine | C25: =Üldinfo!C24 -> 17-20 a | AK25: =COUNTA(D25:AI25) -> 0 | AL25: =Üldinfo!AM24 -> 29 | AM25: =AK25/AL25 -> 0 | AO25: =LEN(D25&E25&F25&G25&H25&I25&J25&K25&L25&M25&N25&O25&P25&Q25&R25&S25&T25&U25&V25&W25&X25&Y25&Z25&AA25&AB25&AC25&AD25&AE25&AF25&AG25&AH25&AI25)-LEN(SUBSTITUTE(D25&E25&F25&G25&H25&I25&J25&K25&L25&M25&N25&O25&P25&Q25&R25&S25&T25&U25&V25&W25&X25&Y25&Z25&AA25&AB25&AC25&AD25&AE25&AF25&AG25&AH25&AI25,"1","")) -> 0 | AP25: =LEN(D25&E25&F25&G25&H25&I25&J25&K25&L25&M25&N25&O25&P25&Q25&R25&S25&T25&U25&V25&W25&X25&Y25&Z25&AA25&AB25&AC25&AD25&AE25&AF25&AG25&AH25&AI25)-LEN(SUBSTITUTE(D25&E25&F25&G25&H25&I25&J25&K25&L25&M25&N25&O25&P25&Q25&R25&S25&T25&U25&V25&W25&X25&Y25&Z25&AA25&AB25&AC25&AD25&AE25&AF25&AG25&AH25&AI25,"2","")) -> 0 | AQ25: =LEN(D25&E25&F25&G25&H25&I25&J25&K25&L25&M25&N25&O25&P25&Q25&R25&S25&T25&U25&V25&W25&X25&Y25&Z25&AA25&AB25&AC25&AD25&AE25&AF25&AG25&AH25&AI25)-LEN(SUBSTITUTE(D25&E25&F25&G25&H25&I25&J25&K25&L25&M25&N25&O25&P25&Q25&R25&S25&T25&U25&V25&W25&X25&Y25&Z25&AA25&AB25&AC25&AD25&AE25&AF25&AG25&AH25&AI25,"3","")) -> 0 | AR25: =SUM(AO25:AQ25) -> 0 | AT25: =COUNTIF(D25:AI25,"*m*") -> 0 | AU25: =COUNTIF(D25:AI25,"*d*") -> 0 | AV25: =COUNTIF(D25:AI25,"*b*") -> 0 | AW25: =COUNTIF(D25:AI25,"*l*") -> 0 | AX25: =COUNTIF(D25:AI25,"*o*") -> 0 | AY25: =SUM(AT25:AX25) -> 0
A26: =Üldinfo!A25 -> 23 | B26: =Üldinfo!B25 -> Alaealine | C26: =Üldinfo!C25 -> 10 a ± 30k | AK26: =COUNTA(D26:AI26) -> 0 | AL26: =Üldinfo!AM25 -> 20 | AM26: =AK26/AL26 -> 0 | AO26: =LEN(D26&E26&F26&G26&H26&I26&J26&K26&L26&M26&N26&O26&P26&Q26&R26&S26&T26&U26&V26&W26&X26&Y26&Z26&AA26&AB26&AC26&AD26&AE26&AF26&AG26&AH26&AI26)-LEN(SUBSTITUTE(D26&E26&F26&G26&H26&I26&J26&K26&L26&M26&N26&O26&P26&Q26&R26&S26&T26&U26&V26&W26&X26&Y26&Z26&AA26&AB26&AC26&AD26&AE26&AF26&AG26&AH26&AI26,"1","")) -> 0 | AP26: =LEN(D26&E26&F26&G26&H26&I26&J26&K26&L26&M26&N26&O26&P26&Q26&R26&S26&T26&U26&V26&W26&X26&Y26&Z26&AA26&AB26&AC26&AD26&AE26&AF26&AG26&AH26&AI26)-LEN(SUBSTITUTE(D26&E26&F26&G26&H26&I26&J26&K26&L26&M26&N26&O26&P26&Q26&R26&S26&T26&U26&V26&W26&X26&Y26&Z26&AA26&AB26&AC26&AD26&AE26&AF26&AG26&AH26&AI26,"2","")) -> 0 | AQ26: =LEN(D26&E26&F26&G26&H26&I26&J26&K26&L26&M26&N26&O26&P26&Q26&R26&S26&T26&U26&V26&W26&X26&Y26&Z26&AA26&AB26&AC26&AD26&AE26&AF26&AG26&AH26&AI26)-LEN(SUBSTITUTE(D26&E26&F26&G26&H26&I26&J26&K26&L26&M26&N26&O26&P26&Q26&R26&S26&T26&U26&V26&W26&X26&Y26&Z26&AA26&AB26&AC26&AD26&AE26&AF26&AG26&AH26&AI26,"3","")) -> 0 | AR26: =SUM(AO26:AQ26) -> 0 | AT26: =COUNTIF(D26:AI26,"*m*") -> 0 | AU26: =COUNTIF(D26:AI26,"*d*") -> 0 | AV26: =COUNTIF(D26:AI26,"*b*") -> 0 | AW26: =COUNTIF(D26:AI26,"*l*") -> 0 | AX26: =COUNTIF(D26:AI26,"*o*") -> 0 | AY26: =SUM(AT26:AX26) -> 0
A27: =Üldinfo!A26 -> 24 | B27: =Üldinfo!B26 -> Mees | C27: =Üldinfo!C26 -> 39-44 a | AK27: =COUNTA(D27:AI27) -> 0 | AL27: =Üldinfo!AM26 -> 0 | AM27: =AK27/AL27 -> #DIV/0! | AO27: =LEN(D27&E27&F27&G27&H27&I27&J27&K27&L27&M27&N27&O27&P27&Q27&R27&S27&T27&U27&V27&W27&X27&Y27&Z27&AA27&AB27&AC27&AD27&AE27&AF27&AG27&AH27&AI27)-LEN(SUBSTITUTE(D27&E27&F27&G27&H27&I27&J27&K27&L27&M27&N27&O27&P27&Q27&R27&S27&T27&U27&V27&W27&X27&Y27&Z27&AA27&AB27&AC27&AD27&AE27&AF27&AG27&AH27&AI27,"1","")) -> 0 | AP27: =LEN(D27&E27&F27&G27&H27&I27&J27&K27&L27&M27&N27&O27&P27&Q27&R27&S27&T27&U27&V27&W27&X27&Y27&Z27&AA27&AB27&AC27&AD27&AE27&AF27&AG27&AH27&AI27)-LEN(SUBSTITUTE(D27&E27&F27&G27&H27&I27&J27&K27&L27&M27&N27&O27&P27&Q27&R27&S27&T27&U27&V27&W27&X27&Y27&Z27&AA27&AB27&AC27&AD27&AE27&AF27&AG27&AH27&AI27,"2","")) -> 0 | AQ27: =LEN(D27&E27&F27&G27&H27&I27&J27&K27&L27&M27&N27&O27&P27&Q27&R27&S27&T27&U27&V27&W27&X27&Y27&Z27&AA27&AB27&AC27&AD27&AE27&AF27&AG27&AH27&AI27)-LEN(SUBSTITUTE(D27&E27&F27&G27&H27&I27&J27&K27&L27&M27&N27&O27&P27&Q27&R27&S27&T27&U27&V27&W27&X27&Y27&Z27&AA27&AB27&AC27&AD27&AE27&AF27&AG27&AH27&AI27,"3","")) -> 0 | AR27: =SUM(AO27:AQ27) -> 0 | AT27: =COUNTIF(D27:AI27,"*m*") -> 0 | AU27: =COUNTIF(D27:AI27,"*d*") -> 0 | AV27: =COUNTIF(D27:AI27,"*b*") -> 0 | AW27: =COUNTIF(D27:AI27,"*l*") -> 0 | AX27: =COUNTIF(D27:AI27,"*o*") -> 0 | AY27: =SUM(AT27:AX27) -> 0
A28: =Üldinfo!A27 -> 25 | B28: =Üldinfo!B27 -> Alaealine | C28: =Üldinfo!C27 -> 7-11 a | AK28: =COUNTA(D28:AI28) -> 0 | AL28: =Üldinfo!AM27 -> 24 | AM28: =AK28/AL28 -> 0 | AO28: =LEN(D28&E28&F28&G28&H28&I28&J28&K28&L28&M28&N28&O28&P28&Q28&R28&S28&T28&U28&V28&W28&X28&Y28&Z28&AA28&AB28&AC28&AD28&AE28&AF28&AG28&AH28&AI28)-LEN(SUBSTITUTE(D28&E28&F28&G28&H28&I28&J28&K28&L28&M28&N28&O28&P28&Q28&R28&S28&T28&U28&V28&W28&X28&Y28&Z28&AA28&AB28&AC28&AD28&AE28&AF28&AG28&AH28&AI28,"1","")) -> 0 | AP28: =LEN(D28&E28&F28&G28&H28&I28&J28&K28&L28&M28&N28&O28&P28&Q28&R28&S28&T28&U28&V28&W28&X28&Y28&Z28&AA28&AB28&AC28&AD28&AE28&AF28&AG28&AH28&AI28)-LEN(SUBSTITUTE(D28&E28&F28&G28&H28&I28&J28&K28&L28&M28&N28&O28&P28&Q28&R28&S28&T28&U28&V28&W28&X28&Y28&Z28&AA28&AB28&AC28&AD28&AE28&AF28&AG28&AH28&AI28,"2","")) -> 0 | AQ28: =LEN(D28&E28&F28&G28&H28&I28&J28&K28&L28&M28&N28&O28&P28&Q28&R28&S28&T28&U28&V28&W28&X28&Y28&Z28&AA28&AB28&AC28&AD28&AE28&AF28&AG28&AH28&AI28)-LEN(SUBSTITUTE(D28&E28&F28&G28&H28&I28&J28&K28&L28&M28&N28&O28&P28&Q28&R28&S28&T28&U28&V28&W28&X28&Y28&Z28&AA28&AB28&AC28&AD28&AE28&AF28&AG28&AH28&AI28,"3","")) -> 0 | AR28: =SUM(AO28:AQ28) -> 0 | AT28: =COUNTIF(D28:AI28,"*m*") -> 0 | AU28: =COUNTIF(D28:AI28,"*d*") -> 0 | AV28: =COUNTIF(D28:AI28,"*b*") -> 0 | AW28: =COUNTIF(D28:AI28,"*l*") -> 0 | AX28: =COUNTIF(D28:AI28,"*o*") -> 0 | AY28: =SUM(AT28:AX28) -> 0
A29: =Üldinfo!A28 -> 26a | B29: =Üldinfo!B28 -> Alaealine | C29: =Üldinfo!C28 -> 12-18 a | AK29: =COUNTA(D29:AI29) -> 0 | AL29: =Üldinfo!AM28 -> 0 | AM29: =AK29/AL29 -> #DIV/0! | AO29: =LEN(D29&E29&F29&G29&H29&I29&J29&K29&L29&M29&N29&O29&P29&Q29&R29&S29&T29&U29&V29&W29&X29&Y29&Z29&AA29&AB29&AC29&AD29&AE29&AF29&AG29&AH29&AI29)-LEN(SUBSTITUTE(D29&E29&F29&G29&H29&I29&J29&K29&L29&M29&N29&O29&P29&Q29&R29&S29&T29&U29&V29&W29&X29&Y29&Z29&AA29&AB29&AC29&AD29&AE29&AF29&AG29&AH29&AI29,"1","")) -> 0 | AP29: =LEN(D29&E29&F29&G29&H29&I29&J29&K29&L29&M29&N29&O29&P29&Q29&R29&S29&T29&U29&V29&W29&X29&Y29&Z29&AA29&AB29&AC29&AD29&AE29&AF29&AG29&AH29&AI29)-LEN(SUBSTITUTE(D29&E29&F29&G29&H29&I29&J29&K29&L29&M29&N29&O29&P29&Q29&R29&S29&T29&U29&V29&W29&X29&Y29&Z29&AA29&AB29&AC29&AD29&AE29&AF29&AG29&AH29&AI29,"2","")) -> 0 | AQ29: =LEN(D29&E29&F29&G29&H29&I29&J29&K29&L29&M29&N29&O29&P29&Q29&R29&S29&T29&U29&V29&W29&X29&Y29&Z29&AA29&AB29&AC29&AD29&AE29&AF29&AG29&AH29&AI29)-LEN(SUBSTITUTE(D29&E29&F29&G29&H29&I29&J29&K29&L29&M29&N29&O29&P29&Q29&R29&S29&T29&U29&V29&W29&X29&Y29&Z29&AA29&AB29&AC29&AD29&AE29&AF29&AG29&AH29&AI29,"3","")) -> 0 | AR29: =SUM(AO29:AQ29) -> 0 | AT29: =COUNTIF(D29:AI29,"*m*") -> 0 | AU29: =COUNTIF(D29:AI29,"*d*") -> 0 | AV29: =COUNTIF(D29:AI29,"*b*") -> 0 | AW29: =COUNTIF(D29:AI29,"*l*") -> 0 | AX29: =COUNTIF(D29:AI29,"*o*") -> 0 | AY29: =SUM(AT29:AX29) -> 0
A30: =Üldinfo!A29 -> 26b | B30: =Üldinfo!B29 -> Täiskasvanu | C30: =Üldinfo!C29 -> Täiskasvanu | AK30: =COUNTA(D30:AI30) -> 0 | AL30: =Üldinfo!AM29 -> 0 | AM30: =AK30/AL30 -> #DIV/0! | AO30: =LEN(D30&E30&F30&G30&H30&I30&J30&K30&L30&M30&N30&O30&P30&Q30&R30&S30&T30&U30&V30&W30&X30&Y30&Z30&AA30&AB30&AC30&AD30&AE30&AF30&AG30&AH30&AI30)-LEN(SUBSTITUTE(D30&E30&F30&G30&H30&I30&J30&K30&L30&M30&N30&O30&P30&Q30&R30&S30&T30&U30&V30&W30&X30&Y30&Z30&AA30&AB30&AC30&AD30&AE30&AF30&AG30&AH30&AI30,"1","")) -> 0 | AP30: =LEN(D30&E30&F30&G30&H30&I30&J30&K30&L30&M30&N30&O30&P30&Q30&R30&S30&T30&U30&V30&W30&X30&Y30&Z30&AA30&AB30&AC30&AD30&AE30&AF30&AG30&AH30&AI30)-LEN(SUBSTITUTE(D30&E30&F30&G30&H30&I30&J30&K30&L30&M30&N30&O30&P30&Q30&R30&S30&T30&U30&V30&W30&X30&Y30&Z30&AA30&AB30&AC30&AD30&AE30&AF30&AG30&AH30&AI30,"2","")) -> 0 | AQ30: =LEN(D30&E30&F30&G30&H30&I30&J30&K30&L30&M30&N30&O30&P30&Q30&R30&S30&T30&U30&V30&W30&X30&Y30&Z30&AA30&AB30&AC30&AD30&AE30&AF30&AG30&AH30&AI30)-LEN(SUBSTITUTE(D30&E30&F30&G30&H30&I30&J30&K30&L30&M30&N30&O30&P30&Q30&R30&S30&T30&U30&V30&W30&X30&Y30&Z30&AA30&AB30&AC30&AD30&AE30&AF30&AG30&AH30&AI30,"3","")) -> 0 | AR30: =SUM(AO30:AQ30) -> 0 | AT30: =COUNTIF(D30:AI30,"*m*") -> 0 | AU30: =COUNTIF(D30:AI30,"*d*") -> 0 | AV30: =COUNTIF(D30:AI30,"*b*") -> 0 | AW30: =COUNTIF(D30:AI30,"*l*") -> 0 | AX30: =COUNTIF(D30:AI30,"*o*") -> 0 | AY30: =SUM(AT30:AX30) -> 0
A31: =Üldinfo!A30 -> 27 | B31: =Üldinfo!B30 -> Mees | C31: =Üldinfo!C30 -> 40-50 a | AK31: =COUNTA(D31:AI31) -> 0 | AL31: =Üldinfo!AM30 -> 0 | AM31: =AK31/AL31 -> #DIV/0! | AO31: =LEN(D31&E31&F31&G31&H31&I31&J31&K31&L31&M31&N31&O31&P31&Q31&R31&S31&T31&U31&V31&W31&X31&Y31&Z31&AA31&AB31&AC31&AD31&AE31&AF31&AG31&AH31&AI31)-LEN(SUBSTITUTE(D31&E31&F31&G31&H31&I31&J31&K31&L31&M31&N31&O31&P31&Q31&R31&S31&T31&U31&V31&W31&X31&Y31&Z31&AA31&AB31&AC31&AD31&AE31&AF31&AG31&AH31&AI31,"1","")) -> 0 | AP31: =LEN(D31&E31&F31&G31&H31&I31&J31&K31&L31&M31&N31&O31&P31&Q31&R31&S31&T31&U31&V31&W31&X31&Y31&Z31&AA31&AB31&AC31&AD31&AE31&AF31&AG31&AH31&AI31)-LEN(SUBSTITUTE(D31&E31&F31&G31&H31&I31&J31&K31&L31&M31&N31&O31&P31&Q31&R31&S31&T31&U31&V31&W31&X31&Y31&Z31&AA31&AB31&AC31&AD31&AE31&AF31&AG31&AH31&AI31,"2","")) -> 0 | AQ31: =LEN(D31&E31&F31&G31&H31&I31&J31&K31&L31&M31&N31&O31&P31&Q31&R31&S31&T31&U31&V31&W31&X31&Y31&Z31&AA31&AB31&AC31&AD31&AE31&AF31&AG31&AH31&AI31)-LEN(SUBSTITUTE(D31&E31&F31&G31&H31&I31&J31&K31&L31&M31&N31&O31&P31&Q31&R31&S31&T31&U31&V31&W31&X31&Y31&Z31&AA31&AB31&AC31&AD31&AE31&AF31&AG31&AH31&AI31,"3","")) -> 0 | AR31: =SUM(AO31:AQ31) -> 0 | AT31: =COUNTIF(D31:AI31,"*m*") -> 0 | AU31: =COUNTIF(D31:AI31,"*d*") -> 0 | AV31: =COUNTIF(D31:AI31,"*b*") -> 0 | AW31: =COUNTIF(D31:AI31,"*l*") -> 0 | AX31: =COUNTIF(D31:AI31,"*o*") -> 0 | AY31: =SUM(AT31:AX31) -> 0
A32: =Üldinfo!A31 -> 28 | B32: =Üldinfo!B31 -> Naine | C32: =Üldinfo!C31 -> 25-50 a | AG32: 2d | AH32: 3m3o | AK32: =COUNTA(D32:AI32) -> 2 | AL32: =Üldinfo!AM31 -> 30 | AM32: =AK32/AL32 -> 0.066666667 | AO32: =LEN(D32&E32&F32&G32&H32&I32&J32&K32&L32&M32&N32&O32&P32&Q32&R32&S32&T32&U32&V32&W32&X32&Y32&Z32&AA32&AB32&AC32&AD32&AE32&AF32&AG32&AH32&AI32)-LEN(SUBSTITUTE(D32&E32&F32&G32&H32&I32&J32&K32&L32&M32&N32&O32&P32&Q32&R32&S32&T32&U32&V32&W32&X32&Y32&Z32&AA32&AB32&AC32&AD32&AE32&AF32&AG32&AH32&AI32,"1","")) -> 0 | AP32: =LEN(D32&E32&F32&G32&H32&I32&J32&K32&L32&M32&N32&O32&P32&Q32&R32&S32&T32&U32&V32&W32&X32&Y32&Z32&AA32&AB32&AC32&AD32&AE32&AF32&AG32&AH32&AI32)-LEN(SUBSTITUTE(D32&E32&F32&G32&H32&I32&J32&K32&L32&M32&N32&O32&P32&Q32&R32&S32&T32&U32&V32&W32&X32&Y32&Z32&AA32&AB32&AC32&AD32&AE32&AF32&AG32&AH32&AI32,"2","")) -> 1 | AQ32: =LEN(D32&E32&F32&G32&H32&I32&J32&K32&L32&M32&N32&O32&P32&Q32&R32&S32&T32&U32&V32&W32&X32&Y32&Z32&AA32&AB32&AC32&AD32&AE32&AF32&AG32&AH32&AI32)-LEN(SUBSTITUTE(D32&E32&F32&G32&H32&I32&J32&K32&L32&M32&N32&O32&P32&Q32&R32&S32&T32&U32&V32&W32&X32&Y32&Z32&AA32&AB32&AC32&AD32&AE32&AF32&AG32&AH32&AI32,"3","")) -> 2 | AR32: =SUM(AO32:AQ32) -> 3 | AT32: =COUNTIF(D32:AI32,"*m*") -> 1 | AU32: =COUNTIF(D32:AI32,"*d*") -> 1 | AV32: =COUNTIF(D32:AI32,"*b*") -> 0 | AW32: =COUNTIF(D32:AI32,"*l*") -> 0 | AX32: =COUNTIF(D32:AI32,"*o*") -> 1 | AY32: =SUM(AT32:AX32) -> 3
A33: =Üldinfo!A32 -> 29 | B33: =Üldinfo!B32 -> Mees | C33: =Üldinfo!C32 -> 25-30a | AK33: =COUNTA(D33:AI33) -> 0 | AL33: =Üldinfo!AM32 -> 32 | AM33: =AK33/AL33 -> 0 | AO33: =LEN(D33&E33&F33&G33&H33&I33&J33&K33&L33&M33&N33&O33&P33&Q33&R33&S33&T33&U33&V33&W33&X33&Y33&Z33&AA33&AB33&AC33&AD33&AE33&AF33&AG33&AH33&AI33)-LEN(SUBSTITUTE(D33&E33&F33&G33&H33&I33&J33&K33&L33&M33&N33&O33&P33&Q33&R33&S33&T33&U33&V33&W33&X33&Y33&Z33&AA33&AB33&AC33&AD33&AE33&AF33&AG33&AH33&AI33,"1","")) -> 0 | AP33: =LEN(D33&E33&F33&G33&H33&I33&J33&K33&L33&M33&N33&O33&P33&Q33&R33&S33&T33&U33&V33&W33&X33&Y33&Z33&AA33&AB33&AC33&AD33&AE33&AF33&AG33&AH33&AI33)-LEN(SUBSTITUTE(D33&E33&F33&G33&H33&I33&J33&K33&L33&M33&N33&O33&P33&Q33&R33&S33&T33&U33&V33&W33&X33&Y33&Z33&AA33&AB33&AC33&AD33&AE33&AF33&AG33&AH33&AI33,"2","")) -> 0 | AQ33: =LEN(D33&E33&F33&G33&H33&I33&J33&K33&L33&M33&N33&O33&P33&Q33&R33&S33&T33&U33&V33&W33&X33&Y33&Z33&AA33&AB33&AC33&AD33&AE33&AF33&AG33&AH33&AI33)-LEN(SUBSTITUTE(D33&E33&F33&G33&H33&I33&J33&K33&L33&M33&N33&O33&P33&Q33&R33&S33&T33&U33&V33&W33&X33&Y33&Z33&AA33&AB33&AC33&AD33&AE33&AF33&AG33&AH33&AI33,"3","")) -> 0 | AR33: =SUM(AO33:AQ33) -> 0 | AT33: =COUNTIF(D33:AI33,"*m*") -> 0 | AU33: =COUNTIF(D33:AI33,"*d*") -> 0 | AV33: =COUNTIF(D33:AI33,"*b*") -> 0 | AW33: =COUNTIF(D33:AI33,"*l*") -> 0 | AX33: =COUNTIF(D33:AI33,"*o*") -> 0 | AY33: =SUM(AT33:AX33) -> 0
A34: =Üldinfo!A33 -> 30 | B34: =Üldinfo!B33 -> Naine | C34: =Üldinfo!C33 -> 17-25 a | U34: 2o2l | AI34: 1o | AK34: =COUNTA(D34:AI34) -> 2 | AL34: =Üldinfo!AM33 -> 17 | AM34: =AK34/AL34 -> 0.11764706 | AO34: =LEN(D34&E34&F34&G34&H34&I34&J34&K34&L34&M34&N34&O34&P34&Q34&R34&S34&T34&U34&V34&W34&X34&Y34&Z34&AA34&AB34&AC34&AD34&AE34&AF34&AG34&AH34&AI34)-LEN(SUBSTITUTE(D34&E34&F34&G34&H34&I34&J34&K34&L34&M34&N34&O34&P34&Q34&R34&S34&T34&U34&V34&W34&X34&Y34&Z34&AA34&AB34&AC34&AD34&AE34&AF34&AG34&AH34&AI34,"1","")) -> 1 | AP34: =LEN(D34&E34&F34&G34&H34&I34&J34&K34&L34&M34&N34&O34&P34&Q34&R34&S34&T34&U34&V34&W34&X34&Y34&Z34&AA34&AB34&AC34&AD34&AE34&AF34&AG34&AH34&AI34)-LEN(SUBSTITUTE(D34&E34&F34&G34&H34&I34&J34&K34&L34&M34&N34&O34&P34&Q34&R34&S34&T34&U34&V34&W34&X34&Y34&Z34&AA34&AB34&AC34&AD34&AE34&AF34&AG34&AH34&AI34,"2","")) -> 2 | AQ34: =LEN(D34&E34&F34&G34&H34&I34&J34&K34&L34&M34&N34&O34&P34&Q34&R34&S34&T34&U34&V34&W34&X34&Y34&Z34&AA34&AB34&AC34&AD34&AE34&AF34&AG34&AH34&AI34)-LEN(SUBSTITUTE(D34&E34&F34&G34&H34&I34&J34&K34&L34&M34&N34&O34&P34&Q34&R34&S34&T34&U34&V34&W34&X34&Y34&Z34&AA34&AB34&AC34&AD34&AE34&AF34&AG34&AH34&AI34,"3","")) -> 0 | AR34: =SUM(AO34:AQ34) -> 3 | AT34: =COUNTIF(D34:AI34,"*m*") -> 0 | AU34: =COUNTIF(D34:AI34,"*d*") -> 0 | AV34: =COUNTIF(D34:AI34,"*b*") -> 0 | AW34: =COUNTIF(D34:AI34,"*l*") -> 1 | AX34: =COUNTIF(D34:AI34,"*o*") -> 2 | AY34: =SUM(AT34:AX34) -> 3
A35: =Üldinfo!A34 -> 31 | B35: =Üldinfo!B34 -> Alaealine | C35: =Üldinfo!C34 -> 5+ a | AK35: =COUNTA(D35:AI35) -> 0 | AL35: =Üldinfo!AM34 -> 0 | AM35: =AK35/AL35 -> #DIV/0! | AO35: =LEN(D35&E35&F35&G35&H35&I35&J35&K35&L35&M35&N35&O35&P35&Q35&R35&S35&T35&U35&V35&W35&X35&Y35&Z35&AA35&AB35&AC35&AD35&AE35&AF35&AG35&AH35&AI35)-LEN(SUBSTITUTE(D35&E35&F35&G35&H35&I35&J35&K35&L35&M35&N35&O35&P35&Q35&R35&S35&T35&U35&V35&W35&X35&Y35&Z35&AA35&AB35&AC35&AD35&AE35&AF35&AG35&AH35&AI35,"1","")) -> 0 | AP35: =LEN(D35&E35&F35&G35&H35&I35&J35&K35&L35&M35&N35&O35&P35&Q35&R35&S35&T35&U35&V35&W35&X35&Y35&Z35&AA35&AB35&AC35&AD35&AE35&AF35&AG35&AH35&AI35)-LEN(SUBSTITUTE(D35&E35&F35&G35&H35&I35&J35&K35&L35&M35&N35&O35&P35&Q35&R35&S35&T35&U35&V35&W35&X35&Y35&Z35&AA35&AB35&AC35&AD35&AE35&AF35&AG35&AH35&AI35,"2","")) -> 0 | AQ35: =LEN(D35&E35&F35&G35&H35&I35&J35&K35&L35&M35&N35&O35&P35&Q35&R35&S35&T35&U35&V35&W35&X35&Y35&Z35&AA35&AB35&AC35&AD35&AE35&AF35&AG35&AH35&AI35)-LEN(SUBSTITUTE(D35&E35&F35&G35&H35&I35&J35&K35&L35&M35&N35&O35&P35&Q35&R35&S35&T35&U35&V35&W35&X35&Y35&Z35&AA35&AB35&AC35&AD35&AE35&AF35&AG35&AH35&AI35,"3","")) -> 0 | AR35: =SUM(AO35:AQ35) -> 0 | AT35: =COUNTIF(D35:AI35,"*m*") -> 0 | AU35: =COUNTIF(D35:AI35,"*d*") -> 0 | AV35: =COUNTIF(D35:AI35,"*b*") -> 0 | AW35: =COUNTIF(D35:AI35,"*l*") -> 0 | AX35: =COUNTIF(D35:AI35,"*o*") -> 0 | AY35: =SUM(AT35:AX35) -> 0
A36: =Üldinfo!A35 -> 32 | B36: =Üldinfo!B35 -> Alaealine | C36: =Üldinfo!C35 -> 3-5 a | AK36: =COUNTA(D36:AI36) -> 0 | AL36: =Üldinfo!AM35 -> 0 | AM36: =AK36/AL36 -> #DIV/0! | AO36: =LEN(D36&E36&F36&G36&H36&I36&J36&K36&L36&M36&N36&O36&P36&Q36&R36&S36&T36&U36&V36&W36&X36&Y36&Z36&AA36&AB36&AC36&AD36&AE36&AF36&AG36&AH36&AI36)-LEN(SUBSTITUTE(D36&E36&F36&G36&H36&I36&J36&K36&L36&M36&N36&O36&P36&Q36&R36&S36&T36&U36&V36&W36&X36&Y36&Z36&AA36&AB36&AC36&AD36&AE36&AF36&AG36&AH36&AI36,"1","")) -> 0 | AP36: =LEN(D36&E36&F36&G36&H36&I36&J36&K36&L36&M36&N36&O36&P36&Q36&R36&S36&T36&U36&V36&W36&X36&Y36&Z36&AA36&AB36&AC36&AD36&AE36&AF36&AG36&AH36&AI36)-LEN(SUBSTITUTE(D36&E36&F36&G36&H36&I36&J36&K36&L36&M36&N36&O36&P36&Q36&R36&S36&T36&U36&V36&W36&X36&Y36&Z36&AA36&AB36&AC36&AD36&AE36&AF36&AG36&AH36&AI36,"2","")) -> 0 | AQ36: =LEN(D36&E36&F36&G36&H36&I36&J36&K36&L36&M36&N36&O36&P36&Q36&R36&S36&T36&U36&V36&W36&X36&Y36&Z36&AA36&AB36&AC36&AD36&AE36&AF36&AG36&AH36&AI36)-LEN(SUBSTITUTE(D36&E36&F36&G36&H36&I36&J36&K36&L36&M36&N36&O36&P36&Q36&R36&S36&T36&U36&V36&W36&X36&Y36&Z36&AA36&AB36&AC36&AD36&AE36&AF36&AG36&AH36&AI36,"3","")) -> 0 | AR36: =SUM(AO36:AQ36) -> 0 | AT36: =COUNTIF(D36:AI36,"*m*") -> 0 | AU36: =COUNTIF(D36:AI36,"*d*") -> 0 | AV36: =COUNTIF(D36:AI36,"*b*") -> 0 | AW36: =COUNTIF(D36:AI36,"*l*") -> 0 | AX36: =COUNTIF(D36:AI36,"*o*") -> 0 | AY36: =SUM(AT36:AX36) -> 0
A37: =Üldinfo!A36 -> 33 | B37: =Üldinfo!B36 -> Alaealine | C37: =Üldinfo!C36 -> 1-2 a | AK37: =COUNTA(D37:AI37) -> 0 | AL37: =Üldinfo!AM36 -> 1 | AM37: =AK37/AL37 -> 0 | AO37: =LEN(D37&E37&F37&G37&H37&I37&J37&K37&L37&M37&N37&O37&P37&Q37&R37&S37&T37&U37&V37&W37&X37&Y37&Z37&AA37&AB37&AC37&AD37&AE37&AF37&AG37&AH37&AI37)-LEN(SUBSTITUTE(D37&E37&F37&G37&H37&I37&J37&K37&L37&M37&N37&O37&P37&Q37&R37&S37&T37&U37&V37&W37&X37&Y37&Z37&AA37&AB37&AC37&AD37&AE37&AF37&AG37&AH37&AI37,"1","")) -> 0 | AP37: =LEN(D37&E37&F37&G37&H37&I37&J37&K37&L37&M37&N37&O37&P37&Q37&R37&S37&T37&U37&V37&W37&X37&Y37&Z37&AA37&AB37&AC37&AD37&AE37&AF37&AG37&AH37&AI37)-LEN(SUBSTITUTE(D37&E37&F37&G37&H37&I37&J37&K37&L37&M37&N37&O37&P37&Q37&R37&S37&T37&U37&V37&W37&X37&Y37&Z37&AA37&AB37&AC37&AD37&AE37&AF37&AG37&AH37&AI37,"2","")) -> 0 | AQ37: =LEN(D37&E37&F37&G37&H37&I37&J37&K37&L37&M37&N37&O37&P37&Q37&R37&S37&T37&U37&V37&W37&X37&Y37&Z37&AA37&AB37&AC37&AD37&AE37&AF37&AG37&AH37&AI37)-LEN(SUBSTITUTE(D37&E37&F37&G37&H37&I37&J37&K37&L37&M37&N37&O37&P37&Q37&R37&S37&T37&U37&V37&W37&X37&Y37&Z37&AA37&AB37&AC37&AD37&AE37&AF37&AG37&AH37&AI37,"3","")) -> 0 | AR37: =SUM(AO37:AQ37) -> 0 | AT37: =COUNTIF(D37:AI37,"*m*") -> 0 | AU37: =COUNTIF(D37:AI37,"*d*") -> 0 | AV37: =COUNTIF(D37:AI37,"*b*") -> 0 | AW37: =COUNTIF(D37:AI37,"*l*") -> 0 | AX37: =COUNTIF(D37:AI37,"*o*") -> 0 | AY37: =SUM(AT37:AX37) -> 0
A38: =Üldinfo!A37 -> 34 | B38: =Üldinfo!B37 -> Mees ? | C38: =Üldinfo!C37 -> Täiskasvanu | AK38: =COUNTA(D38:AI38) -> 0 | AL38: =Üldinfo!AM37 -> 0 | AM38: =AK38/AL38 -> #DIV/0! | AO38: =LEN(D38&E38&F38&G38&H38&I38&J38&K38&L38&M38&N38&O38&P38&Q38&R38&S38&T38&U38&V38&W38&X38&Y38&Z38&AA38&AB38&AC38&AD38&AE38&AF38&AG38&AH38&AI38)-LEN(SUBSTITUTE(D38&E38&F38&G38&H38&I38&J38&K38&L38&M38&N38&O38&P38&Q38&R38&S38&T38&U38&V38&W38&X38&Y38&Z38&AA38&AB38&AC38&AD38&AE38&AF38&AG38&AH38&AI38,"1","")) -> 0 | AP38: =LEN(D38&E38&F38&G38&H38&I38&J38&K38&L38&M38&N38&O38&P38&Q38&R38&S38&T38&U38&V38&W38&X38&Y38&Z38&AA38&AB38&AC38&AD38&AE38&AF38&AG38&AH38&AI38)-LEN(SUBSTITUTE(D38&E38&F38&G38&H38&I38&J38&K38&L38&M38&N38&O38&P38&Q38&R38&S38&T38&U38&V38&W38&X38&Y38&Z38&AA38&AB38&AC38&AD38&AE38&AF38&AG38&AH38&AI38,"2","")) -> 0 | AQ38: =LEN(D38&E38&F38&G38&H38&I38&J38&K38&L38&M38&N38&O38&P38&Q38&R38&S38&T38&U38&V38&W38&X38&Y38&Z38&AA38&AB38&AC38&AD38&AE38&AF38&AG38&AH38&AI38)-LEN(SUBSTITUTE(D38&E38&F38&G38&H38&I38&J38&K38&L38&M38&N38&O38&P38&Q38&R38&S38&T38&U38&V38&W38&X38&Y38&Z38&AA38&AB38&AC38&AD38&AE38&AF38&AG38&AH38&AI38,"3","")) -> 0 | AR38: =SUM(AO38:AQ38) -> 0 | AT38: =COUNTIF(D38:AI38,"*m*") -> 0 | AU38: =COUNTIF(D38:AI38,"*d*") -> 0 | AV38: =COUNTIF(D38:AI38,"*b*") -> 0 | AW38: =COUNTIF(D38:AI38,"*l*") -> 0 | AX38: =COUNTIF(D38:AI38,"*o*") -> 0 | AY38: =SUM(AT38:AX38) -> 0
A39: =Üldinfo!A38 -> 35 | B39: =Üldinfo!B38 -> Naine | C39: =Üldinfo!C38 -> Täiskasvanu | AK39: =COUNTA(D39:AI39) -> 0 | AL39: =Üldinfo!AM38 -> 0 | AM39: =AK39/AL39 -> #DIV/0! | AO39: =LEN(D39&E39&F39&G39&H39&I39&J39&K39&L39&M39&N39&O39&P39&Q39&R39&S39&T39&U39&V39&W39&X39&Y39&Z39&AA39&AB39&AC39&AD39&AE39&AF39&AG39&AH39&AI39)-LEN(SUBSTITUTE(D39&E39&F39&G39&H39&I39&J39&K39&L39&M39&N39&O39&P39&Q39&R39&S39&T39&U39&V39&W39&X39&Y39&Z39&AA39&AB39&AC39&AD39&AE39&AF39&AG39&AH39&AI39,"1","")) -> 0 | AP39: =LEN(D39&E39&F39&G39&H39&I39&J39&K39&L39&M39&N39&O39&P39&Q39&R39&S39&T39&U39&V39&W39&X39&Y39&Z39&AA39&AB39&AC39&AD39&AE39&AF39&AG39&AH39&AI39)-LEN(SUBSTITUTE(D39&E39&F39&G39&H39&I39&J39&K39&L39&M39&N39&O39&P39&Q39&R39&S39&T39&U39&V39&W39&X39&Y39&Z39&AA39&AB39&AC39&AD39&AE39&AF39&AG39&AH39&AI39,"2","")) -> 0 | AQ39: =LEN(D39&E39&F39&G39&H39&I39&J39&K39&L39&M39&N39&O39&P39&Q39&R39&S39&T39&U39&V39&W39&X39&Y39&Z39&AA39&AB39&AC39&AD39&AE39&AF39&AG39&AH39&AI39)-LEN(SUBSTITUTE(D39&E39&F39&G39&H39&I39&J39&K39&L39&M39&N39&O39&P39&Q39&R39&S39&T39&U39&V39&W39&X39&Y39&Z39&AA39&AB39&AC39&AD39&AE39&AF39&AG39&AH39&AI39,"3","")) -> 0 | AR39: =SUM(AO39:AQ39) -> 0 | AT39: =COUNTIF(D39:AI39,"*m*") -> 0 | AU39: =COUNTIF(D39:AI39,"*d*") -> 0 | AV39: =COUNTIF(D39:AI39,"*b*") -> 0 | AW39: =COUNTIF(D39:AI39,"*l*") -> 0 | AX39: =COUNTIF(D39:AI39,"*o*") -> 0 | AY39: =SUM(AT39:AX39) -> 0
A40: =Üldinfo!A39 -> 36 | B40: =Üldinfo!B39 -> Mees ? | C40: =Üldinfo!C39 -> 40-50 a | AK40: =COUNTA(D40:AI40) -> 0 | AL40: =Üldinfo!AM39 -> 0 | AM40: =AK40/AL40 -> #DIV/0! | AO40: =LEN(D40&E40&F40&G40&H40&I40&J40&K40&L40&M40&N40&O40&P40&Q40&R40&S40&T40&U40&V40&W40&X40&Y40&Z40&AA40&AB40&AC40&AD40&AE40&AF40&AG40&AH40&AI40)-LEN(SUBSTITUTE(D40&E40&F40&G40&H40&I40&J40&K40&L40&M40&N40&O40&P40&Q40&R40&S40&T40&U40&V40&W40&X40&Y40&Z40&AA40&AB40&AC40&AD40&AE40&AF40&AG40&AH40&AI40,"1","")) -> 0 | AP40: =LEN(D40&E40&F40&G40&H40&I40&J40&K40&L40&M40&N40&O40&P40&Q40&R40&S40&T40&U40&V40&W40&X40&Y40&Z40&AA40&AB40&AC40&AD40&AE40&AF40&AG40&AH40&AI40)-LEN(SUBSTITUTE(D40&E40&F40&G40&H40&I40&J40&K40&L40&M40&N40&O40&P40&Q40&R40&S40&T40&U40&V40&W40&X40&Y40&Z40&AA40&AB40&AC40&AD40&AE40&AF40&AG40&AH40&AI40,"2","")) -> 0 | AQ40: =LEN(D40&E40&F40&G40&H40&I40&J40&K40&L40&M40&N40&O40&P40&Q40&R40&S40&T40&U40&V40&W40&X40&Y40&Z40&AA40&AB40&AC40&AD40&AE40&AF40&AG40&AH40&AI40)-LEN(SUBSTITUTE(D40&E40&F40&G40&H40&I40&J40&K40&L40&M40&N40&O40&P40&Q40&R40&S40&T40&U40&V40&W40&X40&Y40&Z40&AA40&AB40&AC40&AD40&AE40&AF40&AG40&AH40&AI40,"3","")) -> 0 | AR40: =SUM(AO40:AQ40) -> 0 | AT40: =COUNTIF(D40:AI40,"*m*") -> 0 | AU40: =COUNTIF(D40:AI40,"*d*") -> 0 | AV40: =COUNTIF(D40:AI40,"*b*") -> 0 | AW40: =COUNTIF(D40:AI40,"*l*") -> 0 | AX40: =COUNTIF(D40:AI40,"*o*") -> 0 | AY40: =SUM(AT40:AX40) -> 0
